{
  "type" : "FeatureCollection", 
  "features" : [
    {
      "type" : "Feature", 
      "geometry" : 
      {
        "type" : "Polygon", 
        "coordinates" : 
        [
          [
            [-84.4072832131235, 33.8445284540347], 
            [-84.4071662130929, 33.8445804537502], 
            [-84.4070312131278, 33.8446584537715], 
            [-84.4068752130888, 33.8447604540063], 
            [-84.4067262133749, 33.8448674544724], 
            [-84.4061532128888, 33.8453004538698], 
            [-84.4060472133693, 33.8453624540481], 
            [-84.4059332134778, 33.8454124545702], 
            [-84.4058112132144, 33.8454494544903], 
            [-84.4057002134606, 33.8454694545217], 
            [-84.4046662131486, 33.8455774541678], 
            [-84.4045952125532, 33.8456034544757], 
            [-84.4045412127479, 33.8456504539572], 
            [-84.4042172129982, 33.8455904547868], 
            [-84.4034262122601, 33.84549045468], 
            [-84.403032211962, 33.8454664544821], 
            [-84.4026072120254, 33.8454674545443], 
            [-84.4009212120306, 33.8454954541057], 
            [-84.4006782115456, 33.8454834544582], 
            [-84.4004412113381, 33.8454534548758], 
            [-84.3996472113582, 33.8453184549462], 
            [-84.3994432108825, 33.8452734546676], 
            [-84.3992542111026, 33.8452204549172], 
            [-84.3990482114321, 33.8451504543799], 
            [-84.3986172112081, 33.8449854548455], 
            [-84.3978192110322, 33.8446554539759], 
            [-84.3972432103714, 33.8444244540872], 
            [-84.3966332108314, 33.8442044547095], 
            [-84.3962892101506, 33.8440884547441], 
            [-84.3960532099886, 33.8440404543277], 
            [-84.395831210478, 33.844027454633], 
            [-84.3953792101888, 33.8440464546309], 
            [-84.3952782099714, 33.8435374544355], 
            [-84.3952762098747, 33.8434664538443], 
            [-84.3952872103814, 33.8433964541982], 
            [-84.395314209832, 33.8433284546441], 
            [-84.3953532098398, 33.8432664544682], 
            [-84.3957032098708, 33.8428434537438], 
            [-84.3960172100307, 33.8424344536693], 
            [-84.3960902098148, 33.8423184536884], 
            [-84.3961462097086, 33.8421914540978], 
            [-84.3962422105469, 33.8418314536036], 
            [-84.3963022097145, 33.8414724540564], 
            [-84.3963332102328, 33.8410794538345], 
            [-84.396315210274, 33.8406524538378], 
            [-84.396323209742, 33.8405794540528], 
            [-84.3963462099056, 33.8404984538966], 
            [-84.3963872100048, 33.8404104534154], 
            [-84.3964442099475, 33.8403284532116], 
            [-84.3970432107279, 33.8396544534398], 
            [-84.3971082101399, 33.8395254537563], 
            [-84.3971562105578, 33.8393224533429], 
            [-84.3971632099767, 33.8391984529938], 
            [-84.3971512103125, 33.8390744535447], 
            [-84.3970102100356, 33.8385284534354], 
            [-84.3970022105604, 33.8384674533076], 
            [-84.3970042106497, 33.8384014529478], 
            [-84.3970342102375, 33.8382944533854], 
            [-84.3972122103834, 33.8379184530463], 
            [-84.3972272101758, 33.8378384529367], 
            [-84.3972212098937, 33.8377694533375], 
            [-84.3971952104819, 33.8376964526544], 
            [-84.3971392105766, 33.8376084530762], 
            [-84.3968932099384, 33.837335453028], 
            [-84.3968332098481, 33.8372594531065], 
            [-84.3967752098495, 33.8371634531578], 
            [-84.3967342097403, 33.8370654531157], 
            [-84.3966492102742, 33.8367224525165], 
            [-84.3966162096332, 33.836553452782], 
            [-84.3965372095241, 33.8357984528802], 
            [-84.3964792095115, 33.8354414525307], 
            [-84.3964262097417, 33.8352844524537], 
            [-84.3960752095988, 33.8344824521832], 
            [-84.3957652095899, 33.8342454520066], 
            [-84.3957092096872, 33.8342074520469], 
            [-84.3954022098193, 33.8340014524071], 
            [-84.3952812095974, 33.8339464525614], 
            [-84.3951542090987, 33.8339224523536], 
            [-84.3949922096617, 33.8336714524223], 
            [-84.3949362097549, 33.8335564524925], 
            [-84.3948732095175, 33.8333344521023], 
            [-84.3947522092707, 33.8328124522048], 
            [-84.3947252089133, 33.8327424516607], 
            [-84.3946432095966, 33.8325884517238], 
            [-84.3945682088098, 33.8325054523778], 
            [-84.3941922093313, 33.8321874520484], 
            [-84.3934562084224, 33.831618451795], 
            [-84.3934102089833, 33.8315734515106], 
            [-84.3933622085512, 33.8315104521909], 
            [-84.3933262086754, 33.8314384515545], 
            [-84.3933062086427, 33.8313634516779], 
            [-84.3932822084101, 33.8310234521147], 
            [-84.3932952090039, 33.8308464520079], 
            [-84.3933452086167, 33.8306704519461], 
            [-84.3934112089737, 33.8305264515675], 
            [-84.3934832087116, 33.8304144517719], 
            [-84.3939852085946, 33.8298624513607], 
            [-84.3941722091639, 33.8295944515281], 
            [-84.3942522092719, 33.8294634517512], 
            [-84.3943422089413, 33.829269450854], 
            [-84.3944032090632, 33.8290684514322], 
            [-84.3944332086473, 33.828892451371], 
            [-84.3944412090071, 33.8286774513026], 
            [-84.3944412089743, 33.8280654508282], 
            [-84.3944322085481, 33.8279044505642], 
            [-84.3944002088513, 33.8277094505244], 
            [-84.3942672089384, 33.8270274504093], 
            [-84.3940942089569, 33.8261394506445], 
            [-84.3939912086511, 33.8257124506509], 
            [-84.3937882081909, 33.8250864504349], 
            [-84.3937582085934, 33.8250124506049], 
            [-84.3937072089181, 33.8248874502116], 
            [-84.3935902088732, 33.8246714501014], 
            [-84.3934962081003, 33.8245174501649], 
            [-84.393266208203, 33.8242144505249], 
            [-84.3931162084286, 33.8240574504514], 
            [-84.3928032082784, 33.8237804502205], 
            [-84.3927302084836, 33.8236954498825], 
            [-84.392671208439, 33.823606450258], 
            [-84.3926172077257, 33.8234914503281], 
            [-84.3924662078899, 33.8230534498267], 
            [-84.3922482076213, 33.8222114494967], 
            [-84.3922122077454, 33.8221364496207], 
            [-84.3921692075452, 33.8220724502545], 
            [-84.3919302081312, 33.8217984501598], 
            [-84.3919172075267, 33.821775449994], 
            [-84.3918822076979, 33.8217144498672], 
            [-84.3918492079604, 33.8216234501491], 
            [-84.3918332081122, 33.8215294493921], 
            [-84.3918342081535, 33.8214334494411], 
            [-84.3918522080844, 33.8213384495358], 
            [-84.3918832077199, 33.8212574493792], 
            [-84.3911632075671, 33.8209444492942], 
            [-84.3904352070422, 33.8206144493212], 
            [-84.3897992071908, 33.8203144498353], 
            [-84.389787207533, 33.8203094496041], 
            [-84.3896042071313, 33.8202404491122], 
            [-84.3895032069368, 33.8201594498599], 
            [-84.3894262069576, 33.8200974496884], 
            [-84.3893542072132, 33.8200864491814], 
            [-84.3893142071575, 33.8201204498588], 
            [-84.3891972071228, 33.8200954496042], 
            [-84.3891482066485, 33.8201104494017], 
            [-84.3891082065908, 33.8201084493105], 
            [-84.3888602067717, 33.8200694493115], 
            [-84.3884782070276, 33.8199914493094], 
            [-84.3884572069502, 33.8199504492094], 
            [-84.3885412063371, 33.8196794492416], 
            [-84.3885972071244, 33.8194414490051], 
            [-84.3886102068257, 33.8193924494324], 
            [-84.3888092070265, 33.8186364494738], 
            [-84.388995206635, 33.8180844490743], 
            [-84.3890332065944, 33.817985448983], 
            [-84.3890672063682, 33.8178864488917], 
            [-84.3891182069307, 33.8177834486146], 
            [-84.3891472064746, 33.8177254486244], 
            [-84.3891592070307, 33.817709448782], 
            [-84.3900862069015, 33.8181164487176], 
            [-84.3903802070607, 33.8182304494916], 
            [-84.3905832074908, 33.8182924487592], 
            [-84.3907902072066, 33.8183434493156], 
            [-84.3910002070611, 33.8183834493623], 
            [-84.3912132070541, 33.8184114488529], 
            [-84.3913572074417, 33.8184234494035], 
            [-84.3920272079608, 33.8185244486619], 
            [-84.3923372079601, 33.8185814494924], 
            [-84.3928122075237, 33.8186704491014], 
            [-84.3930182080926, 33.8187234488513], 
            [-84.3932282079471, 33.8187644489442], 
            [-84.3934422079865, 33.8187924493342], 
            [-84.3936572080716, 33.8188074491218], 
            [-84.3937652085865, 33.8188034489324], 
            [-84.3938712081085, 33.8187874490865], 
            [-84.3939742083901, 33.8187614487775], 
            [-84.3940722084392, 33.8187244488583], 
            [-84.3942512086461, 33.8186224486227], 
            [-84.3944202083886, 33.8185104488235], 
            [-84.3945782085193, 33.8183884485615], 
            [-84.3946792087048, 33.818299448931], 
            [-84.3950062085684, 33.8178874487171], 
            [-84.3951502089457, 33.8177054483737], 
            [-84.3958942083399, 33.8166414485147], 
            [-84.3959402086715, 33.8165594483113], 
            [-84.3959932084287, 33.8164814482929], 
            [-84.396053208511, 33.8164064484133], 
            [-84.3961202089184, 33.8163354487188], 
            [-84.3961922086586, 33.81626844831], 
            [-84.3962702086775, 33.8162064481327], 
            [-84.3963292087152, 33.8161654480296], 
            [-84.3964162091565, 33.816192448378], 
            [-84.3964802085272, 33.8161574485527], 
            [-84.3965772085297, 33.8161184485409], 
            [-84.3966822089043, 33.8160954483708], 
            [-84.3968922087545, 33.8160564483547], 
            [-84.397174209248, 33.8160184483824], 
            [-84.3977422095229, 33.8159764482141], 
            [-84.3979572096082, 33.8159934480944], 
            [-84.3982832094485, 33.8160124480632], 
            [-84.3984952093942, 33.8160244486112], 
            [-84.3986032099092, 33.8160234485608], 
            [-84.3987112095244, 33.8160154481862], 
            [-84.3988182090931, 33.8160014484329], 
            [-84.3989232094677, 33.8159804483555], 
            [-84.3990262097493, 33.815953448], 
            [-84.3991252098448, 33.8159184481735], 
            [-84.3992272100797, 33.8158874485322], 
            [-84.3994342097903, 33.815838448053], 
            [-84.3995402093121, 33.8158204481144], 
            [-84.3996472097801, 33.8158074484075], 
            [-84.399754209349, 33.8157994480329], 
            [-84.3998032098241, 33.8157984479847], 
            [-84.3998622098639, 33.8157964478899], 
            [-84.4003462098412, 33.8158114485668], 
            [-84.4004532103104, 33.8158224481731], 
            [-84.4006642102111, 33.8158584480345], 
            [-84.4007682096425, 33.8158834482895], 
            [-84.4009712100726, 33.8159454484563], 
            [-84.401165210086, 33.8160244485119], 
            [-84.4012552106677, 33.8160734480807], 
            [-84.4013392100721, 33.8161304480203], 
            [-84.401415210005, 33.8161944482846], 
            [-84.4015192103406, 33.8163114483053], 
            [-84.4017372105799, 33.8166054484281], 
            [-84.4020172101076, 33.8170624480062], 
            [-84.4023222107954, 33.8175204485291], 
            [-84.4026732109268, 33.8181054486389], 
            [-84.4027172111743, 33.8181874488389], 
            [-84.4027562111899, 33.8182714482325], 
            [-84.4028172104325, 33.8184444490506], 
            [-84.4028392105588, 33.8185324486301], 
            [-84.4028552104068, 33.8186244483952], 
            [-84.4028772105331, 33.818712448874], 
            [-84.4029052109377, 33.8187994484069], 
            [-84.4029402107678, 33.8188854487927], 
            [-84.4029802108298, 33.8189684490392], 
            [-84.4030262111701, 33.8190504483398], 
            [-84.4030782108894, 33.8191294484006], 
            [-84.403180211133, 33.8192604490699], 
            [-84.4035502112377, 33.8196784486366], 
            [-84.4036932115854, 33.8198124485441], 
            [-84.4038522108764, 33.8199354488407], 
            [-84.4040232116227, 33.8200444484882], 
            [-84.4042062111265, 33.8201404493318], 
            [-84.4043022110869, 33.8201814485297], 
            [-84.4044022112326, 33.8202164492482], 
            [-84.4045042114707, 33.8202444487429], 
            [-84.4046092118477, 33.820266448859], 
            [-84.4047152113715, 33.8202834487433], 
            [-84.404930211457, 33.8203044488088], 
            [-84.4051072115768, 33.8203084489876], 
            [-84.4058552121145, 33.8203394485973], 
            [-84.4064492118014, 33.8203754493437], 
            [-84.4069732118376, 33.8204144493324], 
            [-84.4070352120169, 33.820418448616], 
            [-84.4076162119979, 33.8204164485018], 
            [-84.4076132118701, 33.8206314485701], 
            [-84.4076122127287, 33.820736448938], 
            [-84.4075672126084, 33.8239034499733], 
            [-84.4075642124827, 33.8241554499571], 
            [-84.4075592122677, 33.8244744494477], 
            [-84.4075362121863, 33.8260944498578], 
            [-84.4075022125332, 33.828449451045], 
            [-84.4074992124082, 33.8287154507781], 
            [-84.4074792124411, 33.8298694511824], 
            [-84.407463212694, 33.8316654516521], 
            [-84.4074422126765, 33.8327424511871], 
            [-84.4074202126744, 33.8349764521639], 
            [-84.4074082130974, 33.8364804525953], 
            [-84.4074202127672, 33.8367104524586], 
            [-84.4074492132255, 33.83693245285], 
            [-84.4075182128469, 33.8372464521062], 
            [-84.4076312136126, 33.837594452936], 
            [-84.4076502135972, 33.8376374522295], 
            [-84.4078062136605, 33.8379884522973], 
            [-84.4079642129136, 33.8382734529046], 
            [-84.4080472131805, 33.8385074529506], 
            [-84.4081112134643, 33.8387304524877], 
            [-84.4081582138577, 33.8389384531291], 
            [-84.408198213029, 33.8391814526944], 
            [-84.4082252133973, 33.8394574528896], 
            [-84.4083032134892, 33.8407594529523], 
            [-84.4083002133554, 33.8408594530887], 
            [-84.4082822134246, 33.8409554530404], 
            [-84.408253213882, 33.8410394533358], 
            [-84.4082122137824, 33.8411204534926], 
            [-84.4081602131721, 33.8411974534646], 
            [-84.4080472133307, 33.8413144534934], 
            [-84.4076732130779, 33.8415994532212], 
            [-84.4075682136065, 33.8416954531761], 
            [-84.4074992131071, 33.841779453473], 
            [-84.4074502135354, 33.8418564534449], 
            [-84.4073822130867, 33.8420204538507], 
            [-84.4073562136873, 33.8421784539771], 
            [-84.4072832131235, 33.8445284540347]
          ]
        ]
      }, 
      "properties" : null
    }, 
    {
      "type" : "Feature", 
      "geometry" : 
      {
        "type" : "Polygon", 
        "coordinates" : 
        [
          [
            [-84.3731892026778, 33.8210164506008], 
            [-84.3729282022552, 33.8209734504169], 
            [-84.3728172024997, 33.8209624499115], 
            [-84.3726742021591, 33.8209604507234], 
            [-84.3726902019819, 33.8205794501587], 
            [-84.3726732020244, 33.819308449731], 
            [-84.3726672017235, 33.8188864499655], 
            [-84.3727152021317, 33.8185014501135], 
            [-84.3727802024302, 33.8181304500101], 
            [-84.3728952023475, 33.8176954496378], 
            [-84.3729492021453, 33.8175064498728], 
            [-84.373070202348, 33.8172014492278], 
            [-84.3731792019973, 33.8169614497959], 
            [-84.3732562019652, 33.8168134492316], 
            [-84.3733592022393, 33.8166454495384], 
            [-84.3735572024185, 33.8163534494928], 
            [-84.3738302024757, 33.8159674495861], 
            [-84.3739232022872, 33.8158274493918], 
            [-84.3741792024772, 33.8158594490662], 
            [-84.3743392027081, 33.8158744488559], 
            [-84.3747112028862, 33.8159284495451], 
            [-84.3749512023329, 33.8159454494245], 
            [-84.375442202634, 33.8159404491745], 
            [-84.3756462031062, 33.8159214491861], 
            [-84.375790202592, 33.8158854493115], 
            [-84.3759902028773, 33.8158434491569], 
            [-84.3764342027888, 33.8157024489033], 
            [-84.3767472029181, 33.8155894490524], 
            [-84.377178203124, 33.8154174491616], 
            [-84.3778742030288, 33.8151004488386], 
            [-84.3782332034923, 33.8149554484027], 
            [-84.3783752037834, 33.8148984484547], 
            [-84.3788292032584, 33.8147344489337], 
            [-84.3789342036321, 33.814693448829], 
            [-84.3797242043024, 33.8143924483444], 
            [-84.3799422036233, 33.8143294490148], 
            [-84.3800462039515, 33.8143064488447], 
            [-84.3802522045146, 33.8142514489869], 
            [-84.3804542039923, 33.8141884487587], 
            [-84.3805472038088, 33.8141424484227], 
            [-84.3807412038138, 33.8140634483528], 
            [-84.3811422044283, 33.813929448425], 
            [-84.3813502041852, 33.8138814488915], 
            [-84.3814562046067, 33.813867448239], 
            [-84.3815612040821, 33.8138464481614], 
            [-84.3816642043635, 33.813818448659], 
            [-84.3817642045055, 33.8137844479795], 
            [-84.3818592044151, 33.8137414486817], 
            [-84.38205320442, 33.8136614485655], 
            [-84.3822892045747, 33.8135724480307], 
            [-84.3823792042523, 33.8135324479728], 
            [-84.3824592043662, 33.8135104487493], 
            [-84.3825152042666, 33.8135044484692], 
            [-84.3825842047706, 33.8135054485129], 
            [-84.3826582046079, 33.8135184482132], 
            [-84.3828672044177, 33.8135914479901], 
            [-84.3829702047021, 33.8136174482916], 
            [-84.3830762051253, 33.8136374483148], 
            [-84.3831832046949, 33.8136414484962], 
            [-84.383290205163, 33.8136304479826], 
            [-84.3833962046849, 33.8136114479977], 
            [-84.3834992049665, 33.813585448588], 
            [-84.3841632051899, 33.8133604480318], 
            [-84.3843672047606, 33.8133004479425], 
            [-84.3846772056518, 33.8132214478682], 
            [-84.3848882055485, 33.8131854479911], 
            [-84.385533205799, 33.813136448395], 
            [-84.3856392053209, 33.8131184484564], 
            [-84.385741205556, 33.8130894480084], 
            [-84.3859282052356, 33.8129994483285], 
            [-84.3860952057857, 33.8129094477499], 
            [-84.386503205817, 33.8126144475575], 
            [-84.386595205587, 33.8125664480283], 
            [-84.386695205729, 33.812532448248], 
            [-84.3868012061504, 33.8125164484021], 
            [-84.3869082057192, 33.8125064479349], 
            [-84.3870162062339, 33.8125014476992], 
            [-84.3872322063649, 33.8125054478764], 
            [-84.3873382058887, 33.8125224477608], 
            [-84.3874402061269, 33.8125514482012], 
            [-84.3875362060872, 33.8125924482985], 
            [-84.3876062057418, 33.8126594478026], 
            [-84.3877192065074, 33.8130074477331], 
            [-84.3877412057344, 33.813095448212], 
            [-84.3877842059368, 33.813200447679], 
            [-84.3880042062737, 33.8135864484667], 
            [-84.3880672065031, 33.8136594482491], 
            [-84.3881362061114, 33.8137284478459], 
            [-84.3882122060442, 33.8137924481102], 
            [-84.3882942062552, 33.8138514481426], 
            [-84.3883822067443, 33.8139034478505], 
            [-84.388473206473, 33.8139514482722], 
            [-84.3886632063012, 33.8140374486522], 
            [-84.3888322069521, 33.8140974478284], 
            [-84.3890262069655, 33.8141764478838], 
            [-84.3893102066614, 33.8143074485464], 
            [-84.3895842067933, 33.8144504479667], 
            [-84.3897902064647, 33.8145384484388], 
            [-84.3900542070323, 33.8146904482763], 
            [-84.3901432066705, 33.8147814479923], 
            [-84.3901602065623, 33.8148244481852], 
            [-84.3901642067507, 33.8148744487029], 
            [-84.390157207328, 33.8149284485069], 
            [-84.3901112070009, 33.815093448059], 
            [-84.3900592072901, 33.8151724481236], 
            [-84.3899462065512, 33.8153264480679], 
            [-84.3898222071002, 33.8154734485877], 
            [-84.3896852070455, 33.8156124487373], 
            [-84.389610207166, 33.8156774481542], 
            [-84.3892942069046, 33.815923448771], 
            [-84.389143207099, 33.8160524484578], 
            [-84.3890042069515, 33.8161904485611], 
            [-84.3888062067683, 33.816409448822], 
            [-84.3886352069353, 33.8165634487685], 
            [-84.3885682065281, 33.816634448463], 
            [-84.388511206585, 33.8167104483888], 
            [-84.3884632061606, 33.816791448546], 
            [-84.3884252062005, 33.8168764488881], 
            [-84.3883982067508, 33.8169634484231], 
            [-84.3883842070053, 33.8170524489496], 
            [-84.3883802068244, 33.8171424486227], 
            [-84.3883942065796, 33.8172314491482], 
            [-84.3884272063168, 33.8173174486346], 
            [-84.3884762067963, 33.8173974487419], 
            [-84.388540207072, 33.8174704485242], 
            [-84.3886182070976, 33.8175324486958], 
            [-84.3887152071052, 33.8175884485886], 
            [-84.3890162066915, 33.8177354490925], 
            [-84.3890592068845, 33.8176654485459], 
            [-84.3891592070307, 33.817709448782], 
            [-84.3891472064746, 33.8177254486244], 
            [-84.3891182069307, 33.8177834486146], 
            [-84.3890672063682, 33.8178864488917], 
            [-84.3890332065944, 33.817985448983], 
            [-84.388995206635, 33.8180844490743], 
            [-84.3888092070265, 33.8186364494738], 
            [-84.3886102068257, 33.8193924494324], 
            [-84.3885972071244, 33.8194414490051], 
            [-84.3885412063371, 33.8196794492416], 
            [-84.3884572069502, 33.8199504492094], 
            [-84.3883622070372, 33.8199264498997], 
            [-84.3883182068028, 33.820089449359], 
            [-84.3879182062966, 33.8213814498757], 
            [-84.3876012069257, 33.8223304497869], 
            [-84.3875582067358, 33.822459450369], 
            [-84.387446206954, 33.8228244501961], 
            [-84.3874282070225, 33.8229084504912], 
            [-84.3874122062856, 33.8230124499141], 
            [-84.3873952064047, 33.8231744502254], 
            [-84.3873922063255, 33.8242974500923], 
            [-84.3873942064363, 33.8246344504166], 
            [-84.3873962065539, 33.8250994503757], 
            [-84.3873952065872, 33.8265894510575], 
            [-84.3873862071218, 33.8275804511043], 
            [-84.3873932065586, 33.8277904509407], 
            [-84.3873922065582, 33.8286524513061], 
            [-84.3871702070489, 33.8286624517776], 
            [-84.3837102056711, 33.8286714514241], 
            [-84.3835922055913, 33.8286714514285], 
            [-84.3807152051862, 33.8286704514893], 
            [-84.3784542045871, 33.8286584519168], 
            [-84.3784542045545, 33.8280494515815], 
            [-84.3784532044486, 33.826934451186], 
            [-84.378452204269, 33.8244434508938], 
            [-84.3784512041352, 33.8228064505963], 
            [-84.378119204017, 33.8227974501917], 
            [-84.3779652040642, 33.8227764501238], 
            [-84.3777992035529, 33.8227234503725], 
            [-84.3775812033235, 33.8226144507267], 
            [-84.376628203141, 33.8221254505904], 
            [-84.3757792032908, 33.8216904502539], 
            [-84.3756712027733, 33.8216444499254], 
            [-84.3752922031635, 33.8214754502038], 
            [-84.3751402033017, 33.8214204503594], 
            [-84.3749842032549, 33.821375450079], 
            [-84.3743262023908, 33.8212284504877], 
            [-84.3739482028319, 33.8211444502074], 
            [-84.3731892026778, 33.8210164506008]
          ]
        ]
      }, 
      "properties" : null
    }, 
    {
      "type" : "Feature", 
      "geometry" : 
      {
        "type" : "Polygon", 
        "coordinates" : 
        [
          [
            [-84.3846172070869, 33.8416884546062], 
            [-84.3839882066521, 33.8412244538175], 
            [-84.3838212060906, 33.8411004543742], 
            [-84.3836772065979, 33.8410054544749], 
            [-84.3835272068272, 33.8409184540471], 
            [-84.3833702067321, 33.8408394539903], 
            [-84.383207206359, 33.8407694543506], 
            [-84.3825692064184, 33.840537454418], 
            [-84.3822472058583, 33.8404054537105], 
            [-84.3819262062429, 33.8402524538287], 
            [-84.3810952054294, 33.8398204536307], 
            [-84.3808662055892, 33.8397154541706], 
            [-84.3806402058888, 33.8396234544133], 
            [-84.3805252059456, 33.8395754539925], 
            [-84.3802092056659, 33.8394794540533], 
            [-84.3799292052611, 33.8394384539628], 
            [-84.3800592049912, 33.8393044540452], 
            [-84.3807372058339, 33.8385114541533], 
            [-84.3808562059517, 33.8383554541161], 
            [-84.3809662056525, 33.838211453736], 
            [-84.3814602060322, 33.8370734531559], 
            [-84.3813392058141, 33.837087453809], 
            [-84.3823752061061, 33.8348694526362], 
            [-84.3826822059319, 33.8342884526874], 
            [-84.3828552058499, 33.8339874531251], 
            [-84.3829412062359, 33.8338484529774], 
            [-84.3830452056594, 33.8337244526246], 
            [-84.3831742062433, 33.8336064525489], 
            [-84.3836602062877, 33.833139452479], 
            [-84.3838722062222, 33.8329404522448], 
            [-84.3842232063046, 33.8326114522781], 
            [-84.3853432060592, 33.8315384519881], 
            [-84.3858002065574, 33.8310874517611], 
            [-84.3864342071664, 33.8304714519772], 
            [-84.3870572072646, 33.8298494519157], 
            [-84.3873302073263, 33.8295464513577], 
            [-84.3873632070556, 33.8294834511357], 
            [-84.3873792068932, 33.8293794517128], 
            [-84.3873812069795, 33.8292574514566], 
            [-84.3873942066834, 33.8292574514561], 
            [-84.3875032072425, 33.8292144512585], 
            [-84.3874982069802, 33.8286474510705], 
            [-84.3873922065582, 33.8286524513061], 
            [-84.3873932065586, 33.8277904509407], 
            [-84.3873862071218, 33.8275804511043], 
            [-84.3873952065872, 33.8265894510575], 
            [-84.3873962065539, 33.8250994503757], 
            [-84.3873942064363, 33.8246344504166], 
            [-84.3873922063255, 33.8242974500923], 
            [-84.3873952064047, 33.8231744502254], 
            [-84.3874122062856, 33.8230124499141], 
            [-84.3874282070225, 33.8229084504912], 
            [-84.387446206954, 33.8228244501961], 
            [-84.3875582067358, 33.822459450369], 
            [-84.3876012069257, 33.8223304497869], 
            [-84.3879182062966, 33.8213814498757], 
            [-84.3883182068028, 33.820089449359], 
            [-84.3883622070372, 33.8199264498997], 
            [-84.3884572069502, 33.8199504492094], 
            [-84.3884782070276, 33.8199914493094], 
            [-84.3888602067717, 33.8200694493115], 
            [-84.3891082065908, 33.8201084493105], 
            [-84.3891482066485, 33.8201104494017], 
            [-84.3891972071228, 33.8200954496042], 
            [-84.3893142071575, 33.8201204498588], 
            [-84.3893542072132, 33.8200864491814], 
            [-84.3894262069576, 33.8200974496884], 
            [-84.3895032069368, 33.8201594498599], 
            [-84.3896042071313, 33.8202404491122], 
            [-84.389787207533, 33.8203094496041], 
            [-84.3897992071908, 33.8203144498353], 
            [-84.3904352070422, 33.8206144493212], 
            [-84.3911632075671, 33.8209444492942], 
            [-84.3918832077199, 33.8212574493792], 
            [-84.3918522080844, 33.8213384495358], 
            [-84.3918342081535, 33.8214334494411], 
            [-84.3918332081122, 33.8215294493921], 
            [-84.3918492079604, 33.8216234501491], 
            [-84.3918822076979, 33.8217144498672], 
            [-84.3919172075267, 33.821775449994], 
            [-84.3919302081312, 33.8217984501598], 
            [-84.3921692075452, 33.8220724502545], 
            [-84.3922122077454, 33.8221364496207], 
            [-84.3922482076213, 33.8222114494967], 
            [-84.3924662078899, 33.8230534498267], 
            [-84.3926172077257, 33.8234914503281], 
            [-84.392671208439, 33.823606450258], 
            [-84.3927302084836, 33.8236954498825], 
            [-84.3928032082784, 33.8237804502205], 
            [-84.3931162084286, 33.8240574504514], 
            [-84.393266208203, 33.8242144505249], 
            [-84.3934962081003, 33.8245174501649], 
            [-84.3935902088732, 33.8246714501014], 
            [-84.3937072089181, 33.8248874502116], 
            [-84.3937582085934, 33.8250124506049], 
            [-84.3937882081909, 33.8250864504349], 
            [-84.3939912086511, 33.8257124506509], 
            [-84.3940942089569, 33.8261394506445], 
            [-84.3942672089384, 33.8270274504093], 
            [-84.3944002088513, 33.8277094505244], 
            [-84.3944322085481, 33.8279044505642], 
            [-84.3944412089743, 33.8280654508282], 
            [-84.3944412090071, 33.8286774513026], 
            [-84.3944332086473, 33.828892451371], 
            [-84.3944032090632, 33.8290684514322], 
            [-84.3943422089413, 33.829269450854], 
            [-84.3942522092719, 33.8294634517512], 
            [-84.3941722091639, 33.8295944515281], 
            [-84.3939852085946, 33.8298624513607], 
            [-84.3934832087116, 33.8304144517719], 
            [-84.3934112089737, 33.8305264515675], 
            [-84.3933452086167, 33.8306704519461], 
            [-84.3932952090039, 33.8308464520079], 
            [-84.3932822084101, 33.8310234521147], 
            [-84.3933062086427, 33.8313634516779], 
            [-84.3933262086754, 33.8314384515545], 
            [-84.3933622085512, 33.8315104521909], 
            [-84.3934102089833, 33.8315734515106], 
            [-84.3934562084224, 33.831618451795], 
            [-84.3941922093313, 33.8321874520484], 
            [-84.3945682088098, 33.8325054523778], 
            [-84.3946432095966, 33.8325884517238], 
            [-84.3947252089133, 33.8327424516607], 
            [-84.3947522092707, 33.8328124522048], 
            [-84.3948732095175, 33.8333344521023], 
            [-84.3949362097549, 33.8335564524925], 
            [-84.3949922096617, 33.8336714524223], 
            [-84.3951542090987, 33.8339224523536], 
            [-84.3952812095974, 33.8339464525614], 
            [-84.3954022098193, 33.8340014524071], 
            [-84.3957092096872, 33.8342074520469], 
            [-84.3957652095899, 33.8342454520066], 
            [-84.3960752095988, 33.8344824521832], 
            [-84.3964262097417, 33.8352844524537], 
            [-84.3964792095115, 33.8354414525307], 
            [-84.3965372095241, 33.8357984528802], 
            [-84.3966162096332, 33.836553452782], 
            [-84.3966492102742, 33.8367224525165], 
            [-84.3967342097403, 33.8370654531157], 
            [-84.3967752098495, 33.8371634531578], 
            [-84.3968332098481, 33.8372594531065], 
            [-84.3968932099384, 33.837335453028], 
            [-84.3971392105766, 33.8376084530762], 
            [-84.3971952104819, 33.8376964526544], 
            [-84.3972212098937, 33.8377694533375], 
            [-84.3972272101758, 33.8378384529367], 
            [-84.3972122103834, 33.8379184530463], 
            [-84.3970342102375, 33.8382944533854], 
            [-84.3970042106497, 33.8384014529478], 
            [-84.3970022105604, 33.8384674533076], 
            [-84.3970102100356, 33.8385284534354], 
            [-84.3971512103125, 33.8390744535447], 
            [-84.3971632099767, 33.8391984529938], 
            [-84.3971562105578, 33.8393224533429], 
            [-84.3971082101399, 33.8395254537563], 
            [-84.3970432107279, 33.8396544534398], 
            [-84.3964442099475, 33.8403284532116], 
            [-84.3963872100048, 33.8404104534154], 
            [-84.3963462099056, 33.8404984538966], 
            [-84.396323209742, 33.8405794540528], 
            [-84.396315210274, 33.8406524538378], 
            [-84.3963332102328, 33.8410794538345], 
            [-84.3963022097145, 33.8414724540564], 
            [-84.3962422105469, 33.8418314536036], 
            [-84.3961462097086, 33.8421914540978], 
            [-84.3960902098148, 33.8423184536884], 
            [-84.3960172100307, 33.8424344536693], 
            [-84.3957032098708, 33.8428434537438], 
            [-84.3953532098398, 33.8432664544682], 
            [-84.395314209832, 33.8433284546441], 
            [-84.3952872103814, 33.8433964541982], 
            [-84.3952762098747, 33.8434664538443], 
            [-84.3952782099714, 33.8435374544355], 
            [-84.3953792101888, 33.8440464546309], 
            [-84.3938052099973, 33.8441134541962], 
            [-84.3929572093196, 33.8441534542823], 
            [-84.3925382096636, 33.8441954544451], 
            [-84.3917472089371, 33.8443124544992], 
            [-84.3915502087898, 33.8443334545801], 
            [-84.3913622090594, 33.8443404549114], 
            [-84.3909522089189, 33.8443304544634], 
            [-84.3906372086897, 33.8443104544479], 
            [-84.3901672084612, 33.8442684543182], 
            [-84.3895992081802, 33.8441974546473], 
            [-84.3892932083676, 33.8441584546505], 
            [-84.3886302081733, 33.844058454539], 
            [-84.3883712078424, 33.8439964543742], 
            [-84.3880402077651, 33.8438844545936], 
            [-84.3878302079083, 33.8438004543071], 
            [-84.3875772078526, 33.843676454867], 
            [-84.3873382075478, 33.8435634541373], 
            [-84.3871832075451, 33.8434754545628], 
            [-84.3862382077264, 33.8428494543744], 
            [-84.3857602071118, 33.8425294548555], 
            [-84.3853112069441, 33.8422174548067], 
            [-84.3849672071554, 33.8419664539828], 
            [-84.3848462069317, 33.841878454407], 
            [-84.3847332070785, 33.8417754541359], 
            [-84.3846172070869, 33.8416884546062]
          ]
        ]
      }, 
      "properties" : null
    }, 
    {
      "type" : "Feature", 
      "geometry" : 
      {
        "type" : "Polygon", 
        "coordinates" : 
        [
          [
            [-84.3806402058888, 33.8396234544133], 
            [-84.3808662055892, 33.8397154541706], 
            [-84.3810952054294, 33.8398204536307], 
            [-84.3819262062429, 33.8402524538287], 
            [-84.3822472058583, 33.8404054537105], 
            [-84.3825692064184, 33.840537454418], 
            [-84.383207206359, 33.8407694543506], 
            [-84.3833702067321, 33.8408394539903], 
            [-84.3835272068272, 33.8409184540471], 
            [-84.3836772065979, 33.8410054544749], 
            [-84.3838212060906, 33.8411004543742], 
            [-84.3839882066521, 33.8412244538175], 
            [-84.3846172070869, 33.8416884546062], 
            [-84.3847332070785, 33.8417754541359], 
            [-84.3848462069317, 33.841878454407], 
            [-84.3849672071554, 33.8419664539828], 
            [-84.3853112069441, 33.8422174548067], 
            [-84.3857602071118, 33.8425294548555], 
            [-84.3862382077264, 33.8428494543744], 
            [-84.3871832075451, 33.8434754545628], 
            [-84.3873382075478, 33.8435634541373], 
            [-84.3875772078526, 33.843676454867], 
            [-84.3878302079083, 33.8438004543071], 
            [-84.3880402077651, 33.8438844545936], 
            [-84.3883712078424, 33.8439964543742], 
            [-84.3886302081733, 33.844058454539], 
            [-84.3892932083676, 33.8441584546505], 
            [-84.3895992081802, 33.8441974546473], 
            [-84.3901672084612, 33.8442684543182], 
            [-84.3906372086897, 33.8443104544479], 
            [-84.3909522089189, 33.8443304544634], 
            [-84.3913622090594, 33.8443404549114], 
            [-84.3915502087898, 33.8443334545801], 
            [-84.3917472089371, 33.8443124544992], 
            [-84.3925382096636, 33.8441954544451], 
            [-84.3929572093196, 33.8441534542823], 
            [-84.3938052099973, 33.8441134541962], 
            [-84.3953792101888, 33.8440464546309], 
            [-84.3954162101183, 33.8442574545124], 
            [-84.39545421009, 33.8443874542384], 
            [-84.3955052097651, 33.8445084544464], 
            [-84.3956082100585, 33.8447004543444], 
            [-84.3956582105873, 33.844836454348], 
            [-84.3956882101892, 33.844993454426], 
            [-84.3956862101058, 33.8451704545324], 
            [-84.3956682101755, 33.8452754549009], 
            [-84.3955412106063, 33.8458154547423], 
            [-84.3954942102313, 33.8459514547495], 
            [-84.3954402104288, 33.8460514548878], 
            [-84.3953702098836, 33.8461484548877], 
            [-84.3951412100611, 33.8463764546674], 
            [-84.3947232095713, 33.8467744551354], 
            [-84.3946402102196, 33.8468354552666], 
            [-84.394547209504, 33.8468854548885], 
            [-84.3944462102151, 33.8469224548078], 
            [-84.3943392097477, 33.846945454978], 
            [-84.3937632100014, 33.846998454757], 
            [-84.3935852098373, 33.8470334554858], 
            [-84.3934062096284, 33.8471004549992], 
            [-84.3929792096109, 33.8473244555002], 
            [-84.3927762091906, 33.8474464548647], 
            [-84.392344208944, 33.8477244551697], 
            [-84.3921812094784, 33.8478074554238], 
            [-84.3920372090943, 33.8478584550939], 
            [-84.3916762094345, 33.847953455012], 
            [-84.3912412090391, 33.8480524551182], 
            [-84.3902622085887, 33.8482974557134], 
            [-84.3898102083053, 33.8484274554577], 
            [-84.3892592088261, 33.8485974552603], 
            [-84.3889372082785, 33.8486984554549], 
            [-84.3888232083863, 33.8487344553283], 
            [-84.3882742081006, 33.8489064561227], 
            [-84.3880302084733, 33.8489834561019], 
            [-84.3876582083052, 33.8491164559822], 
            [-84.387542208321, 33.8491674556513], 
            [-84.3874302076236, 33.8492274557373], 
            [-84.3872362076216, 33.8493614556574], 
            [-84.3870972083728, 33.849490456243], 
            [-84.3869902079112, 33.8496204559745], 
            [-84.3869022083317, 33.8497604561685], 
            [-84.3868362079747, 33.8499034556015], 
            [-84.3866922076061, 33.8502474562555], 
            [-84.3866382078035, 33.8503454563011], 
            [-84.386577207675, 33.8504234563198], 
            [-84.3862352080125, 33.8507964565261], 
            [-84.3860442081531, 33.8509924566204], 
            [-84.385917207664, 33.8511494567042], 
            [-84.385400207993, 33.851862456481], 
            [-84.3851632078041, 33.852179456787], 
            [-84.3850612075728, 33.8522804569734], 
            [-84.3849542071085, 33.8523614562334], 
            [-84.3848302076535, 33.8524344569221], 
            [-84.3847072073446, 33.8524884567304], 
            [-84.3842292076546, 33.8526394565493], 
            [-84.3839222069044, 33.8527514563537], 
            [-84.3837552072528, 33.8528274562836], 
            [-84.3836082067312, 33.8529124566298], 
            [-84.3833182067745, 33.8531114568668], 
            [-84.3831632067807, 33.8531914569815], 
            [-84.383052207028, 33.8532334571329], 
            [-84.3829372070892, 33.853265456821], 
            [-84.3828182069642, 33.8532874569454], 
            [-84.3826972067459, 33.8532994566065], 
            [-84.3826782067683, 33.8533884571332], 
            [-84.3826762066925, 33.8537064565774], 
            [-84.3826732065791, 33.8541884573243], 
            [-84.382539206656, 33.854184457144], 
            [-84.3824862068936, 33.8541674572576], 
            [-84.3824412066026, 33.8541394568614], 
            [-84.3820452070923, 33.8537654566363], 
            [-84.3815802061751, 33.8533244569071], 
            [-84.381317206548, 33.8530754570721], 
            [-84.381148206791, 33.8529154568604], 
            [-84.38075820666, 33.8525444567741], 
            [-84.3804092057357, 33.852214456787], 
            [-84.3800082059931, 33.8518344562841], 
            [-84.3793662058466, 33.8512254568721], 
            [-84.3793052057108, 33.8511684569315], 
            [-84.3789922055596, 33.8508714566733], 
            [-84.3787032056255, 33.8506274561717], 
            [-84.3783882053854, 33.8504034565977], 
            [-84.3781382054673, 33.8502504567132], 
            [-84.3778772050396, 33.8501104565322], 
            [-84.3762672049314, 33.8493414560388], 
            [-84.3755662047615, 33.8490404565091], 
            [-84.3742002042981, 33.848519455805], 
            [-84.3741112037628, 33.8484714562826], 
            [-84.3739322044445, 33.8483754563382], 
            [-84.3737602036509, 33.8482494559031], 
            [-84.3736302039064, 33.8481164560415], 
            [-84.3735262035691, 33.8479674563369], 
            [-84.3732422038509, 33.8474224562792], 
            [-84.372587203959, 33.8460364559437], 
            [-84.3724942032301, 33.8458404558599], 
            [-84.3722802031689, 33.8454054554999], 
            [-84.3720912033725, 33.8450444558693], 
            [-84.3713962034295, 33.8437804548921], 
            [-84.3719752032988, 33.8434234554182], 
            [-84.3725752032422, 33.8430464550169], 
            [-84.374253203706, 33.8419114545318], 
            [-84.3747242039619, 33.8415994544487], 
            [-84.375290204129, 33.8412744546592], 
            [-84.3758352042239, 33.8410064548133], 
            [-84.3765532042499, 33.8406844542578], 
            [-84.376809204432, 33.8405684542701], 
            [-84.3770012043449, 33.8405034539495], 
            [-84.3772302041763, 33.8404404546196], 
            [-84.3774782048898, 33.8403874539535], 
            [-84.3777502049207, 33.8403774543794], 
            [-84.3781862044685, 33.8403764543168], 
            [-84.3783712049575, 33.8403434545798], 
            [-84.3785432048423, 33.8402884538239], 
            [-84.3786642050591, 33.8402494538112], 
            [-84.3787432051309, 33.8403084538437], 
            [-84.3792072050925, 33.8405664540881], 
            [-84.3793432051112, 33.8406204538868], 
            [-84.3797702050899, 33.8396714539715], 
            [-84.3797762053662, 33.8396324539632], 
            [-84.3797692050393, 33.8395934539552], 
            [-84.3797562053336, 33.8395604542255], 
            [-84.3799292052611, 33.8394384539628], 
            [-84.3802092056659, 33.8394794540533], 
            [-84.3805252059456, 33.8395754539925], 
            [-84.3806402058888, 33.8396234544133]
          ]
        ]
      }, 
      "properties" : null
    }, 
    {
      "type" : "Feature", 
      "geometry" : 
      {
        "type" : "Polygon", 
        "coordinates" : 
        [
          [
            [-84.4072502136493, 33.8493554546334], 
            [-84.4072482135657, 33.8495274554074], 
            [-84.4072312137328, 33.8505854549612], 
            [-84.4072192141507, 33.8519934554415], 
            [-84.4072042134834, 33.8525304560389], 
            [-84.4071912137845, 33.8526244558977], 
            [-84.407161214196, 33.8527184557571], 
            [-84.4071142138186, 33.8528094554782], 
            [-84.4070342137097, 33.852923456266], 
            [-84.4069462141276, 33.853015456035], 
            [-84.4058262134607, 33.8538424557198], 
            [-84.4056962137297, 33.8539594557492], 
            [-84.4056372136937, 33.8540334564818], 
            [-84.4056102133419, 33.854066456213], 
            [-84.405550213261, 33.8541674563978], 
            [-84.4054992135989, 33.8542894557566], 
            [-84.4054722132512, 33.8543994563571], 
            [-84.4054622136917, 33.8544964563548], 
            [-84.4054062138554, 33.8556964561935], 
            [-84.4053712131419, 33.8559094561703], 
            [-84.4053062137341, 33.8561174568159], 
            [-84.4052012133702, 33.8563394563129], 
            [-84.4050802131613, 33.8565274569333], 
            [-84.4049782138308, 33.8566544565256], 
            [-84.4046062136777, 33.8570664567413], 
            [-84.4044262134317, 33.8573074571214], 
            [-84.4043282133895, 33.857471456629], 
            [-84.4039012134026, 33.8582664575034], 
            [-84.40360021296, 33.8589234573757], 
            [-84.403454213401, 33.859323457027], 
            [-84.4034302131933, 33.8594474573767], 
            [-84.403423212875, 33.8595694576331], 
            [-84.4034442129645, 33.859837457458], 
            [-84.4034602128131, 33.8599384576399], 
            [-84.4035622130744, 33.86039945741], 
            [-84.4036752129411, 33.860752457572], 
            [-84.4044392134187, 33.8625894581133], 
            [-84.4047322135629, 33.8632904582032], 
            [-84.4047582138734, 33.8633524583767], 
            [-84.4047822140909, 33.8634104583649], 
            [-84.4052602138503, 33.8645544582871], 
            [-84.40533321365, 33.8647314583907], 
            [-84.406119214256, 33.8666934584269], 
            [-84.4062532141948, 33.8669894586454], 
            [-84.4064012147833, 33.867287458956], 
            [-84.4069112142214, 33.8682884594466], 
            [-84.406953214377, 33.8683864594886], 
            [-84.4069562145175, 33.8684104588017], 
            [-84.4069682150753, 33.868428458736], 
            [-84.407001214814, 33.8685404594269], 
            [-84.4070302143707, 33.8687194596248], 
            [-84.407077214791, 33.8694274591489], 
            [-84.407079214885, 33.8694494592687], 
            [-84.4070982148741, 33.8695744596631], 
            [-84.4071322146598, 33.8696974590651], 
            [-84.4071812151413, 33.8698164591804], 
            [-84.4072442144736, 33.8699304590636], 
            [-84.4073342150594, 33.8700554594554], 
            [-84.4077202150107, 33.8705364592421], 
            [-84.4083052152103, 33.8711484596945], 
            [-84.4083812151447, 33.8712414595035], 
            [-84.4084462154682, 33.8713374594521], 
            [-84.4085282156847, 33.8714994597597], 
            [-84.4086982155058, 33.871988459925], 
            [-84.4087842150093, 33.8721644599818], 
            [-84.4089152157019, 33.8723424601296], 
            [-84.4094002157523, 33.8728544604494], 
            [-84.4094892153914, 33.872960459961], 
            [-84.409605215388, 33.8731414602483], 
            [-84.409711215823, 33.8733784604323], 
            [-84.4097362160908, 33.8735094602052], 
            [-84.4097302158225, 33.873697459922], 
            [-84.4096022162226, 33.8745284606544], 
            [-84.4096192161202, 33.8746794604549], 
            [-84.409670215796, 33.8748124603194], 
            [-84.4097522160104, 33.8749344605725], 
            [-84.409983215951, 33.8751784601768], 
            [-84.4100782158671, 33.8752584602823], 
            [-84.4106002158295, 33.8756534605763], 
            [-84.4108862165222, 33.8758704607264], 
            [-84.4113042161537, 33.87623646058], 
            [-84.4117232167296, 33.876577461074], 
            [-84.4117822167717, 33.8766194603195], 
            [-84.4119762167887, 33.8767654607811], 
            [-84.4120512166758, 33.8768404606557], 
            [-84.4121122168126, 33.876916460577], 
            [-84.4122222165339, 33.8771544608073], 
            [-84.4122762163514, 33.8773364611432], 
            [-84.4123632167999, 33.8774964604587], 
            [-84.4123842168767, 33.8775254609021], 
            [-84.4124382166868, 33.8775674610472], 
            [-84.4125282163696, 33.8776234609403], 
            [-84.4128152171047, 33.877765461213], 
            [-84.4130592167431, 33.8778974610241], 
            [-84.4132482174264, 33.8780224614121], 
            [-84.4134232174606, 33.8781614606508], 
            [-84.4136602167787, 33.8783754606637], 
            [-84.4126002170529, 33.8783734615099], 
            [-84.4117082170291, 33.8783714614506], 
            [-84.4107382160838, 33.8783694613941], 
            [-84.4096442156796, 33.8783674613423], 
            [-84.4081772159526, 33.8783574609338], 
            [-84.408136215849, 33.8783634612133], 
            [-84.4068772149805, 33.8783204610668], 
            [-84.4070312151463, 33.8823094624045], 
            [-84.4070262158171, 33.8823744618188], 
            [-84.406983215621, 33.8823854623301], 
            [-84.4057932152572, 33.8823594620693], 
            [-84.4054972150111, 33.882352461756], 
            [-84.4051542152818, 33.8823444622975], 
            [-84.4051462149548, 33.8831694627475], 
            [-84.4051302151921, 33.8846664628543], 
            [-84.4051262150377, 33.8852474627917], 
            [-84.4050382154498, 33.8852304629068], 
            [-84.4050252148464, 33.8852274627683], 
            [-84.4048872147371, 33.8852134630242], 
            [-84.4047882146398, 33.8852144630742], 
            [-84.4046872153495, 33.8852254626882], 
            [-84.4045622149468, 33.8852614625621], 
            [-84.4044592146661, 33.8853054628057], 
            [-84.4043572144327, 33.885364462845], 
            [-84.4042882148308, 33.8854154625123], 
            [-84.4041642144786, 33.8855254631165], 
            [-84.4039342146095, 33.8857494627109], 
            [-84.4036872148529, 33.8860104631207], 
            [-84.4035062145596, 33.8862334626669], 
            [-84.4033132146074, 33.886431462854], 
            [-84.4032002147647, 33.8865234635232], 
            [-84.4030542142904, 33.8866274629508], 
            [-84.4030342142622, 33.8866374634148], 
            [-84.402953214103, 33.8866784635187], 
            [-84.402759214097, 33.8867374635614], 
            [-84.4025942145356, 33.8867644630198], 
            [-84.4018412137678, 33.8867694632796], 
            [-84.4018222137835, 33.8867344634574], 
            [-84.4015202141152, 33.8859244628147], 
            [-84.4011422136616, 33.8859264629215], 
            [-84.4011422136377, 33.8854804629432], 
            [-84.4011402134722, 33.8841274623138], 
            [-84.4011392133809, 33.8832914622539], 
            [-84.4011392133744, 33.8831704629434], 
            [-84.401138214195, 33.8825674619869], 
            [-84.4011372141344, 33.8823024623004], 
            [-84.4010402141298, 33.882302462304], 
            [-84.401039214062, 33.8819044618516], 
            [-84.4005022133967, 33.8813834620161], 
            [-84.4004062134317, 33.8812564624312], 
            [-84.3993802134928, 33.8814004619463], 
            [-84.3992852135817, 33.8814134625521], 
            [-84.3992862126238, 33.8794574618653], 
            [-84.3972302125412, 33.87938646225], 
            [-84.3972362127909, 33.8788514617456], 
            [-84.3972422121458, 33.8784004615355], 
            [-84.3972472123728, 33.8783064616771], 
            [-84.3960322117502, 33.87831546124], 
            [-84.3893382104867, 33.8783044618796], 
            [-84.3886102099797, 33.8783094621384], 
            [-84.3886022096308, 33.8787274617191], 
            [-84.3885682098609, 33.878898462448], 
            [-84.3885672098217, 33.8790334624071], 
            [-84.3887392097095, 33.879034462447], 
            [-84.3889042101705, 33.8790144624136], 
            [-84.3890652104449, 33.8789754623994], 
            [-84.3892112100227, 33.8789274619688], 
            [-84.3896552099736, 33.8795204624456], 
            [-84.3903242104578, 33.8798334625323], 
            [-84.3908182109343, 33.8805014619852], 
            [-84.3910062106601, 33.8804084621662], 
            [-84.3910342110627, 33.8804574626366], 
            [-84.3912562105935, 33.8808464626638], 
            [-84.3910172111994, 33.8809464628089], 
            [-84.3903602104045, 33.8812264623157], 
            [-84.390766210388, 33.8817694622761], 
            [-84.3910812106387, 33.8821894628366], 
            [-84.3912242109895, 33.8823804626868], 
            [-84.391288211264, 33.8824284631095], 
            [-84.3914692106772, 33.8825644631082], 
            [-84.3918872112052, 33.882876463158], 
            [-84.3922572113025, 33.8831534624875], 
            [-84.3926512116151, 33.8834484626499], 
            [-84.3928462116824, 33.8836674628961], 
            [-84.3933302116881, 33.8842094628071], 
            [-84.3936052118747, 33.8845064630666], 
            [-84.3939342118723, 33.8848614633132], 
            [-84.3946492118035, 33.8853664633002], 
            [-84.3948442118712, 33.8855934630176], 
            [-84.3951312126167, 33.8859284632385], 
            [-84.3954862120253, 33.8863424635196], 
            [-84.3948192125737, 33.8867854633837], 
            [-84.394757212397, 33.8868294636259], 
            [-84.394705211779, 33.8867624632218], 
            [-84.394623212466, 33.8866784638298], 
            [-84.3943602119414, 33.8864654638642], 
            [-84.3938472115001, 33.8861234633274], 
            [-84.3935942114419, 33.8859544636011], 
            [-84.3934582114197, 33.8858334633964], 
            [-84.3932632113596, 33.8857474630167], 
            [-84.393094211608, 33.8856894630339], 
            [-84.3928832117064, 33.885635463238], 
            [-84.3927032114458, 33.8856034635609], 
            [-84.3925512115863, 33.8855904629643], 
            [-84.3925102114511, 33.8850094630285], 
            [-84.3917642109914, 33.8847024632226], 
            [-84.391443211377, 33.8845704634144], 
            [-84.3907032111941, 33.8842344631641], 
            [-84.3906932107151, 33.8839554628292], 
            [-84.3905562106479, 33.8838604629298], 
            [-84.3905332104805, 33.8838714634402], 
            [-84.3903702110045, 33.8837584627078], 
            [-84.3902322108913, 33.8836724632253], 
            [-84.3902262106127, 33.8836684630402], 
            [-84.389687210764, 33.8833354629213], 
            [-84.3893512104422, 33.8829924632309], 
            [-84.3892902103103, 33.8830074630288], 
            [-84.3892142103724, 33.8828484628599], 
            [-84.3884362101891, 33.8818474623794], 
            [-84.3877392101935, 33.8813354629668], 
            [-84.3874042099255, 33.8811294624287], 
            [-84.3873032097317, 33.8810624629258], 
            [-84.3873042097738, 33.8809824628167], 
            [-84.3873512091441, 33.8788824617521], 
            [-84.3873702099952, 33.8783124623237], 
            [-84.3874122091796, 33.8770714614854], 
            [-84.3874312091414, 33.8766874616809], 
            [-84.3874402095228, 33.8760114618386], 
            [-84.3874492090077, 33.8753874617075], 
            [-84.3874412095189, 33.875074461596], 
            [-84.3874542091745, 33.8741724611758], 
            [-84.3874682088744, 33.8732314607474], 
            [-84.3874812094313, 33.872366461142], 
            [-84.3875032094711, 33.8708434607296], 
            [-84.3875292087854, 33.8690974598782], 
            [-84.3875222093455, 33.8688294600529], 
            [-84.3875282086882, 33.8681504600717], 
            [-84.3875332088877, 33.8675434598289], 
            [-84.3875342089298, 33.8674624596735], 
            [-84.3875352089695, 33.8673384593246], 
            [-84.3875422092545, 33.8665944599293], 
            [-84.3875512087672, 33.8664894595611], 
            [-84.3875752089746, 33.8663594598327], 
            [-84.3876442085679, 33.8661484590479], 
            [-84.3877122090179, 33.8660094598003], 
            [-84.3878012086438, 33.8658694596062], 
            [-84.3878872090314, 33.8657594590034], 
            [-84.3880682093261, 33.8655614588168], 
            [-84.3881242092228, 33.8654874589837], 
            [-84.3881802091179, 33.8653854596519], 
            [-84.388216208984, 33.8652764590973], 
            [-84.388229208684, 33.8652024592658], 
            [-84.3882322088184, 33.8651144587861], 
            [-84.3882252093876, 33.8650154586964], 
            [-84.3882052093542, 33.8649284591632], 
            [-84.3881732087646, 33.8648544593334], 
            [-84.3881362088431, 33.8647934592066], 
            [-84.387998208726, 33.8646334589937], 
            [-84.3877652086919, 33.8643754587408], 
            [-84.387681209284, 33.8642544594334], 
            [-84.3876152089108, 33.8640964593104], 
            [-84.3875852084092, 33.8639314588619], 
            [-84.3875772089349, 33.863886458576], 
            [-84.3875572088991, 33.863755458803], 
            [-84.3875132086314, 33.8632984592161], 
            [-84.3874852091227, 33.8631474585167], 
            [-84.3874392087773, 33.8629714584585], 
            [-84.3873332083405, 33.8626984584052], 
            [-84.3871442085443, 33.8623454582459], 
            [-84.3870782081722, 33.862205458957], 
            [-84.3869542086963, 33.8618884586645], 
            [-84.3868802088459, 33.861631458452], 
            [-84.3868502083448, 33.8614764584667], 
            [-84.3868282082138, 33.8613014584539], 
            [-84.3867892081603, 33.8605084585888], 
            [-84.3867232086335, 33.8593624576591], 
            [-84.3869532085051, 33.8591864575905], 
            [-84.3867932082658, 33.8590134576755], 
            [-84.3862652080145, 33.8584254574335], 
            [-84.3861762083768, 33.8583434581344], 
            [-84.3860782083224, 33.858279457871], 
            [-84.3850282081303, 33.8576984579727], 
            [-84.3848512080048, 33.8575904574725], 
            [-84.3846912077689, 33.8574814578245], 
            [-84.3844232079117, 33.857268457859], 
            [-84.3828192071481, 33.855854457161], 
            [-84.3827452073097, 33.8558224574799], 
            [-84.3826532066373, 33.85581245702], 
            [-84.3826652071837, 33.8556164569323], 
            [-84.3826722065459, 33.8544354570763], 
            [-84.3826732065791, 33.8541884573243], 
            [-84.3826762066925, 33.8537064565774], 
            [-84.3826782067683, 33.8533884571332], 
            [-84.3826972067459, 33.8532994566065], 
            [-84.3828182069642, 33.8532874569454], 
            [-84.3829372070892, 33.853265456821], 
            [-84.383052207028, 33.8532334571329], 
            [-84.3831632067807, 33.8531914569815], 
            [-84.3833182067745, 33.8531114568668], 
            [-84.3836082067312, 33.8529124566298], 
            [-84.3837552072528, 33.8528274562836], 
            [-84.3839222069044, 33.8527514563537], 
            [-84.3842292076546, 33.8526394565493], 
            [-84.3847072073446, 33.8524884567304], 
            [-84.3848302076535, 33.8524344569221], 
            [-84.3849542071085, 33.8523614562334], 
            [-84.3850612075728, 33.8522804569734], 
            [-84.3851632078041, 33.852179456787], 
            [-84.385400207993, 33.851862456481], 
            [-84.385917207664, 33.8511494567042], 
            [-84.3860442081531, 33.8509924566204], 
            [-84.3862352080125, 33.8507964565261], 
            [-84.386577207675, 33.8504234563198], 
            [-84.3866382078035, 33.8503454563011], 
            [-84.3866922076061, 33.8502474562555], 
            [-84.3868362079747, 33.8499034556015], 
            [-84.3869022083317, 33.8497604561685], 
            [-84.3869902079112, 33.8496204559745], 
            [-84.3870972083728, 33.849490456243], 
            [-84.3872362076216, 33.8493614556574], 
            [-84.3874302076236, 33.8492274557373], 
            [-84.387542208321, 33.8491674556513], 
            [-84.3876582083052, 33.8491164559822], 
            [-84.3880302084733, 33.8489834561019], 
            [-84.3882742081006, 33.8489064561227], 
            [-84.3888232083863, 33.8487344553283], 
            [-84.3889372082785, 33.8486984554549], 
            [-84.3892592088261, 33.8485974552603], 
            [-84.3898102083053, 33.8484274554577], 
            [-84.3902622085887, 33.8482974557134], 
            [-84.3912412090391, 33.8480524551182], 
            [-84.3916762094345, 33.847953455012], 
            [-84.3920372090943, 33.8478584550939], 
            [-84.3921812094784, 33.8478074554238], 
            [-84.392344208944, 33.8477244551697], 
            [-84.3927762091906, 33.8474464548647], 
            [-84.3929792096109, 33.8473244555002], 
            [-84.3934062096284, 33.8471004549992], 
            [-84.3935852098373, 33.8470334554858], 
            [-84.3937632100014, 33.846998454757], 
            [-84.3943392097477, 33.846945454978], 
            [-84.3944462102151, 33.8469224548078], 
            [-84.394547209504, 33.8468854548885], 
            [-84.3946402102196, 33.8468354552666], 
            [-84.3947232095713, 33.8467744551354], 
            [-84.3951412100611, 33.8463764546674], 
            [-84.3953702098836, 33.8461484548877], 
            [-84.3954402104288, 33.8460514548878], 
            [-84.3954942102313, 33.8459514547495], 
            [-84.3955412106063, 33.8458154547423], 
            [-84.3956682101755, 33.8452754549009], 
            [-84.3956862101058, 33.8451704545324], 
            [-84.3956882101892, 33.844993454426], 
            [-84.3956582105873, 33.844836454348], 
            [-84.3956082100585, 33.8447004543444], 
            [-84.3955052097651, 33.8445084544464], 
            [-84.39545421009, 33.8443874542384], 
            [-84.3954162101183, 33.8442574545124], 
            [-84.3953792101888, 33.8440464546309], 
            [-84.395831210478, 33.844027454633], 
            [-84.3960532099886, 33.8440404543277], 
            [-84.3962892101506, 33.8440884547441], 
            [-84.3966332108314, 33.8442044547095], 
            [-84.3972432103714, 33.8444244540872], 
            [-84.3978192110322, 33.8446554539759], 
            [-84.3986172112081, 33.8449854548455], 
            [-84.3990482114321, 33.8451504543799], 
            [-84.3992542111026, 33.8452204549172], 
            [-84.3994432108825, 33.8452734546676], 
            [-84.3996472113582, 33.8453184549462], 
            [-84.4004412113381, 33.8454534548758], 
            [-84.4006782115456, 33.8454834544582], 
            [-84.4009212120306, 33.8454954541057], 
            [-84.4026072120254, 33.8454674545443], 
            [-84.403032211962, 33.8454664544821], 
            [-84.4034262122601, 33.84549045468], 
            [-84.4042172129982, 33.8455904547868], 
            [-84.4045412127479, 33.8456504539572], 
            [-84.4047212130097, 33.8457054546999], 
            [-84.4048892127161, 33.8457884540423], 
            [-84.4052542125797, 33.8460344546338], 
            [-84.4060472134351, 33.846591454329], 
            [-84.4064412137458, 33.8468504546223], 
            [-84.4068322139153, 33.8470734550465], 
            [-84.4072842133177, 33.8472884541985], 
            [-84.4072502136493, 33.8493554546334]
          ]
        ]
      }, 
      "properties" : null
    }, 
    {
      "type" : "Feature", 
      "geometry" : 
      {
        "type" : "Polygon", 
        "coordinates" : 
        [
          [
            [-84.3824322083676, 33.8780864619302], 
            [-84.3820722078515, 33.8781154623878], 
            [-84.3808302077752, 33.8781364625078], 
            [-84.3797912072263, 33.8781554625275], 
            [-84.3797912071885, 33.8774504622413], 
            [-84.3798102071616, 33.8772794624123], 
            [-84.3798492071635, 33.8771054624435], 
            [-84.3798982076308, 33.8769594619729], 
            [-84.379947207201, 33.8768534615569], 
            [-84.380514207371, 33.8757194620589], 
            [-84.3806392077606, 33.875440461719], 
            [-84.380680207859, 33.8753374614422], 
            [-84.3806852071897, 33.8752994614802], 
            [-84.3807042071704, 33.8752694618883], 
            [-84.3807352077048, 33.8751804613611], 
            [-84.3808152078058, 33.8749164617179], 
            [-84.3808662074629, 33.8747024616941], 
            [-84.3808912077161, 33.8745614614561], 
            [-84.380911207739, 33.8744514617551], 
            [-84.3810022074194, 33.8735974608578], 
            [-84.3810402073519, 33.8729964608918], 
            [-84.3810492077289, 33.8722394608941], 
            [-84.3810532069936, 33.8718364611093], 
            [-84.3810732069386, 33.8702734606423], 
            [-84.38109020764, 33.8686434597695], 
            [-84.381096206959, 33.8675214599491], 
            [-84.3810672073857, 33.8670314597321], 
            [-84.3810472073361, 33.8666424596974], 
            [-84.3809952066974, 33.8661894593968], 
            [-84.3809872072216, 33.8661154595661], 
            [-84.3809712073728, 33.8660104591987], 
            [-84.3809262070667, 33.8657014592739], 
            [-84.3808432067886, 33.8652564593451], 
            [-84.3808242068018, 33.8651734590978], 
            [-84.3807382072868, 33.8647844590656], 
            [-84.3806912068945, 33.8645984594434], 
            [-84.3806092066704, 33.8642954588986], 
            [-84.3803562065758, 33.8634454590988], 
            [-84.3803002066606, 33.8631764592289], 
            [-84.3802652068207, 33.8629054592656], 
            [-84.3802542062994, 33.8627034589008], 
            [-84.3802552063352, 33.8625064587672], 
            [-84.3802792065335, 33.8622054592105], 
            [-84.3803782065924, 33.8614874583183], 
            [-84.3804172065886, 33.8612084588809], 
            [-84.3806562067946, 33.8594774578171], 
            [-84.380726206428, 33.8591484578608], 
            [-84.3808222063707, 33.8588604580044], 
            [-84.3809492068532, 33.8585814576644], 
            [-84.3811052068833, 33.8583124577866], 
            [-84.3812912065075, 33.8580554575644], 
            [-84.3813572068677, 33.8579724582132], 
            [-84.3822262066649, 33.8568794579054], 
            [-84.3823692069939, 33.8566624577393], 
            [-84.3825102072274, 33.8563964571017], 
            [-84.3825132073651, 33.8563694576494], 
            [-84.3825692072574, 33.8562124575683], 
            [-84.3826082072609, 33.8560704572833], 
            [-84.3826212069609, 33.8559974574982], 
            [-84.3826532066373, 33.85581245702], 
            [-84.3827452073097, 33.8558224574799], 
            [-84.3828192071481, 33.855854457161], 
            [-84.3844232079117, 33.857268457859], 
            [-84.3846912077689, 33.8574814578245], 
            [-84.3848512080048, 33.8575904574725], 
            [-84.3850282081303, 33.8576984579727], 
            [-84.3860782083224, 33.858279457871], 
            [-84.3861762083768, 33.8583434581344], 
            [-84.3862652080145, 33.8584254574335], 
            [-84.3867932082658, 33.8590134576755], 
            [-84.3869532085051, 33.8591864575905], 
            [-84.3867232086335, 33.8593624576591], 
            [-84.3867892081603, 33.8605084585888], 
            [-84.3868282082138, 33.8613014584539], 
            [-84.3868502083448, 33.8614764584667], 
            [-84.3868802088459, 33.861631458452], 
            [-84.3869542086963, 33.8618884586645], 
            [-84.3870782081722, 33.862205458957], 
            [-84.3871442085443, 33.8623454582459], 
            [-84.3873332083405, 33.8626984584052], 
            [-84.3874392087773, 33.8629714584585], 
            [-84.3874852091227, 33.8631474585167], 
            [-84.3875132086314, 33.8632984592161], 
            [-84.3875572088991, 33.863755458803], 
            [-84.3875772089349, 33.863886458576], 
            [-84.3875852084092, 33.8639314588619], 
            [-84.3876152089108, 33.8640964593104], 
            [-84.387681209284, 33.8642544594334], 
            [-84.3877652086919, 33.8643754587408], 
            [-84.387998208726, 33.8646334589937], 
            [-84.3881362088431, 33.8647934592066], 
            [-84.3881732087646, 33.8648544593334], 
            [-84.3882052093542, 33.8649284591632], 
            [-84.3882252093876, 33.8650154586964], 
            [-84.3882322088184, 33.8651144587861], 
            [-84.388229208684, 33.8652024592658], 
            [-84.388216208984, 33.8652764590973], 
            [-84.3881802091179, 33.8653854596519], 
            [-84.3881242092228, 33.8654874589837], 
            [-84.3880682093261, 33.8655614588168], 
            [-84.3878872090314, 33.8657594590034], 
            [-84.3878012086438, 33.8658694596062], 
            [-84.3877122090179, 33.8660094598003], 
            [-84.3876442085679, 33.8661484590479], 
            [-84.3875752089746, 33.8663594598327], 
            [-84.3875512087672, 33.8664894595611], 
            [-84.3875422092545, 33.8665944599293], 
            [-84.3875352089695, 33.8673384593246], 
            [-84.3875342089298, 33.8674624596735], 
            [-84.3875332088877, 33.8675434598289], 
            [-84.3875282086882, 33.8681504600717], 
            [-84.3875222093455, 33.8688294600529], 
            [-84.3875292087854, 33.8690974598782], 
            [-84.3875032094711, 33.8708434607296], 
            [-84.3874812094313, 33.872366461142], 
            [-84.3874682088744, 33.8732314607474], 
            [-84.3874542091745, 33.8741724611758], 
            [-84.3874412095189, 33.875074461596], 
            [-84.3874492090077, 33.8753874617075], 
            [-84.3874402095228, 33.8760114618386], 
            [-84.3874312091414, 33.8766874616809], 
            [-84.3874122091796, 33.8770714614854], 
            [-84.3873702099952, 33.8783124623237], 
            [-84.3852282086172, 33.8781944623328], 
            [-84.3841652087491, 33.878135462337], 
            [-84.3826662084357, 33.8781124622267], 
            [-84.3824322083676, 33.8780864619302]
          ]
        ]
      }, 
      "properties" : null
    }, 
    {
      "type" : "Feature", 
      "geometry" : 
      {
        "type" : "Polygon", 
        "coordinates" : 
        [
          [
            [-84.3831742062433, 33.8336064525489], 
            [-84.3830452056594, 33.8337244526246], 
            [-84.3829412062359, 33.8338484529774], 
            [-84.3828552058499, 33.8339874531251], 
            [-84.3826822059319, 33.8342884526874], 
            [-84.3823752061061, 33.8348694526362], 
            [-84.3813392058141, 33.837087453809], 
            [-84.3812152054566, 33.8371024536093], 
            [-84.3803392052753, 33.8370874538462], 
            [-84.3797352051256, 33.8370764533591], 
            [-84.3778332049967, 33.8370444537461], 
            [-84.376361204138, 33.8370274539126], 
            [-84.3753492039412, 33.8370184535334], 
            [-84.3748542034542, 33.8370184535518], 
            [-84.3744352037963, 33.8370244538453], 
            [-84.3741022036325, 33.8370304532364], 
            [-84.3735272030325, 33.837068454119], 
            [-84.3733282036905, 33.8370674540801], 
            [-84.3730922035303, 33.8370554535329], 
            [-84.3711252030819, 33.8370014538024], 
            [-84.3706272024555, 33.8369974536356], 
            [-84.3680802020745, 33.8369844540274], 
            [-84.36803920196, 33.8367854538027], 
            [-84.3680162017813, 33.836585453531], 
            [-84.3680132016108, 33.8360004534083], 
            [-84.3680132015141, 33.8341914532362], 
            [-84.3680182017152, 33.8336134534375], 
            [-84.3680512013388, 33.831571452362], 
            [-84.368054201461, 33.8312544529641], 
            [-84.3680442018873, 33.8310864523758], 
            [-84.3680202016637, 33.8309134524556], 
            [-84.3677762010648, 33.8296384527505], 
            [-84.3677192011026, 33.8293544521857], 
            [-84.3676552008175, 33.8291064523897], 
            [-84.3674412007452, 33.8284654523784], 
            [-84.3677012011085, 33.8282654520962], 
            [-84.369015201773, 33.8272164520115], 
            [-84.3699082018045, 33.82649545185], 
            [-84.3699702019803, 33.8264334516733], 
            [-84.3701312013509, 33.8263094513184], 
            [-84.3704562020276, 33.8260194513607], 
            [-84.3710172019496, 33.825450451059], 
            [-84.3713082019424, 33.8250584508737], 
            [-84.3716322025627, 33.8245814512457], 
            [-84.3721402018044, 33.8236454510303], 
            [-84.3722232020504, 33.8234914510871], 
            [-84.3723462023468, 33.8232034512296], 
            [-84.3724792021986, 33.8227404504587], 
            [-84.3725512019238, 33.8223934505677], 
            [-84.3726552022023, 33.8214394504328], 
            [-84.3726742021591, 33.8209604507234], 
            [-84.3728172024997, 33.8209624499115], 
            [-84.3729282022552, 33.8209734504169], 
            [-84.3731892026778, 33.8210164506008], 
            [-84.3739482028319, 33.8211444502074], 
            [-84.3743262023908, 33.8212284504877], 
            [-84.3749842032549, 33.821375450079], 
            [-84.3751402033017, 33.8214204503594], 
            [-84.3752922031635, 33.8214754502038], 
            [-84.3756712027733, 33.8216444499254], 
            [-84.3757792032908, 33.8216904502539], 
            [-84.376628203141, 33.8221254505904], 
            [-84.3775812033235, 33.8226144507267], 
            [-84.3777992035529, 33.8227234503725], 
            [-84.3779652040642, 33.8227764501238], 
            [-84.378119204017, 33.8227974501917], 
            [-84.3784512041352, 33.8228064505963], 
            [-84.378452204269, 33.8244434508938], 
            [-84.3784532044486, 33.826934451186], 
            [-84.3784542045545, 33.8280494515815], 
            [-84.3784542045871, 33.8286584519168], 
            [-84.3807152051862, 33.8286704514893], 
            [-84.3835922055913, 33.8286714514285], 
            [-84.3837102056711, 33.8286714514241], 
            [-84.3871702070489, 33.8286624517776], 
            [-84.3873922065582, 33.8286524513061], 
            [-84.3874982069802, 33.8286474510705], 
            [-84.3875032072425, 33.8292144512585], 
            [-84.3873942066834, 33.8292574514561], 
            [-84.3873812069795, 33.8292574514566], 
            [-84.3873792068932, 33.8293794517128], 
            [-84.3873632070556, 33.8294834511357], 
            [-84.3873302073263, 33.8295464513577], 
            [-84.3870572072646, 33.8298494519157], 
            [-84.3864342071664, 33.8304714519772], 
            [-84.3858002065574, 33.8310874517611], 
            [-84.3853432060592, 33.8315384519881], 
            [-84.3842232063046, 33.8326114522781], 
            [-84.3838722062222, 33.8329404522448], 
            [-84.3836602062877, 33.833139452479], 
            [-84.3831742062433, 33.8336064525489]
          ]
        ]
      }, 
      "properties" : null
    }, 
    {
      "type" : "Feature", 
      "geometry" : 
      {
        "type" : "Polygon", 
        "coordinates" : 
        [
          [
            [-84.3734352021239, 33.8158064493364], 
            [-84.3737252020917, 33.8158144487969], 
            [-84.3739232022872, 33.8158274493918], 
            [-84.3738302024757, 33.8159674495861], 
            [-84.3735572024185, 33.8163534494928], 
            [-84.3733592022393, 33.8166454495384], 
            [-84.3732562019652, 33.8168134492316], 
            [-84.3731792019973, 33.8169614497959], 
            [-84.373070202348, 33.8172014492278], 
            [-84.3729492021453, 33.8175064498728], 
            [-84.3728952023475, 33.8176954496378], 
            [-84.3727802024302, 33.8181304500101], 
            [-84.3727152021317, 33.8185014501135], 
            [-84.3726672017235, 33.8188864499655], 
            [-84.3726732020244, 33.819308449731], 
            [-84.3726902019819, 33.8205794501587], 
            [-84.3726742021591, 33.8209604507234], 
            [-84.3726552022023, 33.8214394504328], 
            [-84.3725512019238, 33.8223934505677], 
            [-84.3724792021986, 33.8227404504587], 
            [-84.3723462023468, 33.8232034512296], 
            [-84.3722232020504, 33.8234914510871], 
            [-84.3721402018044, 33.8236454510303], 
            [-84.3716322025627, 33.8245814512457], 
            [-84.3713082019424, 33.8250584508737], 
            [-84.3710172019496, 33.825450451059], 
            [-84.3704562020276, 33.8260194513607], 
            [-84.3701312013509, 33.8263094513184], 
            [-84.3699702019803, 33.8264334516733], 
            [-84.3699082018045, 33.82649545185], 
            [-84.369015201773, 33.8272164520115], 
            [-84.3677012011085, 33.8282654520962], 
            [-84.3674412007452, 33.8284654523784], 
            [-84.3663972009057, 33.8292704519406], 
            [-84.3657182009011, 33.8297874525356], 
            [-84.3651102005923, 33.8302724525447], 
            [-84.3644962000037, 33.8307334523415], 
            [-84.3635962005458, 33.8314384526613], 
            [-84.3622931994895, 33.8324334529417], 
            [-84.3617471993582, 33.8328894534036], 
            [-84.3615981996456, 33.8330214532294], 
            [-84.3612081995559, 33.8334234529824], 
            [-84.3609161995154, 33.8337924539008], 
            [-84.3607741992308, 33.8339714532058], 
            [-84.3607311990381, 33.8340474531311], 
            [-84.3605371990275, 33.8340204536861], 
            [-84.3604601990511, 33.8340094531793], 
            [-84.3603871992602, 33.8339964534791], 
            [-84.360285199033, 33.8341734535892], 
            [-84.3602311992302, 33.8342684534959], 
            [-84.3601791995186, 33.8343334538112], 
            [-84.3600871997499, 33.8344044535067], 
            [-84.3599831994228, 33.8344494537968], 
            [-84.3598771990017, 33.8344704538743], 
            [-84.3597161996247, 33.8344724539729], 
            [-84.3596451990277, 33.8344674537439], 
            [-84.3597001988561, 33.8339834538017], 
            [-84.3598181988996, 33.8333054538626], 
            [-84.359875198832, 33.8330314537568], 
            [-84.3601321990081, 33.8319344532864], 
            [-84.3602491990137, 33.8314154526197], 
            [-84.3602691990366, 33.8313054529187], 
            [-84.360378199559, 33.8305744532223], 
            [-84.3603891991663, 33.8305034526305], 
            [-84.3604281991599, 33.830176452768], 
            [-84.3604371995711, 33.8300554525577], 
            [-84.3604771996021, 33.8295574528668], 
            [-84.3605051990629, 33.8288124525249], 
            [-84.3604951994813, 33.8284964522745], 
            [-84.3604941994325, 33.8284514519883], 
            [-84.3604921993302, 33.828273452735], 
            [-84.3604441988742, 33.8277644525377], 
            [-84.3603851988092, 33.8272924522563], 
            [-84.3603191993223, 33.8268894515747], 
            [-84.3601981990745, 33.8263504517888], 
            [-84.360004199027, 33.8256334518531], 
            [-84.3599211987543, 33.8252874520141], 
            [-84.3596531989047, 33.8252164514327], 
            [-84.3593161984938, 33.8240724515048], 
            [-84.3591851986837, 33.8235784511062], 
            [-84.3591291987615, 33.8231744512771], 
            [-84.3591331980335, 33.8229074514976], 
            [-84.3591301987825, 33.8226984508082], 
            [-84.3591781982945, 33.8223714509453], 
            [-84.3594081981683, 33.8222354509313], 
            [-84.3597131988208, 33.822030451315], 
            [-84.3599301989891, 33.8218654508572], 
            [-84.3602031990545, 33.8216314507979], 
            [-84.3603941989146, 33.8214464512131], 
            [-84.3606321991531, 33.8211864508499], 
            [-84.3608391988522, 33.8209254504415], 
            [-84.3610241984293, 33.82065445047], 
            [-84.3612101989494, 33.8203324508336], 
            [-84.3619521991297, 33.8188824501788], 
            [-84.3622241991327, 33.8183514498496], 
            [-84.3622521995297, 33.8182944499058], 
            [-84.3623801991724, 33.8182614501708], 
            [-84.3623751989426, 33.8183024502718], 
            [-84.3626461989235, 33.8182244502454], 
            [-84.3628031990134, 33.8182074503513], 
            [-84.3629411991221, 33.8182104504851], 
            [-84.3632921992175, 33.8181224499924], 
            [-84.3633171994779, 33.8181164497135], 
            [-84.363850199924, 33.8180094501324], 
            [-84.3642381999372, 33.8179124501207], 
            [-84.3642711996697, 33.8179094499804], 
            [-84.3646321993351, 33.8179214496237], 
            [-84.3650071996483, 33.8178984503428], 
            [-84.3652482000387, 33.8178764502139], 
            [-84.365527200392, 33.817820450307], 
            [-84.3657691999278, 33.8177674496413], 
            [-84.3660031999906, 33.8176954498942], 
            [-84.366199200089, 33.8176264493881], 
            [-84.3663732000653, 33.8175494494116], 
            [-84.3665472000403, 33.8174484501218], 
            [-84.3667272002953, 33.8173754494311], 
            [-84.3668892006157, 33.8173294499919], 
            [-84.3671982005608, 33.817242449547], 
            [-84.3676362001954, 33.8171284496452], 
            [-84.3681022011292, 33.8170144497423], 
            [-84.3685472010898, 33.8169244491534], 
            [-84.3688172010242, 33.8168444499336], 
            [-84.3690232006869, 33.8167684491029], 
            [-84.3692072011262, 33.8166714490988], 
            [-84.3693532007008, 33.8165634494858], 
            [-84.3696922011291, 33.8162964496938], 
            [-84.3700042012056, 33.8160634496794], 
            [-84.3701422013073, 33.8159354491401], 
            [-84.3702092008165, 33.8158864495654], 
            [-84.3702982013468, 33.8158424493222], 
            [-84.3703632016642, 33.8158244493852], 
            [-84.3704702012334, 33.8158224492886], 
            [-84.3706072012968, 33.8158484495887], 
            [-84.3707772010941, 33.8158944490156], 
            [-84.3709152012038, 33.8159164491304], 
            [-84.3710702012021, 33.81592044931], 
            [-84.371306201361, 33.8159094496909], 
            [-84.3716032016515, 33.8158774490966], 
            [-84.3719662014055, 33.8158084494837], 
            [-84.3723232017822, 33.8157774489335], 
            [-84.3726492016213, 33.8157724495891], 
            [-84.3731572018136, 33.8157984489761], 
            [-84.3734352021239, 33.8158064493364]
          ]
        ]
      }, 
      "properties" : null
    }, 
    {
      "type" : "Feature", 
      "geometry" : 
      {
        "type" : "Polygon", 
        "coordinates" : 
        [
          [
            [-84.3803392052753, 33.8370874538462], 
            [-84.3812152054566, 33.8371024536093], 
            [-84.3813392058141, 33.837087453809], 
            [-84.3814602060322, 33.8370734531559], 
            [-84.3809662056525, 33.838211453736], 
            [-84.3808562059517, 33.8383554541161], 
            [-84.3807372058339, 33.8385114541533], 
            [-84.3800592049912, 33.8393044540452], 
            [-84.3799292052611, 33.8394384539628], 
            [-84.3797562053336, 33.8395604542255], 
            [-84.3797692050393, 33.8395934539552], 
            [-84.3797762053662, 33.8396324539632], 
            [-84.3797702050899, 33.8396714539715], 
            [-84.3793432051112, 33.8406204538868], 
            [-84.3792072050925, 33.8405664540881], 
            [-84.3787432051309, 33.8403084538437], 
            [-84.3786642050591, 33.8402494538112], 
            [-84.3785432048423, 33.8402884538239], 
            [-84.3783712049575, 33.8403434545798], 
            [-84.3781862044685, 33.8403764543168], 
            [-84.3777502049207, 33.8403774543794], 
            [-84.3774782048898, 33.8403874539535], 
            [-84.3772302041763, 33.8404404546196], 
            [-84.3770012043449, 33.8405034539495], 
            [-84.376809204432, 33.8405684542701], 
            [-84.3765532042499, 33.8406844542578], 
            [-84.3758352042239, 33.8410064548133], 
            [-84.375290204129, 33.8412744546592], 
            [-84.3747242039619, 33.8415994544487], 
            [-84.374253203706, 33.8419114545318], 
            [-84.3725752032422, 33.8430464550169], 
            [-84.3719752032988, 33.8434234554182], 
            [-84.3713962034295, 33.8437804548921], 
            [-84.3713432027622, 33.8436584555372], 
            [-84.3703452032471, 33.8442484550294], 
            [-84.3696892025041, 33.8446304556643], 
            [-84.3691812023277, 33.8449044557868], 
            [-84.3690262023359, 33.8450214558172], 
            [-84.3689222020115, 33.845114455633], 
            [-84.3687202025408, 33.8453104557278], 
            [-84.3685882027194, 33.8454714559971], 
            [-84.3685162020821, 33.8455804556537], 
            [-84.3684552019558, 33.8457004558195], 
            [-84.3683942027302, 33.8458464553912], 
            [-84.368343202173, 33.8460464556657], 
            [-84.3682512024172, 33.8463604558273], 
            [-84.3681232018888, 33.8466484556849], 
            [-84.3678112018257, 33.8471314564897], 
            [-84.367648202367, 33.847343456425], 
            [-84.3675122023578, 33.8474644557405], 
            [-84.3673532021822, 33.8476154564469], 
            [-84.3667192014957, 33.8467844557427], 
            [-84.3661372014282, 33.8460374562303], 
            [-84.3658822012718, 33.8457654562288], 
            [-84.3655492010923, 33.845477455489], 
            [-84.365083201034, 33.8451494555989], 
            [-84.364742201387, 33.8449434559604], 
            [-84.3640592011479, 33.8445454555333], 
            [-84.3633492005539, 33.8441234557941], 
            [-84.3625892003368, 33.843684455269], 
            [-84.362275200145, 33.8434974556104], 
            [-84.3618702002211, 33.8431994553094], 
            [-84.3617422005709, 33.8430924557528], 
            [-84.3620502004722, 33.8430534557332], 
            [-84.3621962000522, 33.8430444553108], 
            [-84.3616372001671, 33.8425694549091], 
            [-84.3614751998355, 33.842405455411], 
            [-84.3614022000565, 33.8426164552966], 
            [-84.3613522004406, 33.8427354554157], 
            [-84.3609701997806, 33.8423474554407], 
            [-84.3608951998935, 33.8422714555199], 
            [-84.3607711995272, 33.842119455677], 
            [-84.3606631999044, 33.8419874549616], 
            [-84.3603782001477, 33.8415884553727], 
            [-84.3602291995153, 33.8413374554409], 
            [-84.3600272000151, 33.8409804550967], 
            [-84.3598591993941, 33.8406124551411], 
            [-84.3596061993087, 33.8399334551694], 
            [-84.3595371996899, 33.8396674545397], 
            [-84.3595251991305, 33.8396204550606], 
            [-84.3594541994115, 33.8392174543791], 
            [-84.359404199768, 33.8388184547815], 
            [-84.3593941992935, 33.8386224546946], 
            [-84.3593741992413, 33.8381844541883], 
            [-84.3593571993256, 33.8376944539708], 
            [-84.3593291988804, 33.8368484543477], 
            [-84.3593121989634, 33.8363364540103], 
            [-84.3593011993342, 33.83599845364], 
            [-84.3593001992847, 33.8359394536046], 
            [-84.3592961990783, 33.8355504535692], 
            [-84.3592951990262, 33.8354444540543], 
            [-84.3593081987197, 33.8352494540129], 
            [-84.3593261995422, 33.8350104537314], 
            [-84.3593781992283, 33.8344694538465], 
            [-84.3596451990277, 33.8344674537439], 
            [-84.3597161996247, 33.8344724539729], 
            [-84.3598771990017, 33.8344704538743], 
            [-84.3599831994228, 33.8344494537968], 
            [-84.3600871997499, 33.8344044535067], 
            [-84.3601791995186, 33.8343334538112], 
            [-84.3602311992302, 33.8342684534959], 
            [-84.360285199033, 33.8341734535892], 
            [-84.3603871992602, 33.8339964534791], 
            [-84.3604601990511, 33.8340094531793], 
            [-84.3605371990275, 33.8340204536861], 
            [-84.3607311990381, 33.8340474531311], 
            [-84.3607741992308, 33.8339714532058], 
            [-84.3609161995154, 33.8337924539008], 
            [-84.3612081995559, 33.8334234529824], 
            [-84.3615981996456, 33.8330214532294], 
            [-84.3617471993582, 33.8328894534036], 
            [-84.3622931994895, 33.8324334529417], 
            [-84.3635962005458, 33.8314384526613], 
            [-84.3644962000037, 33.8307334523415], 
            [-84.3651102005923, 33.8302724525447], 
            [-84.3657182009011, 33.8297874525356], 
            [-84.3663972009057, 33.8292704519406], 
            [-84.3674412007452, 33.8284654523784], 
            [-84.3676552008175, 33.8291064523897], 
            [-84.3677192011026, 33.8293544521857], 
            [-84.3677762010648, 33.8296384527505], 
            [-84.3680202016637, 33.8309134524556], 
            [-84.3680442018873, 33.8310864523758], 
            [-84.368054201461, 33.8312544529641], 
            [-84.3680512013388, 33.831571452362], 
            [-84.3680182017152, 33.8336134534375], 
            [-84.3680132015141, 33.8341914532362], 
            [-84.3680132016108, 33.8360004534083], 
            [-84.3680162017813, 33.836585453531], 
            [-84.36803920196, 33.8367854538027], 
            [-84.3680802020745, 33.8369844540274], 
            [-84.3706272024555, 33.8369974536356], 
            [-84.3711252030819, 33.8370014538024], 
            [-84.3730922035303, 33.8370554535329], 
            [-84.3733282036905, 33.8370674540801], 
            [-84.3735272030325, 33.837068454119], 
            [-84.3741022036325, 33.8370304532364], 
            [-84.3744352037963, 33.8370244538453], 
            [-84.3748542034542, 33.8370184535518], 
            [-84.3753492039412, 33.8370184535334], 
            [-84.376361204138, 33.8370274539126], 
            [-84.3778332049967, 33.8370444537461], 
            [-84.3797352051256, 33.8370764533591], 
            [-84.3803392052753, 33.8370874538462]
          ]
        ]
      }, 
      "properties" : null
    }, 
    {
      "type" : "Feature", 
      "geometry" : 
      {
        "type" : "Polygon", 
        "coordinates" : 
        [
          [
            [-84.4074892088966, 33.7547074349832], 
            [-84.4076052088835, 33.7547074349788], 
            [-84.4078682084973, 33.7547084350154], 
            [-84.4094742092779, 33.7547114350948], 
            [-84.4100812095649, 33.7546874348597], 
            [-84.4117982101007, 33.7546964343136], 
            [-84.4127752104716, 33.754701434509], 
            [-84.4135602109249, 33.7546834345452], 
            [-84.4139182104517, 33.7547084347909], 
            [-84.4143772110668, 33.7547104348665], 
            [-84.4146832108774, 33.7547124349478], 
            [-84.4151472108253, 33.7547144341239], 
            [-84.4175582120893, 33.7547264345904], 
            [-84.4175442114845, 33.7555704350219], 
            [-84.4175322118683, 33.7563454349546], 
            [-84.4175302117829, 33.7564854351455], 
            [-84.4175272116512, 33.7566264344835], 
            [-84.4175272116521, 33.7566444353174], 
            [-84.4175132119449, 33.7574544350731], 
            [-84.4175482117892, 33.7578084352846], 
            [-84.4175302118727, 33.7581724350619], 
            [-84.417520211458, 33.7591004357876], 
            [-84.4175132120688, 33.7597814358618], 
            [-84.4175062117785, 33.7604314353991], 
            [-84.4174862118462, 33.7622434357114], 
            [-84.4174822116805, 33.7626174359515], 
            [-84.4174722121617, 33.7634814364101], 
            [-84.4156412117315, 33.7634664366825], 
            [-84.4151142115581, 33.7634624365168], 
            [-84.4147622114115, 33.7634604364371], 
            [-84.4138802109524, 33.7634554362383], 
            [-84.4126112105214, 33.7634494369067], 
            [-84.4112112103066, 33.7634434366808], 
            [-84.4100082102404, 33.7634414366328], 
            [-84.4088842093435, 33.7634394365819], 
            [-84.4077652095781, 33.7634394366234], 
            [-84.4063622092244, 33.7634384366291], 
            [-84.4052062086414, 33.7634384366721], 
            [-84.4040172083256, 33.7634374366698], 
            [-84.4036752077439, 33.7634374366825], 
            [-84.4029402078112, 33.7634374367098], 
            [-84.4028342082718, 33.7631284367872], 
            [-84.4027702079851, 33.7628504365006], 
            [-84.4027472078061, 33.7626424367575], 
            [-84.4027322080024, 33.7625114369842], 
            [-84.4027322079787, 33.7620664361527], 
            [-84.402742207495, 33.7611564362609], 
            [-84.4027462076639, 33.7608424361025], 
            [-84.4027652076033, 33.7600334363931], 
            [-84.402757207221, 33.7598264357964], 
            [-84.402765207554, 33.7591074357603], 
            [-84.4027772071559, 33.7580624359092], 
            [-84.4027902076955, 33.7568654353112], 
            [-84.4027942078631, 33.7565264357933], 
            [-84.4027962070465, 33.7563374351309], 
            [-84.4028032073057, 33.755103435517], 
            [-84.4028062074197, 33.7546304351869], 
            [-84.4040572079143, 33.7546264349551], 
            [-84.4054772081574, 33.7546224347171], 
            [-84.4065032081086, 33.7547124352513], 
            [-84.4069292089906, 33.7547064349575], 
            [-84.4074892088966, 33.7547074349832]
          ]
        ]
      }, 
      "properties" : null
    }, 
    {
      "type" : "Feature", 
      "geometry" : 
      {
        "type" : "Polygon", 
        "coordinates" : 
        [
          [
            [-84.4072822092614, 33.7730674384336], 
            [-84.4070482091948, 33.7730704385812], 
            [-84.4075252097725, 33.7735714392914], 
            [-84.4077522095279, 33.7738274385527], 
            [-84.4079402101732, 33.774112439159], 
            [-84.4080582102635, 33.7743114393809], 
            [-84.4081922102, 33.7745654394524], 
            [-84.4082402097343, 33.7746574392163], 
            [-84.4084312105228, 33.7750184388469], 
            [-84.4086922100681, 33.7754754393252], 
            [-84.4088602106842, 33.7757534396079], 
            [-84.4091792102246, 33.7762414397216], 
            [-84.4092962102657, 33.7763864392404], 
            [-84.4093382104188, 33.7764394389964], 
            [-84.4095052100847, 33.7766334398841], 
            [-84.4097612102887, 33.7769294391989], 
            [-84.4100312111389, 33.777159439952], 
            [-84.4107452110333, 33.7778504395633], 
            [-84.4122922118495, 33.7792704396427], 
            [-84.4128432113666, 33.7798104403582], 
            [-84.4129772112961, 33.7799354398492], 
            [-84.4124312111373, 33.7798744397413], 
            [-84.4120602110069, 33.7798444401639], 
            [-84.4104342110875, 33.7796664400716], 
            [-84.410237210939, 33.77966343994], 
            [-84.4093252108864, 33.7796594397885], 
            [-84.4091822105459, 33.7796584397475], 
            [-84.4083622102659, 33.779654440492], 
            [-84.4082342106214, 33.7796534404504], 
            [-84.4074592097316, 33.7796504403403], 
            [-84.4074802099086, 33.7815604406945], 
            [-84.4068642101018, 33.7815564405321], 
            [-84.4060892101113, 33.7815524403756], 
            [-84.4041932093629, 33.7815414408357], 
            [-84.4027352091545, 33.7815334405193], 
            [-84.4026302087786, 33.7815324404768], 
            [-84.401308208586, 33.7815254411009], 
            [-84.4008362082669, 33.7815234410258], 
            [-84.4006072084321, 33.7815214409417], 
            [-84.3999132077039, 33.7815204409211], 
            [-84.399353207798, 33.7815194408956], 
            [-84.3991512074175, 33.7815184408568], 
            [-84.3977162073773, 33.7815144407248], 
            [-84.3960212069632, 33.7815104406024], 
            [-84.3948362068329, 33.7815074414068], 
            [-84.3942122066549, 33.7815064413836], 
            [-84.393574205828, 33.7815174410177], 
            [-84.3919502060125, 33.7815474415686], 
            [-84.3916112055698, 33.7815444414422], 
            [-84.3911462055754, 33.7815394412278], 
            [-84.3911902057418, 33.780099441062], 
            [-84.391189205691, 33.780016440814], 
            [-84.3911812052508, 33.7787224402196], 
            [-84.3911742049128, 33.7784754404677], 
            [-84.3911442052981, 33.778075440823], 
            [-84.3911182049721, 33.7777224406575], 
            [-84.3910382048204, 33.7770344402623], 
            [-84.3910072051727, 33.7768884397946], 
            [-84.3906182051076, 33.7768814403842], 
            [-84.3903592047033, 33.7754384400906], 
            [-84.3903072049748, 33.7751854400624], 
            [-84.3900392050588, 33.7738674392651], 
            [-84.3900672044221, 33.7712864392982], 
            [-84.3904612047192, 33.7712924386622], 
            [-84.3906862043687, 33.7713004390245], 
            [-84.392060205175, 33.7712944386955], 
            [-84.3929062057618, 33.7712904384788], 
            [-84.3934072056295, 33.7713214389971], 
            [-84.3942772055318, 33.7713264391964], 
            [-84.3943432058965, 33.771326439194], 
            [-84.3944402059011, 33.7713274392367], 
            [-84.3945432061842, 33.7713284392792], 
            [-84.3945552058417, 33.7713284392788], 
            [-84.3946592061712, 33.7713294384219], 
            [-84.394899205617, 33.7713304384593], 
            [-84.3955212066016, 33.7713344386215], 
            [-84.3959432063991, 33.7713364386985], 
            [-84.3960822065545, 33.7713464391566], 
            [-84.396295206547, 33.7713644390833], 
            [-84.3963842061808, 33.771371438505], 
            [-84.3966342060906, 33.7713714384957], 
            [-84.3982002068137, 33.7713734385303], 
            [-84.3983952068684, 33.7713574386811], 
            [-84.3985892068761, 33.771329438276], 
            [-84.3987792066975, 33.7712894391137], 
            [-84.3989662072783, 33.7712374384963], 
            [-84.3991812073587, 33.7711614385646], 
            [-84.3994872071622, 33.7710304387793], 
            [-84.3996552077618, 33.7709994382363], 
            [-84.3999652077505, 33.7708594389332], 
            [-84.4002162077007, 33.7707464381853], 
            [-84.4003772079732, 33.7706734383946], 
            [-84.4005792074618, 33.7708134385779], 
            [-84.4010012081698, 33.7710234383988], 
            [-84.401351208233, 33.7712054387239], 
            [-84.4017352080722, 33.7713264389195], 
            [-84.4024272078178, 33.7715064382398], 
            [-84.4028572079888, 33.77155143851], 
            [-84.4035042083377, 33.7716084384288], 
            [-84.4041512086846, 33.7716304385247], 
            [-84.4046502084611, 33.7716914386342], 
            [-84.4046722085828, 33.7716944387724], 
            [-84.4050772093947, 33.7717814382914], 
            [-84.4054912088282, 33.7719204384205], 
            [-84.4059552096865, 33.7721314382862], 
            [-84.4063262089262, 33.7723224390274], 
            [-84.406644209305, 33.7725384382308], 
            [-84.4068792094272, 33.7727094389498], 
            [-84.407144210045, 33.7729334385258], 
            [-84.4072822092614, 33.7730674384336]
          ]
        ]
      }, 
      "properties" : null
    }, 
    {
      "type" : "Feature", 
      "geometry" : 
      {
        "type" : "Polygon", 
        "coordinates" : 
        [
          [
            [-84.4003772079732, 33.7706734383946], 
            [-84.4002162077007, 33.7707464381853], 
            [-84.3999652077505, 33.7708594389332], 
            [-84.3996552077618, 33.7709994382363], 
            [-84.3994872071622, 33.7710304387793], 
            [-84.3991812073587, 33.7711614385646], 
            [-84.3989662072783, 33.7712374384963], 
            [-84.3987792066975, 33.7712894391137], 
            [-84.3985892068761, 33.771329438276], 
            [-84.3983952068684, 33.7713574386811], 
            [-84.3982002068137, 33.7713734385303], 
            [-84.3966342060906, 33.7713714384957], 
            [-84.3963842061808, 33.771371438505], 
            [-84.396295206547, 33.7713644390833], 
            [-84.3960822065545, 33.7713464391566], 
            [-84.3959432063991, 33.7713364386985], 
            [-84.3955212066016, 33.7713344386215], 
            [-84.394899205617, 33.7713304384593], 
            [-84.3946592061712, 33.7713294384219], 
            [-84.3945552058417, 33.7713284392788], 
            [-84.3945432061842, 33.7713284392792], 
            [-84.3944402059011, 33.7713274392367], 
            [-84.3943432058965, 33.771326439194], 
            [-84.3942772055318, 33.7713264391964], 
            [-84.3934072056295, 33.7713214389971], 
            [-84.3929062057618, 33.7712904384788], 
            [-84.392060205175, 33.7712944386955], 
            [-84.3906862043687, 33.7713004390245], 
            [-84.3904612047192, 33.7712924386622], 
            [-84.3900672044221, 33.7712864392982], 
            [-84.389822204744, 33.7712814390757], 
            [-84.3894142046953, 33.7712504394532], 
            [-84.388849204557, 33.7712454392426], 
            [-84.3875912037369, 33.7712364388723], 
            [-84.3874252041298, 33.7712774389793], 
            [-84.3873132034305, 33.7713024392424], 
            [-84.3872462039189, 33.7713044393375], 
            [-84.3868912036337, 33.7713134388684], 
            [-84.3860592036959, 33.7713044393816], 
            [-84.3850012031631, 33.7712934389113], 
            [-84.3835852031046, 33.7712774391219], 
            [-84.3834472029966, 33.771286439544], 
            [-84.3833202024996, 33.77129443902], 
            [-84.3830682024969, 33.771293438983], 
            [-84.3818972021167, 33.7712864396015], 
            [-84.3818992021837, 33.7708014396148], 
            [-84.3819342019685, 33.7700364392452], 
            [-84.3819422023311, 33.7698744389342], 
            [-84.3819942019815, 33.7686594384002], 
            [-84.3820162020618, 33.7678844384671], 
            [-84.382023202367, 33.7675154384585], 
            [-84.3820362020257, 33.766664438602], 
            [-84.3820402021975, 33.7664064383401], 
            [-84.3820472015993, 33.765959438315], 
            [-84.3820532018563, 33.765557437677], 
            [-84.3820732018134, 33.7642104382232], 
            [-84.382088201561, 33.7632874377289], 
            [-84.382094201831, 33.7631284375569], 
            [-84.3821032022346, 33.7628644379162], 
            [-84.3820972019476, 33.7627024376056], 
            [-84.3821022021771, 33.7626554372266], 
            [-84.3821042022474, 33.7622324374144], 
            [-84.3816562021419, 33.7622154375427], 
            [-84.3813022018892, 33.7619634375721], 
            [-84.3807102013765, 33.761564437095], 
            [-84.3802002010732, 33.7611974371983], 
            [-84.3797862007272, 33.7608124373633], 
            [-84.3793432008284, 33.7603194370225], 
            [-84.3792632007061, 33.7601824369736], 
            [-84.3790802011904, 33.7598634365905], 
            [-84.3788962007293, 33.7595504364854], 
            [-84.3788642010392, 33.7594784367482], 
            [-84.3787662009746, 33.7592224365827], 
            [-84.3786822006628, 33.7590134367955], 
            [-84.3786132010489, 33.7588384367844], 
            [-84.378437200938, 33.7581284362727], 
            [-84.378421200187, 33.7579684369545], 
            [-84.3783952007657, 33.7577164369717], 
            [-84.3783492004055, 33.757261436578], 
            [-84.3783512004951, 33.7572004364498], 
            [-84.3782072000192, 33.7555274362879], 
            [-84.3785642003979, 33.7555304364137], 
            [-84.3785902006869, 33.7551894359029], 
            [-84.378604200425, 33.7549594360386], 
            [-84.3786252004839, 33.7546524362038], 
            [-84.3786772001848, 33.7543854355232], 
            [-84.3783362005488, 33.7543864355821], 
            [-84.3784532005559, 33.7538924360735], 
            [-84.3786402002167, 33.7534484352814], 
            [-84.3788322001133, 33.7530774351732], 
            [-84.3790752005789, 33.7527254350441], 
            [-84.3792502005915, 33.7524574352119], 
            [-84.3795332002145, 33.752091435332], 
            [-84.3798762008268, 33.7517924349567], 
            [-84.3810952006794, 33.7507264349871], 
            [-84.3821262008101, 33.749825434575], 
            [-84.3826242014148, 33.7494234348179], 
            [-84.3829492011962, 33.7492074346913], 
            [-84.3830002017621, 33.7491684346812], 
            [-84.383179201068, 33.7490334347153], 
            [-84.383317201171, 33.7489294343886], 
            [-84.3834972014308, 33.7489474343165], 
            [-84.383750201483, 33.7490064343426], 
            [-84.3838782020224, 33.7489244341361], 
            [-84.3841062018045, 33.7488084341494], 
            [-84.3846762021615, 33.7485634344688], 
            [-84.3847372022928, 33.7485374341613], 
            [-84.3853762022556, 33.7483154346443], 
            [-84.3867342022852, 33.7476654341576], 
            [-84.3877202030372, 33.7469824339543], 
            [-84.3877122026619, 33.7469064340309], 
            [-84.3877972030094, 33.7469154335454], 
            [-84.3880502030488, 33.7467344341436], 
            [-84.3881092030865, 33.7466934340406], 
            [-84.3883752028295, 33.7465044333684], 
            [-84.3894692031887, 33.7456614338424], 
            [-84.3897932029219, 33.7454114339392], 
            [-84.3900562034268, 33.7452584331363], 
            [-84.3902502034253, 33.7450594338022], 
            [-84.3908942036365, 33.7451464333124], 
            [-84.3914722034834, 33.7452404331492], 
            [-84.3916922038008, 33.7452594331221], 
            [-84.3921582038433, 33.7452964330203], 
            [-84.3923452035285, 33.7453134338009], 
            [-84.3931402044493, 33.7453584331583], 
            [-84.3933432039769, 33.7453614332897], 
            [-84.3935292045144, 33.7453664335146], 
            [-84.3936762041418, 33.745376433073], 
            [-84.393827203954, 33.7453734329285], 
            [-84.3941442042747, 33.7453684335844], 
            [-84.3941662043965, 33.7453724337689], 
            [-84.394470204113, 33.745351433684], 
            [-84.394462204644, 33.7454054334881], 
            [-84.3944602045599, 33.7455704330387], 
            [-84.3949812044525, 33.7455264336788], 
            [-84.3950442046777, 33.7455224334911], 
            [-84.3955712048489, 33.7454844335097], 
            [-84.3963432046942, 33.7453774330205], 
            [-84.3966792049961, 33.7453504335558], 
            [-84.3980762059591, 33.7451344333894], 
            [-84.3984472060822, 33.7450254328223], 
            [-84.3987122057852, 33.7449594333521], 
            [-84.3989502060343, 33.7448994332615], 
            [-84.3994052055562, 33.7447454333044], 
            [-84.4001332060479, 33.7444534332391], 
            [-84.4012242062846, 33.7439244329722], 
            [-84.4024002068661, 33.7433544326012], 
            [-84.4024602069509, 33.7433274322474], 
            [-84.4036412068677, 33.7428064323478], 
            [-84.4037652072357, 33.7429914328201], 
            [-84.4038252073309, 33.7431604325537], 
            [-84.4038752069609, 33.7433064321214], 
            [-84.4040152071755, 33.7435554328603], 
            [-84.4044232072611, 33.7442794331126], 
            [-84.4044652074153, 33.7443534329422], 
            [-84.4045342070263, 33.7444754331958], 
            [-84.4046272077517, 33.7446094331052], 
            [-84.404737207467, 33.7447354326434], 
            [-84.405653207749, 33.7455654332912], 
            [-84.4058862077789, 33.7457454326286], 
            [-84.4065712081173, 33.7462724327371], 
            [-84.4061842081663, 33.746664432926], 
            [-84.405785207661, 33.7471074336796], 
            [-84.4057432075136, 33.747161433485], 
            [-84.4055932077582, 33.7473614337632], 
            [-84.4051412075029, 33.7480164335487], 
            [-84.4045342072615, 33.7488994340104], 
            [-84.4042492075481, 33.74931243337], 
            [-84.4038972074291, 33.7498264338138], 
            [-84.403565207337, 33.7503084336738], 
            [-84.4032432077087, 33.7507834341085], 
            [-84.4031312070196, 33.7510014343198], 
            [-84.4030492077196, 33.7511604344947], 
            [-84.4029212071958, 33.7515384340254], 
            [-84.4028562068972, 33.7519074340362], 
            [-84.4028502075261, 33.7520584347369], 
            [-84.4028402070769, 33.7523374341733], 
            [-84.4028262073554, 33.7528794350026], 
            [-84.4028252073225, 33.7531334350791], 
            [-84.4028242072792, 33.7531924351146], 
            [-84.4028242073059, 33.7536934349431], 
            [-84.4028232072693, 33.7538774344745], 
            [-84.4028062074197, 33.7546304351869], 
            [-84.4028032073057, 33.755103435517], 
            [-84.4027962070465, 33.7563374351309], 
            [-84.4027942078631, 33.7565264357933], 
            [-84.4027902076955, 33.7568654353112], 
            [-84.4027772071559, 33.7580624359092], 
            [-84.402765207554, 33.7591074357603], 
            [-84.402757207221, 33.7598264357964], 
            [-84.4027652076033, 33.7600334363931], 
            [-84.4027462076639, 33.7608424361025], 
            [-84.402742207495, 33.7611564362609], 
            [-84.4027322079787, 33.7620664361527], 
            [-84.4027322080024, 33.7625114369842], 
            [-84.4027472078061, 33.7626424367575], 
            [-84.4027702079851, 33.7628504365006], 
            [-84.4028342082718, 33.7631284367872], 
            [-84.4029402078112, 33.7634374367098], 
            [-84.4027912080915, 33.7634374367154], 
            [-84.4020382073234, 33.7634354366507], 
            [-84.4016772076583, 33.7634274371928], 
            [-84.4016772076624, 33.7635054372091], 
            [-84.4016852071712, 33.7641984369394], 
            [-84.4016902074364, 33.7648224370703], 
            [-84.4016912074875, 33.7649094375037], 
            [-84.400102207497, 33.7649314376826], 
            [-84.400102207525, 33.76545743777], 
            [-84.4001012075026, 33.7659074379338], 
            [-84.4002812068891, 33.7664154371806], 
            [-84.4016952077529, 33.7664094377495], 
            [-84.4016842082357, 33.7681734376363], 
            [-84.4024642084584, 33.768181437978], 
            [-84.4024552080665, 33.7686644378722], 
            [-84.4026912082255, 33.7686554383459], 
            [-84.4028582078835, 33.7687014377728], 
            [-84.4030072085082, 33.7688094382742], 
            [-84.4031372082521, 33.768933437719], 
            [-84.4031672078551, 33.7691134379632], 
            [-84.4032222086265, 33.769448438193], 
            [-84.4032142082897, 33.7700944384443], 
            [-84.402465207709, 33.7701254381097], 
            [-84.40233020774, 33.7701304383463], 
            [-84.4019912081981, 33.7701544385714], 
            [-84.4016692076477, 33.7702034381556], 
            [-84.4015762078299, 33.770225438279], 
            [-84.4013882081015, 33.7702694385258], 
            [-84.401214208124, 33.7703234383361], 
            [-84.4011262076391, 33.7703504386909], 
            [-84.401025207451, 33.7703894387028], 
            [-84.4008952077165, 33.7704404383725], 
            [-84.4003772079732, 33.7706734383946]
          ]
        ]
      }, 
      "properties" : null
    }, 
    {
      "type" : "Feature", 
      "geometry" : 
      {
        "type" : "Polygon", 
        "coordinates" : 
        [
          [
            [-84.3919502069655, 33.7994244451158], 
            [-84.3913262068092, 33.7998284449701], 
            [-84.3902972058541, 33.8003904449651], 
            [-84.3892212063166, 33.8009774452205], 
            [-84.388347205353, 33.8014154457601], 
            [-84.388249205305, 33.8014714456602], 
            [-84.3873202053914, 33.8020024460138], 
            [-84.3871482055096, 33.8021124457204], 
            [-84.3873282057521, 33.8018054458799], 
            [-84.387359205388, 33.8017314460477], 
            [-84.387555205465, 33.8012644450891], 
            [-84.3868852049533, 33.8013034451222], 
            [-84.3869562055477, 33.8012584457327], 
            [-84.3871952049397, 33.801121445672], 
            [-84.3875042057804, 33.8009644455814], 
            [-84.3876802058493, 33.8008834454195], 
            [-84.3878622052667, 33.8002274455978], 
            [-84.3877762057348, 33.799520445222], 
            [-84.3877542056133, 33.7995214452691], 
            [-84.387722205027, 33.7995104447607], 
            [-84.3877052051356, 33.7994734448458], 
            [-84.387710205341, 33.7989744451098], 
            [-84.387714205506, 33.7985874451667], 
            [-84.3877322053443, 33.79675744492], 
            [-84.3875842056711, 33.7967574449255], 
            [-84.3875892050012, 33.7967084444539], 
            [-84.3875722050634, 33.7958054439882], 
            [-84.3876522051786, 33.7958074440778], 
            [-84.3876802055352, 33.7949944441828], 
            [-84.387666204878, 33.7948524438998], 
            [-84.3876072048294, 33.7946874443516], 
            [-84.3875692048589, 33.7945794438461], 
            [-84.3875522049676, 33.7945464441165], 
            [-84.3873462052819, 33.7941904438188], 
            [-84.3863242045339, 33.7925454440878], 
            [-84.3851232044625, 33.7907064434694], 
            [-84.3844732039265, 33.7897504432697], 
            [-84.3842502034528, 33.7894094427682], 
            [-84.3840952034409, 33.7891494433189], 
            [-84.3840062037979, 33.7889694430769], 
            [-84.3837832033143, 33.7884424429514], 
            [-84.3835012036788, 33.7877044429452], 
            [-84.383152203624, 33.786811442955], 
            [-84.3830522034656, 33.7865384429015], 
            [-84.3829572035518, 33.7865004429431], 
            [-84.3826932029923, 33.7864994429066], 
            [-84.3821672028654, 33.7864984428798], 
            [-84.3811012028611, 33.7864944427341], 
            [-84.3791402026938, 33.7864874424826], 
            [-84.3781402021553, 33.7864904426587], 
            [-84.3781392021406, 33.7870864432913], 
            [-84.3781392021534, 33.7873274427654], 
            [-84.3781242023631, 33.7874474429296], 
            [-84.3780952019222, 33.7875494431596], 
            [-84.3780422021665, 33.7876584428155], 
            [-84.3780292015648, 33.7876884433065], 
            [-84.3779452021696, 33.7878034432416], 
            [-84.3778642020124, 33.7878824433073], 
            [-84.3775352020511, 33.7882054429954], 
            [-84.3772302014031, 33.7884954429523], 
            [-84.3767182019492, 33.7889324434321], 
            [-84.3763342012353, 33.7892734430568], 
            [-84.3762892018473, 33.7893144431593], 
            [-84.3757872010595, 33.789765443388], 
            [-84.3756832016351, 33.7898724438525], 
            [-84.3755652015619, 33.7899954432601], 
            [-84.3742432014571, 33.7916374438386], 
            [-84.3740102014522, 33.7919274437929], 
            [-84.3738862011016, 33.7920684440346], 
            [-84.3732102012456, 33.7927614446896], 
            [-84.3728172010173, 33.7931754440993], 
            [-84.3727342007677, 33.7932644446285], 
            [-84.3723262007436, 33.7936964448727], 
            [-84.3719382007463, 33.794090444255], 
            [-84.3715052004618, 33.7945304448708], 
            [-84.3708402002161, 33.7952074447841], 
            [-84.3705801998109, 33.7946204445782], 
            [-84.3704022005158, 33.7940864450262], 
            [-84.3703452005596, 33.7939164443469], 
            [-84.37028520046, 33.793666444458], 
            [-84.3702012001409, 33.7933214446653], 
            [-84.3701961999068, 33.793281444611], 
            [-84.3700771997261, 33.7922584439855], 
            [-84.3700731995388, 33.7922254442554], 
            [-84.3701102003331, 33.7917884437933], 
            [-84.3701781998492, 33.7909994441093], 
            [-84.3705192002592, 33.7886464439021], 
            [-84.3705641996275, 33.7882354437449], 
            [-84.3707631997723, 33.7864254426193], 
            [-84.3707471999189, 33.7862324426716], 
            [-84.3707241997354, 33.7859404426341], 
            [-84.3705101996473, 33.7850004422601], 
            [-84.3702701992725, 33.7844424424977], 
            [-84.3701141992153, 33.7842034422227], 
            [-84.3697931995818, 33.783711442823], 
            [-84.3693401992119, 33.7830874427087], 
            [-84.3686561989016, 33.7822194420906], 
            [-84.3685741986881, 33.7821144417257], 
            [-84.3684001986963, 33.7818994416639], 
            [-84.3678021987862, 33.7811594415767], 
            [-84.3672471981764, 33.7804734421911], 
            [-84.3665591985752, 33.7795204412324], 
            [-84.3664831986401, 33.7794144417202], 
            [-84.3660981978276, 33.7787754418078], 
            [-84.3660511983397, 33.7786834411446], 
            [-84.3658881979535, 33.7783664417527], 
            [-84.3656691976548, 33.7778264410247], 
            [-84.3656231982096, 33.777664441615], 
            [-84.3654731975163, 33.7771394415795], 
            [-84.3653921973347, 33.7767614411571], 
            [-84.3649541975849, 33.7747104405809], 
            [-84.3646151970706, 33.7733604401023], 
            [-84.364682197481, 33.7733474403968], 
            [-84.3648631977854, 33.7733304405018], 
            [-84.3650671973593, 33.7733324405869], 
            [-84.3661621978141, 33.7734134407017], 
            [-84.3669381978531, 33.7734564399671], 
            [-84.3673661979302, 33.7734794401175], 
            [-84.36765019852, 33.7735084405512], 
            [-84.3684421984069, 33.7736394402956], 
            [-84.3691471987525, 33.773759440433], 
            [-84.369737199156, 33.7738474399915], 
            [-84.3698821986908, 33.773862440681], 
            [-84.3700321993564, 33.7738654399151], 
            [-84.3703441994436, 33.7738334402196], 
            [-84.3703611993325, 33.7738214405624], 
            [-84.3709081995267, 33.7736724399343], 
            [-84.372805199394, 33.7731524400544], 
            [-84.3731872000275, 33.7730454404789], 
            [-84.3735032002969, 33.7729484395705], 
            [-84.3748102006688, 33.7725034395899], 
            [-84.3751152004276, 33.772402439396], 
            [-84.3753502005378, 33.7723484395835], 
            [-84.3756112000572, 33.7723194400289], 
            [-84.3758752006167, 33.7723194400191], 
            [-84.3761142009168, 33.7723454394161], 
            [-84.3771042010007, 33.7725194393467], 
            [-84.3773982011552, 33.7725484397801], 
            [-84.3777062010592, 33.7725604394252], 
            [-84.3777202008039, 33.7724544399098], 
            [-84.3777392007215, 33.771239439377], 
            [-84.3783562014742, 33.7712454396321], 
            [-84.3791632011513, 33.7712554391661], 
            [-84.3794822015653, 33.7712584392933], 
            [-84.3795742013378, 33.7712594393361], 
            [-84.3803742015894, 33.7712694397697], 
            [-84.3804992019941, 33.7712704398115], 
            [-84.3810232020285, 33.7712764391706], 
            [-84.3812822023561, 33.7712784392537], 
            [-84.3818972021167, 33.7712864396015], 
            [-84.3830682024969, 33.771293438983], 
            [-84.3833202024996, 33.77129443902], 
            [-84.3834472029966, 33.771286439544], 
            [-84.3835852031046, 33.7712774391219], 
            [-84.3850012031631, 33.7712934389113], 
            [-84.3860592036959, 33.7713044393816], 
            [-84.3868912036337, 33.7713134388684], 
            [-84.3872462039189, 33.7713044393375], 
            [-84.3873132034305, 33.7713024392424], 
            [-84.3874252041298, 33.7712774389793], 
            [-84.3875912037369, 33.7712364388723], 
            [-84.388849204557, 33.7712454392426], 
            [-84.3894142046953, 33.7712504394532], 
            [-84.389822204744, 33.7712814390757], 
            [-84.3900672044221, 33.7712864392982], 
            [-84.3900392050588, 33.7738674392651], 
            [-84.3903072049748, 33.7751854400624], 
            [-84.3903592047033, 33.7754384400906], 
            [-84.3906182051076, 33.7768814403842], 
            [-84.3910072051727, 33.7768884397946], 
            [-84.3910382048204, 33.7770344402623], 
            [-84.3911182049721, 33.7777224406575], 
            [-84.3911442052981, 33.778075440823], 
            [-84.3911742049128, 33.7784754404677], 
            [-84.3911812052508, 33.7787224402196], 
            [-84.391189205691, 33.780016440814], 
            [-84.3911902057418, 33.780099441062], 
            [-84.3911462055754, 33.7815394412278], 
            [-84.3911402053077, 33.7817414415933], 
            [-84.3911252056895, 33.785091442113], 
            [-84.3911432057105, 33.7866884423556], 
            [-84.3908392059927, 33.7866854422279], 
            [-84.3908532057818, 33.7874134426801], 
            [-84.3909122058907, 33.7887074423732], 
            [-84.3914132058862, 33.7911364433721], 
            [-84.3914552060514, 33.7914164428528], 
            [-84.3914652065236, 33.7915684435993], 
            [-84.3915972063518, 33.7915334428722], 
            [-84.3916052058282, 33.7916164431199], 
            [-84.391727206093, 33.7916074435977], 
            [-84.3918892064135, 33.7915614432592], 
            [-84.3920572061388, 33.7919984437137], 
            [-84.3921892059854, 33.792309443728], 
            [-84.392351206327, 33.7926604437956], 
            [-84.3933092068167, 33.7945614436981], 
            [-84.3934602066483, 33.7949204441368], 
            [-84.3935552065757, 33.7952144442643], 
            [-84.3936242070956, 33.7955134437249], 
            [-84.3936612070271, 33.795760444375], 
            [-84.3936692074014, 33.7958164442711], 
            [-84.3936872073506, 33.7960664441616], 
            [-84.3936892065554, 33.7962774440444], 
            [-84.393670206589, 33.796577444454], 
            [-84.3936052071943, 33.7970324448517], 
            [-84.3934902072734, 33.797400444818], 
            [-84.3933792066346, 33.7976904447677], 
            [-84.3932122069973, 33.798033444477], 
            [-84.3931952071093, 33.7980614448755], 
            [-84.393043207264, 33.7983154449576], 
            [-84.3929212070076, 33.7984844446978], 
            [-84.3926972065197, 33.7987484452458], 
            [-84.3925842066782, 33.7988654452746], 
            [-84.392352206716, 33.7990834445911], 
            [-84.3922652071805, 33.7991794445453], 
            [-84.3921702063741, 33.7992664449822], 
            [-84.3921102062907, 33.7993214448346], 
            [-84.3919502069655, 33.7994244451158]
          ]
        ]
      }, 
      "properties" : null
    }, 
    {
      "type" : "Feature", 
      "geometry" : 
      {
        "type" : "Polygon", 
        "coordinates" : 
        [
          [
            [-84.4091822105459, 33.7796584397475], 
            [-84.4093252108864, 33.7796594397885], 
            [-84.410237210939, 33.77966343994], 
            [-84.4104342110875, 33.7796664400716], 
            [-84.4120602110069, 33.7798444401639], 
            [-84.4124312111373, 33.7798744397413], 
            [-84.4129772112961, 33.7799354398492], 
            [-84.4133752117983, 33.7803074399816], 
            [-84.4140792121253, 33.7809474399285], 
            [-84.4144232119161, 33.7812414400467], 
            [-84.4146212121243, 33.7814924399768], 
            [-84.4147632124312, 33.7817324402985], 
            [-84.4149042126946, 33.7820284405169], 
            [-84.4149772124961, 33.7822384403508], 
            [-84.4152352128305, 33.7832394408513], 
            [-84.4152682125762, 33.7834844405094], 
            [-84.4153022123819, 33.7839834411433], 
            [-84.4152942129158, 33.7840914407513], 
            [-84.4152602122473, 33.7842774412759], 
            [-84.4152292126132, 33.7843854408846], 
            [-84.415120212963, 33.7846104405208], 
            [-84.4150302123928, 33.7847744409276], 
            [-84.4149752125428, 33.7848574411776], 
            [-84.4148872120623, 33.7849644407422], 
            [-84.4147152121845, 33.7851474411329], 
            [-84.4145022122025, 33.7853254412935], 
            [-84.4143822120344, 33.7854094415923], 
            [-84.4142162124308, 33.7855144410671], 
            [-84.4138702125726, 33.7856974414643], 
            [-84.4134392123661, 33.7858594408917], 
            [-84.4131012119762, 33.7859744417355], 
            [-84.4116862119922, 33.7864854411806], 
            [-84.4109802116203, 33.7867434414685], 
            [-84.4105792110081, 33.7869194415434], 
            [-84.4095202113568, 33.7874414414849], 
            [-84.4088822105497, 33.7878244421656], 
            [-84.4082822106067, 33.7882064418991], 
            [-84.4076702110057, 33.7885824422545], 
            [-84.4074812102618, 33.7873184421575], 
            [-84.4073882104282, 33.7870434420109], 
            [-84.4073182107682, 33.7868734413322], 
            [-84.4069802103379, 33.7862324413254], 
            [-84.4060642100998, 33.7862294412205], 
            [-84.4052322101623, 33.7862254419654], 
            [-84.4049032092844, 33.7862244419313], 
            [-84.4049262094864, 33.7868634418571], 
            [-84.4050012094217, 33.7878434422908], 
            [-84.4049012101796, 33.7878884416813], 
            [-84.404708209323, 33.7879914419637], 
            [-84.4045962095251, 33.7880534421424], 
            [-84.4044792094953, 33.7881224417462], 
            [-84.4041852093507, 33.7882774417435], 
            [-84.4039152094196, 33.788419442037], 
            [-84.4037112098517, 33.7885314418375], 
            [-84.4034672093284, 33.7886714420374], 
            [-84.4033922094476, 33.7887124421411], 
            [-84.4032822097401, 33.7887304420798], 
            [-84.4030592092873, 33.7887814426522], 
            [-84.4029662094691, 33.7887974424975], 
            [-84.4028562088613, 33.7887974425017], 
            [-84.4027372096343, 33.7887944423671], 
            [-84.4025022095209, 33.7887884420979], 
            [-84.402002208802, 33.7887894421628], 
            [-84.4015462092254, 33.7887884421334], 
            [-84.4010882086574, 33.7888004427064], 
            [-84.4009002089269, 33.7888054420457], 
            [-84.4007062089182, 33.7888134424235], 
            [-84.400558208349, 33.7888774426961], 
            [-84.4002782088517, 33.7889894424995], 
            [-84.4000612086793, 33.7890784421342], 
            [-84.3998092086834, 33.7892044425851], 
            [-84.3997112086351, 33.7892544422072], 
            [-84.3992522080317, 33.7894744425241], 
            [-84.398714208261, 33.7897304427132], 
            [-84.3985922079983, 33.7897804423362], 
            [-84.3984772080603, 33.7898284427657], 
            [-84.3982142075528, 33.7899334431434], 
            [-84.3980352082425, 33.7899854428612], 
            [-84.3979472077573, 33.7900054428917], 
            [-84.3978132078361, 33.7900364425343], 
            [-84.3976172077355, 33.7900634428931], 
            [-84.3974382075239, 33.7900784426954], 
            [-84.3972162080145, 33.7900874431205], 
            [-84.3970222080037, 33.7900554425446], 
            [-84.3968672080042, 33.7900294431444], 
            [-84.3967172073369, 33.7899934423815], 
            [-84.3957982069592, 33.789984442898], 
            [-84.3951572068915, 33.7899784426438], 
            [-84.3950952067193, 33.7901074432267], 
            [-84.3950722074507, 33.7901084432739], 
            [-84.3944132065476, 33.7900994428814], 
            [-84.3937312063761, 33.7900974428141], 
            [-84.3932202069451, 33.7900924426014], 
            [-84.3932332066419, 33.7899594427344], 
            [-84.3921102057909, 33.7899494432122], 
            [-84.3919752058216, 33.7899484431708], 
            [-84.3919892064772, 33.7900584428706], 
            [-84.3920012061361, 33.7900864432681], 
            [-84.3919972059515, 33.7901044432028], 
            [-84.3920362059737, 33.7903124429453], 
            [-84.3921012063058, 33.7905714432509], 
            [-84.3921782062939, 33.7908014431119], 
            [-84.3922792064968, 33.7910384432963], 
            [-84.3924252060916, 33.7913094432555], 
            [-84.3923072060136, 33.7913424429901], 
            [-84.3922722061886, 33.7913524434547], 
            [-84.3921052065354, 33.7913964437007], 
            [-84.3918912064685, 33.7908534428337], 
            [-84.3917382065392, 33.7904024426294], 
            [-84.3916032056464, 33.7899474431384], 
            [-84.3914672056012, 33.7893954427508], 
            [-84.3911642058468, 33.7878354424343], 
            [-84.391136205461, 33.7881014421684], 
            [-84.3912682062339, 33.7889174430959], 
            [-84.3913512056238, 33.7895734429078], 
            [-84.3915852057877, 33.7913974428671], 
            [-84.3915972063518, 33.7915334428722], 
            [-84.3914652065236, 33.7915684435993], 
            [-84.3914552060514, 33.7914164428528], 
            [-84.3914132058862, 33.7911364433721], 
            [-84.3909122058907, 33.7887074423732], 
            [-84.3908532057818, 33.7874134426801], 
            [-84.3908392059927, 33.7866854422279], 
            [-84.3911432057105, 33.7866884423556], 
            [-84.3911252056895, 33.785091442113], 
            [-84.3911402053077, 33.7817414415933], 
            [-84.3911462055754, 33.7815394412278], 
            [-84.3916112055698, 33.7815444414422], 
            [-84.3919502060125, 33.7815474415686], 
            [-84.393574205828, 33.7815174410177], 
            [-84.3942122066549, 33.7815064413836], 
            [-84.3948362068329, 33.7815074414068], 
            [-84.3960212069632, 33.7815104406024], 
            [-84.3977162073773, 33.7815144407248], 
            [-84.3991512074175, 33.7815184408568], 
            [-84.399353207798, 33.7815194408956], 
            [-84.3999132077039, 33.7815204409211], 
            [-84.4006072084321, 33.7815214409417], 
            [-84.4008362082669, 33.7815234410258], 
            [-84.401308208586, 33.7815254411009], 
            [-84.4026302087786, 33.7815324404768], 
            [-84.4027352091545, 33.7815334405193], 
            [-84.4041932093629, 33.7815414408357], 
            [-84.4060892101113, 33.7815524403756], 
            [-84.4068642101018, 33.7815564405321], 
            [-84.4074802099086, 33.7815604406945], 
            [-84.4074592097316, 33.7796504403403], 
            [-84.4082342106214, 33.7796534404504], 
            [-84.4083622102659, 33.779654440492], 
            [-84.4091822105459, 33.7796584397475]
          ]
        ]
      }, 
      "properties" : null
    }, 
    {
      "type" : "Feature", 
      "geometry" : 
      {
        "type" : "Polygon", 
        "coordinates" : 
        [
          [
            [-84.466674225715, 33.7517634321901], 
            [-84.4670942254221, 33.7518114317004], 
            [-84.467471225833, 33.7518834323241], 
            [-84.4674362260292, 33.7522894322492], 
            [-84.4674402262213, 33.7524124325516], 
            [-84.4674272256227, 33.7524994320862], 
            [-84.467423226353, 33.7528104321055], 
            [-84.4674582262281, 33.7537434321618], 
            [-84.4674922260212, 33.7540064326539], 
            [-84.4675642257787, 33.7542634328666], 
            [-84.467672226307, 33.7545114326611], 
            [-84.4677412259176, 33.7546254325441], 
            [-84.4678152257607, 33.7547474327976], 
            [-84.4678632261928, 33.7548104330166], 
            [-84.4669792256453, 33.7548864329731], 
            [-84.466748225718, 33.7548894322214], 
            [-84.4665412260044, 33.7548784326188], 
            [-84.4663312261509, 33.7548564325067], 
            [-84.4660352259036, 33.7548254328801], 
            [-84.4657322253212, 33.7546044325452], 
            [-84.4656402255451, 33.7545374330418], 
            [-84.4652912255258, 33.7543094323843], 
            [-84.464764225336, 33.753996432292], 
            [-84.4645032249083, 33.7538564321109], 
            [-84.4641802252003, 33.7537044322755], 
            [-84.4638572245935, 33.7535644320966], 
            [-84.4634922247354, 33.7534174324944], 
            [-84.4630572243269, 33.753268432802], 
            [-84.4630722250132, 33.7530874325098], 
            [-84.4625952244545, 33.7529394319661], 
            [-84.4607592237652, 33.7524134319468], 
            [-84.4597212241447, 33.7521004327728], 
            [-84.459201223389, 33.7519484320454], 
            [-84.4565542228243, 33.7511714321188], 
            [-84.4564852223193, 33.7511514320941], 
            [-84.4558622221776, 33.7509564320763], 
            [-84.4556022226997, 33.7508924318189], 
            [-84.4551592219227, 33.750795431838], 
            [-84.4547862225969, 33.7507294323914], 
            [-84.4543862220191, 33.7506774317958], 
            [-84.4536712221133, 33.7506414319532], 
            [-84.4525962216944, 33.7506914325108], 
            [-84.4518682211942, 33.7508224323118], 
            [-84.4497052206709, 33.7512644321852], 
            [-84.4493962207248, 33.7513314326028], 
            [-84.4488732207425, 33.7514294326658], 
            [-84.4486172205563, 33.7514674326372], 
            [-84.4483762201664, 33.7514974322374], 
            [-84.4480502203278, 33.7515094328054], 
            [-84.4478502200404, 33.7515124329518], 
            [-84.4473352204235, 33.7515014324613], 
            [-84.4466662199509, 33.7514004323036], 
            [-84.4461122194184, 33.7512934327628], 
            [-84.4460962195846, 33.7514684327771], 
            [-84.446010220088, 33.7514224324479], 
            [-84.4457952200006, 33.7513634324204], 
            [-84.445728219588, 33.7513364329706], 
            [-84.4455572197432, 33.7512674324782], 
            [-84.4453012195504, 33.751181433], 
            [-84.4448552195291, 33.7510014327712], 
            [-84.4447242197434, 33.7509634328142], 
            [-84.4441482190808, 33.7506954330099], 
            [-84.4440362192754, 33.750619432191], 
            [-84.4438302187027, 33.7504914325637], 
            [-84.4436242190284, 33.7503484322416], 
            [-84.4432802192392, 33.7500834325677], 
            [-84.4428822187413, 33.7497914325441], 
            [-84.4426962190948, 33.7496294322403], 
            [-84.4422212186207, 33.7493294327483], 
            [-84.4421792184673, 33.7492724328071], 
            [-84.4419232182684, 33.7490714324976], 
            [-84.4414762181938, 33.748763432634], 
            [-84.44135821811, 33.7486864326683], 
            [-84.441119217803, 33.7485294325981], 
            [-84.4406042181697, 33.748209432181], 
            [-84.440428218091, 33.7481074319586], 
            [-84.4402392183085, 33.748006431783], 
            [-84.4399672173701, 33.7478614322699], 
            [-84.439663217645, 33.7477214320903], 
            [-84.4393582178749, 33.7476064321697], 
            [-84.4390312170841, 33.7474974325279], 
            [-84.4389542171073, 33.7474794316968], 
            [-84.4395772172393, 33.7474914322297], 
            [-84.4399162176821, 33.7474964324487], 
            [-84.4402162181137, 33.7475024318162], 
            [-84.4402282177489, 33.7470824321426], 
            [-84.4402592173349, 33.7460694319747], 
            [-84.4402842175909, 33.7459784313551], 
            [-84.4403462177655, 33.7458954320041], 
            [-84.4404412175771, 33.7440124310976], 
            [-84.4465242192662, 33.7440584312043], 
            [-84.4466032190749, 33.7391714296209], 
            [-84.4466092193338, 33.7388054297513], 
            [-84.4466642191811, 33.7386754300218], 
            [-84.4468762190553, 33.7373414293646], 
            [-84.4470452196482, 33.7363094292106], 
            [-84.4472032188376, 33.7353964291743], 
            [-84.4473552195507, 33.7345494285986], 
            [-84.4475012190861, 33.7337034289688], 
            [-84.4482492196224, 33.7337114284123], 
            [-84.4489842195556, 33.7337224288947], 
            [-84.4494062193533, 33.7337274291107], 
            [-84.4496682198194, 33.733718428684], 
            [-84.4506712204919, 33.7336214286495], 
            [-84.4508962201407, 33.7336174284558], 
            [-84.4512092202768, 33.7336334282862], 
            [-84.4519922206418, 33.7337004286632], 
            [-84.4525502204596, 33.7337904283155], 
            [-84.4531042209933, 33.7339214289681], 
            [-84.4534322209288, 33.7339894285091], 
            [-84.4537892213093, 33.734028428504], 
            [-84.4538612210547, 33.7340574289456], 
            [-84.4554612215373, 33.7336974283955], 
            [-84.4561682219609, 33.7335384281974], 
            [-84.456488221521, 33.733526428529], 
            [-84.456787221907, 33.7335464285451], 
            [-84.4568262219182, 33.7335484286364], 
            [-84.4570782219155, 33.7334504285833], 
            [-84.4573002223185, 33.7333344285968], 
            [-84.4580912221282, 33.7328914287281], 
            [-84.4581542222169, 33.7303184273318], 
            [-84.4581892220334, 33.7301474275021], 
            [-84.4582592216743, 33.7299584277364], 
            [-84.4583592218086, 33.7297794275337], 
            [-84.4584872223435, 33.7296134279322], 
            [-84.4603152225364, 33.7277874269041], 
            [-84.4604882224657, 33.727698427271], 
            [-84.4606692227683, 33.7276504268391], 
            [-84.460845222841, 33.7276394272223], 
            [-84.4610622230195, 33.7276664266664], 
            [-84.4613292228218, 33.7277224274524], 
            [-84.4615982227182, 33.7278024266521], 
            [-84.4618592231436, 33.7279014267324], 
            [-84.462363223162, 33.7281504274578], 
            [-84.4624402231335, 33.7280694272996], 
            [-84.4630182229497, 33.7275874265312], 
            [-84.4633272237833, 33.7272984266204], 
            [-84.4634552234199, 33.7271514269998], 
            [-84.4635402237594, 33.7270084266668], 
            [-84.4636292233799, 33.7267684263364], 
            [-84.4640432237349, 33.7273234268527], 
            [-84.4642212239107, 33.7275074272768], 
            [-84.4644122237896, 33.7276764270054], 
            [-84.4646322241149, 33.7278474268257], 
            [-84.4648092242428, 33.7280034268519], 
            [-84.4649172238646, 33.7281194268262], 
            [-84.4650212242018, 33.7282644272448], 
            [-84.4651002242785, 33.7284174271357], 
            [-84.4651852237374, 33.7286284270155], 
            [-84.4652082239104, 33.7287224268729], 
            [-84.4652122240983, 33.7287654270663], 
            [-84.465341223864, 33.7301744275882], 
            [-84.465274224398, 33.73103542791], 
            [-84.4653432240012, 33.7310084275559], 
            [-84.4661932247676, 33.7308964277314], 
            [-84.4683702250434, 33.7304944270127], 
            [-84.4685052250365, 33.7309434271251], 
            [-84.4685202248435, 33.7311354279258], 
            [-84.4685122253764, 33.7312264276455], 
            [-84.4677532253286, 33.7330924277891], 
            [-84.4677172245675, 33.7332814284528], 
            [-84.4677332253194, 33.7334584276592], 
            [-84.4677712252904, 33.7335774277751], 
            [-84.4678382248088, 33.7337024281678], 
            [-84.4679202250221, 33.7338044283937], 
            [-84.4680282255422, 33.733901428387], 
            [-84.4693002252528, 33.7346554281985], 
            [-84.4684892254558, 33.7358794282782], 
            [-84.4670712252473, 33.7347824287691], 
            [-84.4658332244051, 33.7338134279888], 
            [-84.4656332243888, 33.7389134295521], 
            [-84.4656542247274, 33.7438654305457], 
            [-84.4669692254939, 33.7438664305432], 
            [-84.4669532257223, 33.7452094307107], 
            [-84.4669062253495, 33.7453884309115], 
            [-84.4668762257651, 33.745559430741], 
            [-84.4667822250681, 33.7468304311729], 
            [-84.4667512254508, 33.7472544310325], 
            [-84.4667382257682, 33.7476564307715], 
            [-84.466674225715, 33.7517634321901]
          ]
        ]
      }, 
      "properties" : null
    }, 
    {
      "type" : "Feature", 
      "geometry" : 
      {
        "type" : "Polygon", 
        "coordinates" : 
        [
          [
            [-84.4260592123352, 33.714637425986], 
            [-84.426735212088, 33.7126684251189], 
            [-84.4266432122009, 33.7125694252923], 
            [-84.4264882123388, 33.7124014249003], 
            [-84.4264412119538, 33.7123504252372], 
            [-84.4263572116483, 33.7122594246217], 
            [-84.4267082116964, 33.7112814251639], 
            [-84.4267462116555, 33.7111754247482], 
            [-84.4269402116314, 33.7105494245172], 
            [-84.4271292122661, 33.7097614248747], 
            [-84.4271442120581, 33.7096724243482], 
            [-84.4271682122648, 33.7095274248241], 
            [-84.4273512116823, 33.7079954239878], 
            [-84.4275452116224, 33.7066944239606], 
            [-84.427651212045, 33.7067024234281], 
            [-84.4279482122438, 33.7049414236692], 
            [-84.4280582118903, 33.7037724234655], 
            [-84.4281402120731, 33.703301423225], 
            [-84.4283032123878, 33.7022704231173], 
            [-84.4283832115737, 33.7017084231576], 
            [-84.4283022123121, 33.7017174226782], 
            [-84.4284792123607, 33.7003794227361], 
            [-84.4285292119646, 33.7000324219464], 
            [-84.4286182115965, 33.7000054224909], 
            [-84.4287172116923, 33.699976422043], 
            [-84.4289712117837, 33.6999004221098], 
            [-84.4292982125635, 33.6998024220541], 
            [-84.4306182126641, 33.6998284223104], 
            [-84.4308922127885, 33.6998334225319], 
            [-84.4358392139257, 33.6999264221608], 
            [-84.4379162149782, 33.6999234219448], 
            [-84.4379012143405, 33.7010234225457], 
            [-84.4430452165253, 33.7011164221673], 
            [-84.443032215975, 33.7021144225391], 
            [-84.4429612164234, 33.7048644231431], 
            [-84.4429342161111, 33.7056424232155], 
            [-84.4421512157496, 33.7056394231055], 
            [-84.4420172158322, 33.7057434234321], 
            [-84.4419802159163, 33.7057884228203], 
            [-84.4419812159663, 33.7058574233191], 
            [-84.4419482163881, 33.7087694233331], 
            [-84.441920216153, 33.7118774243336], 
            [-84.4422432167492, 33.7118194243326], 
            [-84.4437002168974, 33.7115714244801], 
            [-84.4458762171285, 33.7112004242984], 
            [-84.4464152178531, 33.7110994240957], 
            [-84.446625217702, 33.7110354238208], 
            [-84.4468512173925, 33.7109434240467], 
            [-84.4469302174592, 33.710905424082], 
            [-84.447598217859, 33.7105094236972], 
            [-84.4481822179598, 33.7101444238525], 
            [-84.4485332180498, 33.7099564241228], 
            [-84.4488432180386, 33.7098194240594], 
            [-84.4506182185302, 33.7091234232246], 
            [-84.4507412188393, 33.7090744236479], 
            [-84.4519002195373, 33.7086204232558], 
            [-84.4533942195858, 33.7080344230312], 
            [-84.4550162201754, 33.7073984231832], 
            [-84.4556852197293, 33.707135422665], 
            [-84.4556312200234, 33.7090564235321], 
            [-84.4556092199145, 33.7092954229144], 
            [-84.4555642205375, 33.7095434236139], 
            [-84.4554762200671, 33.7098424230805], 
            [-84.4553442202536, 33.710154423151], 
            [-84.4547592201417, 33.7111854241735], 
            [-84.4545502203615, 33.7116684240753], 
            [-84.4542462197935, 33.7125904236348], 
            [-84.4540332198367, 33.713243424218], 
            [-84.4535212195423, 33.7147884247694], 
            [-84.4534702198815, 33.7149364244334], 
            [-84.4532462203363, 33.716017425061], 
            [-84.4529122202113, 33.7176274250199], 
            [-84.4525792201326, 33.7192334256927], 
            [-84.4519882198292, 33.7218994260215], 
            [-84.451994220111, 33.7219644263347], 
            [-84.4520352202184, 33.7220304257935], 
            [-84.4510162197338, 33.7227104267583], 
            [-84.4502522193818, 33.7232204261329], 
            [-84.4498662194374, 33.7228614266021], 
            [-84.4497662192893, 33.7227814264968], 
            [-84.4495702191815, 33.7226704267574], 
            [-84.4493662187045, 33.7225994261736], 
            [-84.4491772189255, 33.7225644263577], 
            [-84.4489042188471, 33.7225514266649], 
            [-84.4483342184769, 33.7225464264543], 
            [-84.4467732179858, 33.7225394261879], 
            [-84.4447892176509, 33.7225304267438], 
            [-84.444683218128, 33.7225304267477], 
            [-84.443571217788, 33.7225254265574], 
            [-84.4431682170735, 33.7225234264797], 
            [-84.4423662167296, 33.7225204263704], 
            [-84.4421762169061, 33.7225194263311], 
            [-84.4412172164713, 33.7225154270807], 
            [-84.4399132162149, 33.7225094268511], 
            [-84.438758215678, 33.7225034266159], 
            [-84.437798216096, 33.7224954271802], 
            [-84.4376232160692, 33.7224944271403], 
            [-84.4365402152758, 33.7224814265782], 
            [-84.4364212151495, 33.72247942649], 
            [-84.4355352154036, 33.7224644267272], 
            [-84.4341522150776, 33.7224394265195], 
            [-84.4325292144062, 33.7224094269885], 
            [-84.4308172141006, 33.7223644267657], 
            [-84.4308342139253, 33.7211434268543], 
            [-84.4308502136974, 33.7198044268719], 
            [-84.4308712136757, 33.717979425957], 
            [-84.4308732137592, 33.7178044259433], 
            [-84.4308922136666, 33.7163914261297], 
            [-84.4308942137465, 33.7161484256634], 
            [-84.4308492134526, 33.7160664254634], 
            [-84.4315552138178, 33.7156824256332], 
            [-84.4315062133383, 33.7156014254795], 
            [-84.4312402135324, 33.7146014250255], 
            [-84.4312212135485, 33.7145724254813], 
            [-84.431178213351, 33.7145584257336], 
            [-84.4300762134748, 33.7145494253575], 
            [-84.4293552132925, 33.7145494253842], 
            [-84.4282232129229, 33.7145304254452], 
            [-84.4272312127494, 33.7144134254573], 
            [-84.4260592123352, 33.714637425986]
          ]
        ]
      }, 
      "properties" : null
    }, 
    {
      "type" : "Feature", 
      "geometry" : 
      {
        "type" : "Polygon", 
        "coordinates" : 
        [
          [
            [-84.4109852077528, 33.7096344249848], 
            [-84.4109722071924, 33.7104424255473], 
            [-84.40997020746, 33.7104364253064], 
            [-84.4089842066715, 33.7104304250649], 
            [-84.4079772067072, 33.7104244257236], 
            [-84.4079652061873, 33.7111224256863], 
            [-84.407939206806, 33.711623425516], 
            [-84.4079252062101, 33.7126364256834], 
            [-84.4079322065521, 33.7129604263047], 
            [-84.4079362067494, 33.7131804257052], 
            [-84.4079132066415, 33.7143134260366], 
            [-84.4078802070094, 33.7162094266442], 
            [-84.4069852068464, 33.716205426492], 
            [-84.4067602062974, 33.7161924267974], 
            [-84.406446206113, 33.7161414262448], 
            [-84.4055192062509, 33.7158954265733], 
            [-84.4054302057175, 33.7158824268737], 
            [-84.4049482058317, 33.7158404267443], 
            [-84.4041002060507, 33.7158294262661], 
            [-84.402630205285, 33.7158104263396], 
            [-84.4026512053034, 33.7147414262754], 
            [-84.3998922040775, 33.714707426601], 
            [-84.3996392040283, 33.7147044264714], 
            [-84.3993122041426, 33.7147024263909], 
            [-84.3992242045641, 33.7148614265659], 
            [-84.3991132039263, 33.7151724265893], 
            [-84.3987632039187, 33.7160394271997], 
            [-84.3985692039071, 33.7159934268744], 
            [-84.3984472045393, 33.7159604271487], 
            [-84.3985062036716, 33.7158044271137], 
            [-84.3987092040677, 33.7152254263618], 
            [-84.3988842040746, 33.7148504269682], 
            [-84.3989712045065, 33.7147014263571], 
            [-84.3990492045217, 33.7145684264877], 
            [-84.3993352042828, 33.7141804264877], 
            [-84.3996292044153, 33.7137954266265], 
            [-84.4008312043605, 33.7123894261939], 
            [-84.4011022043257, 33.7120164259902], 
            [-84.4012452046502, 33.7117154255295], 
            [-84.4014202046564, 33.7113274255337], 
            [-84.4016432050857, 33.7108324259747], 
            [-84.4019752051563, 33.7099444252914], 
            [-84.4029512053425, 33.7073404251225], 
            [-84.4030552047595, 33.7070944245135], 
            [-84.4031482045634, 33.7068104248423], 
            [-84.4032432053591, 33.7065204248931], 
            [-84.4034352052389, 33.7058294243486], 
            [-84.403542204777, 33.7052414240825], 
            [-84.4036842050425, 33.7047014242404], 
            [-84.4037302053609, 33.7043714242385], 
            [-84.4037702054031, 33.7040824243376], 
            [-84.4037852051922, 33.7039374239145], 
            [-84.4038322046514, 33.7034874237489], 
            [-84.4038522046595, 33.7030974236662], 
            [-84.4038562048434, 33.7030654239822], 
            [-84.4038422050698, 33.7026264234291], 
            [-84.4038352047332, 33.7024044239361], 
            [-84.4039742048013, 33.7007654235399], 
            [-84.4041462046341, 33.6997324233393], 
            [-84.4042962052634, 33.6990514232597], 
            [-84.4043042047291, 33.6989344232347], 
            [-84.4045762047656, 33.6990324232683], 
            [-84.4046632051849, 33.6986444232757], 
            [-84.4049532050677, 33.6970484221682], 
            [-84.4052072051587, 33.6969634227174], 
            [-84.4053522046896, 33.6969064227692], 
            [-84.4055302048531, 33.6968574222911], 
            [-84.4061302057069, 33.6966904226258], 
            [-84.4064772056173, 33.6966144226892], 
            [-84.4068952052255, 33.6965474222677], 
            [-84.4073082055028, 33.6965134224758], 
            [-84.407633205295, 33.6965034220005], 
            [-84.4077582056998, 33.6965074221812], 
            [-84.4080182060742, 33.6965164225886], 
            [-84.4081172061717, 33.6965194227239], 
            [-84.4081182062112, 33.6963894220969], 
            [-84.4084612059426, 33.6964394226021], 
            [-84.4112312067826, 33.6965304222189], 
            [-84.4116832070739, 33.6965514222758], 
            [-84.4120802066125, 33.6965884221767], 
            [-84.4123872073708, 33.6966294222662], 
            [-84.4127082069814, 33.6966934225214], 
            [-84.4129802070164, 33.6967624221108], 
            [-84.4133612076147, 33.6968674224646], 
            [-84.4142052072205, 33.6970744221311], 
            [-84.4151722080383, 33.6973014218202], 
            [-84.4154722084735, 33.6973744224933], 
            [-84.4154232079889, 33.6971954222959], 
            [-84.4155382079306, 33.6972164223653], 
            [-84.4159342083216, 33.6972464219419], 
            [-84.4160492082622, 33.697247421984], 
            [-84.4170582083193, 33.6972534222246], 
            [-84.4172372085308, 33.697234422237], 
            [-84.417714209082, 33.6972414225436], 
            [-84.4183322089819, 33.6972504220384], 
            [-84.4188432093132, 33.6972754222784], 
            [-84.4196942092335, 33.6972884219499], 
            [-84.419946209237, 33.6973064218752], 
            [-84.4201602092744, 33.697295422257], 
            [-84.4231982099574, 33.6973374222917], 
            [-84.4254992106074, 33.6972354219775], 
            [-84.4289132116639, 33.6975164213799], 
            [-84.4288652121554, 33.6979114216953], 
            [-84.4288492123192, 33.6980424214699], 
            [-84.4288042120493, 33.6984134215726], 
            [-84.4287332123724, 33.6988004224176], 
            [-84.4286122121883, 33.6994574222836], 
            [-84.4285292119646, 33.7000324219464], 
            [-84.4284792123607, 33.7003794227361], 
            [-84.4283022123121, 33.7017174226782], 
            [-84.4283832115737, 33.7017084231576], 
            [-84.4283032123878, 33.7022704231173], 
            [-84.4281402120731, 33.703301423225], 
            [-84.4280582118903, 33.7037724234655], 
            [-84.4279482122438, 33.7049414236692], 
            [-84.427651212045, 33.7067024234281], 
            [-84.4275452116224, 33.7066944239606], 
            [-84.4273512116823, 33.7079954239878], 
            [-84.4271682122648, 33.7095274248241], 
            [-84.4271442120581, 33.7096724243482], 
            [-84.4271292122661, 33.7097614248747], 
            [-84.4269402116314, 33.7105494245172], 
            [-84.4267462116555, 33.7111754247482], 
            [-84.4267082116964, 33.7112814251639], 
            [-84.4263572116483, 33.7122594246217], 
            [-84.4264412119538, 33.7123504252372], 
            [-84.4264882123388, 33.7124014249003], 
            [-84.4264482122879, 33.7125264252971], 
            [-84.4263572116778, 33.7128154251997], 
            [-84.426189212005, 33.7133654255061], 
            [-84.4259482116514, 33.714078425273], 
            [-84.4257482122959, 33.7146954259867], 
            [-84.4255702121598, 33.7152614261353], 
            [-84.4251302115962, 33.7165614261252], 
            [-84.4250412119757, 33.7168034256491], 
            [-84.4249222118682, 33.7171554257736], 
            [-84.4248282120016, 33.7171324265102], 
            [-84.4247372113751, 33.71711142644], 
            [-84.4246852116594, 33.7170984258396], 
            [-84.4246652116304, 33.7170944265544], 
            [-84.4245332117988, 33.717065426115], 
            [-84.4222152112529, 33.7170484263126], 
            [-84.418108209528, 33.7170194260205], 
            [-84.4181252093768, 33.7162534265045], 
            [-84.4181412100186, 33.7143544257586], 
            [-84.4171262096833, 33.7143534257499], 
            [-84.4161182087732, 33.7143474255093], 
            [-84.4160312092326, 33.7143464254661], 
            [-84.4150972090586, 33.714343426261], 
            [-84.4150712087315, 33.7139674259293], 
            [-84.4150252083612, 33.7133204256335], 
            [-84.4151242084164, 33.7125244256238], 
            [-84.4145312086182, 33.7095134246435], 
            [-84.4113482075097, 33.7096224253147], 
            [-84.4109852077528, 33.7096344249848]
          ]
        ]
      }, 
      "properties" : null
    }, 
    {
      "type" : "Feature", 
      "geometry" : 
      {
        "type" : "Polygon", 
        "coordinates" : 
        [
          [
            [-84.4180222103089, 33.7222044279212], 
            [-84.4179892097509, 33.7235984277543], 
            [-84.4179752100322, 33.7241934283412], 
            [-84.4178752098854, 33.7241374275491], 
            [-84.417147210256, 33.7237314276521], 
            [-84.4157312092638, 33.7230644273798], 
            [-84.4139502093128, 33.7222504275052], 
            [-84.4134502085845, 33.7220734274174], 
            [-84.4115652083117, 33.7214044279692], 
            [-84.4093202075198, 33.7207064271907], 
            [-84.4092962073052, 33.7207024279056], 
            [-84.4088012077109, 33.7205744273897], 
            [-84.4084662074509, 33.7205154273667], 
            [-84.4078622072978, 33.7204394274653], 
            [-84.407161207142, 33.7203974273441], 
            [-84.4062652069312, 33.720367427786], 
            [-84.406041206429, 33.7203614275163], 
            [-84.4050322063707, 33.7203344272021], 
            [-84.4041922060607, 33.7203064277347], 
            [-84.4028162051594, 33.7202694278701], 
            [-84.4019132055232, 33.7202404274593], 
            [-84.4008242053488, 33.7201934280202], 
            [-84.3998102050582, 33.7201614274745], 
            [-84.3987892044416, 33.7201064276622], 
            [-84.3983922040029, 33.7200564280583], 
            [-84.3979712042479, 33.7199794281038], 
            [-84.397043204341, 33.7197654281163], 
            [-84.3967852040562, 33.7196944275344], 
            [-84.3964922039455, 33.7196144274362], 
            [-84.3969922037299, 33.7189514272782], 
            [-84.3971622035134, 33.71873742725], 
            [-84.3978612044079, 33.7175014275176], 
            [-84.3981162036148, 33.7168294269517], 
            [-84.3984472045393, 33.7159604271487], 
            [-84.3985692039071, 33.7159934268744], 
            [-84.3987632039187, 33.7160394271997], 
            [-84.3991132039263, 33.7151724265893], 
            [-84.3992242045641, 33.7148614265659], 
            [-84.3993122041426, 33.7147024263909], 
            [-84.3996392040283, 33.7147044264714], 
            [-84.3998922040775, 33.714707426601], 
            [-84.4026512053034, 33.7147414262754], 
            [-84.402630205285, 33.7158104263396], 
            [-84.4041002060507, 33.7158294262661], 
            [-84.4049482058317, 33.7158404267443], 
            [-84.4054302057175, 33.7158824268737], 
            [-84.4055192062509, 33.7158954265733], 
            [-84.406446206113, 33.7161414262448], 
            [-84.4067602062974, 33.7161924267974], 
            [-84.4069852068464, 33.716205426492], 
            [-84.4078802070094, 33.7162094266442], 
            [-84.4079132066415, 33.7143134260366], 
            [-84.4079362067494, 33.7131804257052], 
            [-84.4079322065521, 33.7129604263047], 
            [-84.4079252062101, 33.7126364256834], 
            [-84.407939206806, 33.711623425516], 
            [-84.4079652061873, 33.7111224256863], 
            [-84.4079772067072, 33.7104244257236], 
            [-84.4089842066715, 33.7104304250649], 
            [-84.40997020746, 33.7104364253064], 
            [-84.4109722071924, 33.7104424255473], 
            [-84.4109852077528, 33.7096344249848], 
            [-84.4113482075097, 33.7096224253147], 
            [-84.4145312086182, 33.7095134246435], 
            [-84.4151242084164, 33.7125244256238], 
            [-84.4150252083612, 33.7133204256335], 
            [-84.4150712087315, 33.7139674259293], 
            [-84.4150972090586, 33.714343426261], 
            [-84.4160312092326, 33.7143464254661], 
            [-84.4161182087732, 33.7143474255093], 
            [-84.4171262096833, 33.7143534257499], 
            [-84.4181412100186, 33.7143544257586], 
            [-84.4181252093768, 33.7162534265045], 
            [-84.418108209528, 33.7170194260205], 
            [-84.4222152112529, 33.7170484263126], 
            [-84.4245332117988, 33.717065426115], 
            [-84.4246652116304, 33.7170944265544], 
            [-84.4246852116594, 33.7170984258396], 
            [-84.4242992117932, 33.7182174264351], 
            [-84.4235112113208, 33.7204964268282], 
            [-84.423359211482, 33.7208744272593], 
            [-84.423170211725, 33.721254426885], 
            [-84.4229512114747, 33.7216234269015], 
            [-84.4226892110279, 33.7219974271512], 
            [-84.422460211208, 33.7222744274025], 
            [-84.4211022111429, 33.7222534273792], 
            [-84.4180222103089, 33.7222044279212]
          ]
        ]
      }, 
      "properties" : null
    }, 
    {
      "type" : "Feature", 
      "geometry" : 
      {
        "type" : "Polygon", 
        "coordinates" : 
        [
          [
            [-84.427076212846, 33.7331354294917], 
            [-84.4247772122087, 33.7317314292819], 
            [-84.424307212012, 33.7322844297384], 
            [-84.4240082125451, 33.7326364298696], 
            [-84.4232862122911, 33.73216242952], 
            [-84.4226702115541, 33.7315744292808], 
            [-84.4223922121331, 33.7313774291575], 
            [-84.4197062106083, 33.7296644290353], 
            [-84.4187762105903, 33.7291044292057], 
            [-84.4184072105426, 33.7288824288268], 
            [-84.4169272101646, 33.7279674287585], 
            [-84.4168202096925, 33.7279014284027], 
            [-84.4166742101069, 33.727805428457], 
            [-84.4166152100653, 33.7277714286827], 
            [-84.416550209745, 33.7277334287232], 
            [-84.4165242103364, 33.7277194289749], 
            [-84.4160562101898, 33.7274694291011], 
            [-84.4151832092234, 33.7269814290078], 
            [-84.4151192098487, 33.7269414289556], 
            [-84.4147342090577, 33.7267034287354], 
            [-84.414479208905, 33.7264994282869], 
            [-84.4143312092246, 33.7263634282868], 
            [-84.4140872095802, 33.7261194286827], 
            [-84.4136912091706, 33.7257404282257], 
            [-84.4136022086321, 33.7256304285287], 
            [-84.4135562091925, 33.7255744286339], 
            [-84.4135112089, 33.7255194287854], 
            [-84.4134212092144, 33.7254084281428], 
            [-84.4129002083749, 33.7245524280744], 
            [-84.4124272088642, 33.7237124278461], 
            [-84.4123632085863, 33.7235994280092], 
            [-84.4117212084076, 33.7223744279368], 
            [-84.4115562079334, 33.722144428079], 
            [-84.4113272080818, 33.7218264277439], 
            [-84.4112552083338, 33.7217464276375], 
            [-84.411167207843, 33.7216614273001], 
            [-84.4110392081933, 33.7215624272148], 
            [-84.410888208376, 33.7214704274547], 
            [-84.4106742083318, 33.721350427299], 
            [-84.4102632081351, 33.7211554272732], 
            [-84.4095192077667, 33.7208144276903], 
            [-84.4093202075198, 33.7207064271907], 
            [-84.4115652083117, 33.7214044279692], 
            [-84.4134502085845, 33.7220734274174], 
            [-84.4139502093128, 33.7222504275052], 
            [-84.4157312092638, 33.7230644273798], 
            [-84.417147210256, 33.7237314276521], 
            [-84.4178752098854, 33.7241374275491], 
            [-84.4179752100322, 33.7241934283412], 
            [-84.4179892097509, 33.7235984277543], 
            [-84.4180222103089, 33.7222044279212], 
            [-84.4211022111429, 33.7222534273792], 
            [-84.422460211208, 33.7222744274025], 
            [-84.4226892110279, 33.7219974271512], 
            [-84.4229512114747, 33.7216234269015], 
            [-84.423170211725, 33.721254426885], 
            [-84.423359211482, 33.7208744272593], 
            [-84.4235112113208, 33.7204964268282], 
            [-84.4242992117932, 33.7182174264351], 
            [-84.4246852116594, 33.7170984258396], 
            [-84.4247372113751, 33.71711142644], 
            [-84.4248282120016, 33.7171324265102], 
            [-84.4249222118682, 33.7171554257736], 
            [-84.4250412119757, 33.7168034256491], 
            [-84.4251302115962, 33.7165614261252], 
            [-84.4255702121598, 33.7152614261353], 
            [-84.4257482122959, 33.7146954259867], 
            [-84.4259482116514, 33.714078425273], 
            [-84.426189212005, 33.7133654255061], 
            [-84.4263572116778, 33.7128154251997], 
            [-84.4264482122879, 33.7125264252971], 
            [-84.4264882123388, 33.7124014249003], 
            [-84.4266432122733, 33.7125694253878], 
            [-84.426735212088, 33.7126684251189], 
            [-84.4260592123352, 33.714637425986], 
            [-84.4272312127494, 33.7144134254573], 
            [-84.4282232129229, 33.7145304254452], 
            [-84.4293552132925, 33.7145494253842], 
            [-84.4300762134748, 33.7145494253575], 
            [-84.431178213351, 33.7145584257336], 
            [-84.4312212135485, 33.7145724254813], 
            [-84.4312402135324, 33.7146014250255], 
            [-84.4315062133383, 33.7156014254795], 
            [-84.4315552138178, 33.7156824256332], 
            [-84.4308492134526, 33.7160664254634], 
            [-84.4308942137465, 33.7161484256634], 
            [-84.4308922136666, 33.7163914261297], 
            [-84.4308732137592, 33.7178044259433], 
            [-84.4308712136757, 33.717979425957], 
            [-84.4308502136974, 33.7198044268719], 
            [-84.4308342139253, 33.7211434268543], 
            [-84.4308172141006, 33.7223644267657], 
            [-84.4325292144062, 33.7224094269885], 
            [-84.4341522150776, 33.7224394265195], 
            [-84.4355352154036, 33.7224644267272], 
            [-84.4364212151495, 33.72247942649], 
            [-84.4365402152758, 33.7224814265782], 
            [-84.4376232160692, 33.7224944271403], 
            [-84.4376212159862, 33.7226804267644], 
            [-84.4375942157456, 33.7248084273281], 
            [-84.4375912156203, 33.7250684276827], 
            [-84.4375592159832, 33.7259944274173], 
            [-84.4375542157593, 33.726149427404], 
            [-84.4375322156715, 33.7267854280919], 
            [-84.4375242162152, 33.7270784281769], 
            [-84.4374902156024, 33.7283134278382], 
            [-84.437451215665, 33.7297004282465], 
            [-84.4374352158543, 33.7303114286754], 
            [-84.4374192160411, 33.7308764287717], 
            [-84.4374082164508, 33.731266428854], 
            [-84.4374042162711, 33.7313784286472], 
            [-84.437363216249, 33.732917428903], 
            [-84.4373502165705, 33.7333974295578], 
            [-84.4362012163109, 33.7333704292488], 
            [-84.4354162158559, 33.733354429436], 
            [-84.433900215653, 33.733322428909], 
            [-84.4316492146173, 33.7332744294667], 
            [-84.4304882147003, 33.7332494292508], 
            [-84.4293802136455, 33.7332264291257], 
            [-84.4271462133986, 33.733179429729], 
            [-84.427076212846, 33.7331354294917]
          ]
        ]
      }, 
      "properties" : null
    }, 
    {
      "type" : "Feature", 
      "geometry" : 
      {
        "type" : "Polygon", 
        "coordinates" : 
        [
          [
            [-84.4328832155285, 33.7390354301245], 
            [-84.4331432150032, 33.7390374302075], 
            [-84.4335732151718, 33.7390394302842], 
            [-84.4336572154735, 33.739058430262], 
            [-84.4337382156371, 33.7390994303599], 
            [-84.4337042158556, 33.7390524308817], 
            [-84.4337052158998, 33.7390134308734], 
            [-84.4337222157845, 33.7389204301615], 
            [-84.433761215791, 33.738833430626], 
            [-84.4338292153439, 33.7387344305334], 
            [-84.4342062157459, 33.7386374305221], 
            [-84.4347572161282, 33.7385374303654], 
            [-84.4348982154741, 33.738492430074], 
            [-84.4350102161714, 33.7384294307484], 
            [-84.4351222159678, 33.7383374300792], 
            [-84.435202216078, 33.7382464303569], 
            [-84.4353162159624, 33.7380634299683], 
            [-84.4357262160571, 33.7372144301897], 
            [-84.4358772158528, 33.7369004300259], 
            [-84.4362692160114, 33.7360464300163], 
            [-84.4365792159685, 33.7353134293204], 
            [-84.4366622162116, 33.735104429527], 
            [-84.4368502159174, 33.734634429329], 
            [-84.4369822166315, 33.7343474295174], 
            [-84.437131216336, 33.7340634289449], 
            [-84.4373502165705, 33.7333974295578], 
            [-84.4376932163018, 33.7334454290709], 
            [-84.4383762165283, 33.733612429588], 
            [-84.4386402161904, 33.7336494294937], 
            [-84.4389412166685, 33.7336564289076], 
            [-84.440527217421, 33.7336754288297], 
            [-84.4414052176944, 33.7336794289823], 
            [-84.4438352180411, 33.7336884293092], 
            [-84.4448312183942, 33.7336914285119], 
            [-84.445122218408, 33.7336934285937], 
            [-84.4475012190861, 33.7337034289688], 
            [-84.4473552195507, 33.7345494285986], 
            [-84.4472032188376, 33.7353964291743], 
            [-84.4470452196482, 33.7363094292106], 
            [-84.4468762190553, 33.7373414293646], 
            [-84.4466642191811, 33.7386754300218], 
            [-84.4466092193338, 33.7388054297513], 
            [-84.4466032190749, 33.7391714296209], 
            [-84.4465242192662, 33.7440584312043], 
            [-84.4404412175771, 33.7440124310976], 
            [-84.4403462177655, 33.7458954320041], 
            [-84.4402842175909, 33.7459784313551], 
            [-84.4402592173349, 33.7460694319747], 
            [-84.4402282177489, 33.7470824321426], 
            [-84.4402162181137, 33.7475024318162], 
            [-84.4399162176821, 33.7474964324487], 
            [-84.4395772172393, 33.7474914322297], 
            [-84.4389542171073, 33.7474794316968], 
            [-84.4387292174534, 33.7473854318469], 
            [-84.4380452171808, 33.7472254316541], 
            [-84.4377192173388, 33.7471724319088], 
            [-84.4373662171422, 33.7471014322298], 
            [-84.4368402170115, 33.7470264323719], 
            [-84.4364022164699, 33.7469934317586], 
            [-84.4359572165037, 33.7469784319795], 
            [-84.4349752159006, 33.7469674324056], 
            [-84.434356215955, 33.746971432614], 
            [-84.4336382159133, 33.7469974320465], 
            [-84.432844215941, 33.7470014322613], 
            [-84.4325242154802, 33.7469884325703], 
            [-84.4321492151645, 33.7469634323252], 
            [-84.4317542157181, 33.7469144318684], 
            [-84.4313252155914, 33.7468304324893], 
            [-84.4307262147675, 33.7466874321817], 
            [-84.4308782155184, 33.7465514321705], 
            [-84.4305032151993, 33.7464624325578], 
            [-84.431804215254, 33.7452914322173], 
            [-84.4319872156426, 33.7451144321041], 
            [-84.4321172153698, 33.7449254314369], 
            [-84.4322162154542, 33.7446814318201], 
            [-84.432310215304, 33.744388431732], 
            [-84.4323532154891, 33.7441704315232], 
            [-84.4323572156625, 33.7439394316129], 
            [-84.4323902153079, 33.742297431082], 
            [-84.4324082151965, 33.7414074312172], 
            [-84.4324252150392, 33.7405274309163], 
            [-84.4324522153131, 33.7390264306228], 
            [-84.4328512149433, 33.7390414304036], 
            [-84.4328832155285, 33.7390354301245]
          ]
        ]
      }, 
      "properties" : null
    }, 
    {
      "type" : "Feature", 
      "geometry" : 
      {
        "type" : "Polygon", 
        "coordinates" : 
        [
          [
            [-84.4128472092769, 33.7370474304959], 
            [-84.4128472091841, 33.7352994304513], 
            [-84.412847209157, 33.734790430252], 
            [-84.4128872091903, 33.7343344307081], 
            [-84.4129382088414, 33.7340044298067], 
            [-84.4129402089336, 33.7339934301963], 
            [-84.4130122095597, 33.7336714305641], 
            [-84.4131172090175, 33.7333204304864], 
            [-84.4132192092393, 33.7330424301936], 
            [-84.413238209219, 33.7329914296287], 
            [-84.4133882089666, 33.7326444297346], 
            [-84.4135482091798, 33.7323274294315], 
            [-84.4136612090141, 33.7320744293971], 
            [-84.4139092097133, 33.7317524297584], 
            [-84.414106209848, 33.7314954295356], 
            [-84.414380209054, 33.7311404292664], 
            [-84.4144632092998, 33.7309814290915], 
            [-84.4148792096846, 33.7303494294735], 
            [-84.4159452096155, 33.7289764287764], 
            [-84.4168202096925, 33.7279014284027], 
            [-84.4169272101646, 33.7279674287585], 
            [-84.4184072105426, 33.7288824288268], 
            [-84.4187762105903, 33.7291044292057], 
            [-84.4197062106083, 33.7296644290353], 
            [-84.4223922121331, 33.7313774291575], 
            [-84.4226702115541, 33.7315744292808], 
            [-84.4232862122911, 33.73216242952], 
            [-84.4240082125451, 33.7326364298696], 
            [-84.424307212012, 33.7322844297384], 
            [-84.4247772122087, 33.7317314292819], 
            [-84.427076212846, 33.7331354294917], 
            [-84.4271462133986, 33.733179429729], 
            [-84.4293802136455, 33.7332264291257], 
            [-84.4304882147003, 33.7332494292508], 
            [-84.4316492146173, 33.7332744294667], 
            [-84.433900215653, 33.733322428909], 
            [-84.4354162158559, 33.733354429436], 
            [-84.4362012163109, 33.7333704292488], 
            [-84.4373502165705, 33.7333974295578], 
            [-84.437131216336, 33.7340634289449], 
            [-84.4369822166315, 33.7343474295174], 
            [-84.4368502159174, 33.734634429329], 
            [-84.4366622162116, 33.735104429527], 
            [-84.4365792159685, 33.7353134293204], 
            [-84.4362692160114, 33.7360464300163], 
            [-84.4358772158528, 33.7369004300259], 
            [-84.4357262160571, 33.7372144301897], 
            [-84.4353162159624, 33.7380634299683], 
            [-84.435202216078, 33.7382464303569], 
            [-84.4351222159678, 33.7383374300792], 
            [-84.4350102161714, 33.7384294307484], 
            [-84.4348982154741, 33.738492430074], 
            [-84.4347572161282, 33.7385374303654], 
            [-84.4342062157459, 33.7386374305221], 
            [-84.4338292153439, 33.7387344305334], 
            [-84.433761215791, 33.738833430626], 
            [-84.4337222157845, 33.7389204301615], 
            [-84.4337052158998, 33.7390134308734], 
            [-84.4337042158556, 33.7390524308817], 
            [-84.4337382156371, 33.7390994303599], 
            [-84.4336572154735, 33.739058430262], 
            [-84.4335732151718, 33.7390394302842], 
            [-84.4331432150032, 33.7390374302075], 
            [-84.4328832155285, 33.7390354301245], 
            [-84.4328512149433, 33.7390414304036], 
            [-84.4324522153131, 33.7390264306228], 
            [-84.4324252150392, 33.7405274309163], 
            [-84.4324082151965, 33.7414074312172], 
            [-84.4323902153079, 33.742297431082], 
            [-84.4323572156625, 33.7439394316129], 
            [-84.4323532154891, 33.7441704315232], 
            [-84.432310215304, 33.744388431732], 
            [-84.4322162154542, 33.7446814318201], 
            [-84.4321172153698, 33.7449254314369], 
            [-84.4319872156426, 33.7451144321041], 
            [-84.431804215254, 33.7452914322173], 
            [-84.4305032151993, 33.7464624325578], 
            [-84.4308782155184, 33.7465514321705], 
            [-84.4307262147675, 33.7466874321817], 
            [-84.4300072147123, 33.7473334324594], 
            [-84.4295442148108, 33.7473294322913], 
            [-84.4294512149919, 33.7473304323411], 
            [-84.4287202143447, 33.7473144325262], 
            [-84.428025214469, 33.7473034320424], 
            [-84.4275342141673, 33.7472954325893], 
            [-84.4270722143119, 33.7472884322822], 
            [-84.4269782135477, 33.7472964326563], 
            [-84.4267792142064, 33.7473064322277], 
            [-84.4259452132763, 33.7472924325093], 
            [-84.4254162139073, 33.7472484322891], 
            [-84.4243662128419, 33.7471494322381], 
            [-84.4241952129998, 33.7471334324025], 
            [-84.4232912133143, 33.7470474329483], 
            [-84.4232992127421, 33.7462204324053], 
            [-84.4233082131108, 33.7452984319575], 
            [-84.4233162125384, 33.7444664320821], 
            [-84.4233232128247, 33.7437394316754], 
            [-84.4233212127043, 33.7432214319586], 
            [-84.4213862118947, 33.7422654318064], 
            [-84.421864212493, 33.7422844317696], 
            [-84.4215662121459, 33.7421224314699], 
            [-84.4212982122931, 33.741991431706], 
            [-84.4211432122918, 33.7419284314909], 
            [-84.4210152117453, 33.7418774318309], 
            [-84.4206102118313, 33.7417614318677], 
            [-84.4202752115702, 33.7416824318173], 
            [-84.419904211438, 33.7416164314713], 
            [-84.4195922113455, 33.7415484319298], 
            [-84.419363211509, 33.7415144312624], 
            [-84.4190922115231, 33.7414964313379], 
            [-84.4182982115483, 33.7414554312665], 
            [-84.4176732113238, 33.7414484318647], 
            [-84.4176632108684, 33.7416104312765], 
            [-84.4144492101083, 33.7415014317417], 
            [-84.4140552098111, 33.7414924313394], 
            [-84.4117402094006, 33.7414064319375], 
            [-84.4115152088502, 33.7413674319377], 
            [-84.4116832094418, 33.7411844315471], 
            [-84.4117102088944, 33.7411534319085], 
            [-84.4118362093362, 33.7409814320291], 
            [-84.4121042091597, 33.7405614314467], 
            [-84.4123092096591, 33.7401824318667], 
            [-84.4124752092486, 33.7398124318058], 
            [-84.4125082089765, 33.7397214311859], 
            [-84.4126122092907, 33.7394344313754], 
            [-84.4127202097847, 33.7390394310577], 
            [-84.4127872092784, 33.7387004315374], 
            [-84.4128482093865, 33.7382364307227], 
            [-84.4128472092769, 33.7370474304959]
          ]
        ]
      }, 
      "properties" : null
    }, 
    {
      "type" : "Feature", 
      "geometry" : 
      {
        "type" : "Polygon", 
        "coordinates" : 
        [
          [
            [-84.4175462109879, 33.7444864323235], 
            [-84.4153482106134, 33.7444494324894], 
            [-84.4141412103607, 33.744429432507], 
            [-84.4139892105013, 33.7444194320493], 
            [-84.4140352099297, 33.7442654321075], 
            [-84.4140482104656, 33.7429964317711], 
            [-84.4140502096498, 33.7428234318499], 
            [-84.4140592100143, 33.7418234313858], 
            [-84.4140622101376, 33.7415244319223], 
            [-84.4140552098111, 33.7414924313394], 
            [-84.4144492101083, 33.7415014317417], 
            [-84.4176632108684, 33.7416104312765], 
            [-84.4176732113238, 33.7414484318647], 
            [-84.4182982115483, 33.7414554312665], 
            [-84.4190922115231, 33.7414964313379], 
            [-84.419363211509, 33.7415144312624], 
            [-84.4195922113455, 33.7415484319298], 
            [-84.419904211438, 33.7416164314713], 
            [-84.4202752115702, 33.7416824318173], 
            [-84.4206102118313, 33.7417614318677], 
            [-84.4210152117453, 33.7418774318309], 
            [-84.4211432122918, 33.7419284314909], 
            [-84.4212982122931, 33.741991431706], 
            [-84.4215662121459, 33.7421224314699], 
            [-84.421864212493, 33.7422844317696], 
            [-84.4213862118947, 33.7422654318064], 
            [-84.4233212127043, 33.7432214319586], 
            [-84.4233232128247, 33.7437394316754], 
            [-84.4233162125384, 33.7444664320821], 
            [-84.4233082131108, 33.7452984319575], 
            [-84.4232992127421, 33.7462204324053], 
            [-84.4232912133143, 33.7470474329483], 
            [-84.4241952129998, 33.7471334324025], 
            [-84.4243662128419, 33.7471494322381], 
            [-84.4254162139073, 33.7472484322891], 
            [-84.4259452132763, 33.7472924325093], 
            [-84.4267792142064, 33.7473064322277], 
            [-84.4269782135477, 33.7472964326563], 
            [-84.4270722143119, 33.7472884322822], 
            [-84.4275342141673, 33.7472954325893], 
            [-84.428025214469, 33.7473034320424], 
            [-84.4287202143447, 33.7473144325262], 
            [-84.4294512149919, 33.7473304323411], 
            [-84.4295442148108, 33.7473294322913], 
            [-84.4300072147123, 33.7473334324594], 
            [-84.4288592145555, 33.7483664326961], 
            [-84.4278112145393, 33.7493404328935], 
            [-84.4275042146976, 33.7496244325726], 
            [-84.4273462145682, 33.7497714330936], 
            [-84.4268062138415, 33.7507074333103], 
            [-84.4266182141321, 33.7511084330096], 
            [-84.4263822140096, 33.7518024336945], 
            [-84.4262962136336, 33.7521304336052], 
            [-84.4259222143403, 33.7535474336171], 
            [-84.4257802140475, 33.7535714338349], 
            [-84.4255792137163, 33.7536244335999], 
            [-84.4252892137549, 33.7537364343029], 
            [-84.4244492134686, 33.754152433822], 
            [-84.4238952138556, 33.7544234338073], 
            [-84.4235892131524, 33.7545484342138], 
            [-84.4232702136435, 33.7546514345009], 
            [-84.4229432128628, 33.7547304345758], 
            [-84.4226762130659, 33.7547764340189], 
            [-84.4223372126253, 33.7548124339007], 
            [-84.4220652125945, 33.7548234344204], 
            [-84.4213202130957, 33.7547974341428], 
            [-84.4204032128094, 33.7547604342613], 
            [-84.4198742125431, 33.7547534339566], 
            [-84.4186942117449, 33.7547394342512], 
            [-84.4185052119672, 33.7547284346479], 
            [-84.4175582120893, 33.7547264345904], 
            [-84.4175682116217, 33.7541184343008], 
            [-84.4175742118818, 33.7537744345511], 
            [-84.4175592111757, 33.7535864339357], 
            [-84.4175502116515, 33.7534744341431], 
            [-84.4175402111543, 33.7528504340123], 
            [-84.4175392119871, 33.7524724335871], 
            [-84.4175392119732, 33.7522114340857], 
            [-84.4175372118577, 33.7517864341809], 
            [-84.4175362117748, 33.751099433829], 
            [-84.4175352117107, 33.7507674337362], 
            [-84.4175342116453, 33.7504104333845], 
            [-84.417533211573, 33.7499214332126], 
            [-84.4175332115333, 33.7491744336782], 
            [-84.4175342115744, 33.7490754335882], 
            [-84.4175422110105, 33.7484024329852], 
            [-84.417556211596, 33.7471964328696], 
            [-84.4175632109862, 33.7465314326374], 
            [-84.4175482111316, 33.7454434325937], 
            [-84.4175462109879, 33.7444864323235]
          ]
        ]
      }, 
      "properties" : null
    }, 
    {
      "type" : "Feature", 
      "geometry" : 
      {
        "type" : "Polygon", 
        "coordinates" : 
        [
          [
            [-84.4117982101007, 33.7546964343136], 
            [-84.4100812095649, 33.7546874348597], 
            [-84.4094742092779, 33.7547114350948], 
            [-84.4078682084973, 33.7547084350154], 
            [-84.4076052088835, 33.7547074349788], 
            [-84.4074892088966, 33.7547074349832], 
            [-84.4069292089906, 33.7547064349575], 
            [-84.4065032081086, 33.7547124352513], 
            [-84.4054772081574, 33.7546224347171], 
            [-84.4040572079143, 33.7546264349551], 
            [-84.4028062074197, 33.7546304351869], 
            [-84.4028232072693, 33.7538774344745], 
            [-84.4028242073059, 33.7536934349431], 
            [-84.4028242072792, 33.7531924351146], 
            [-84.4028252073225, 33.7531334350791], 
            [-84.4028262073554, 33.7528794350026], 
            [-84.4028402070769, 33.7523374341733], 
            [-84.4028502075261, 33.7520584347369], 
            [-84.4028562068972, 33.7519074340362], 
            [-84.4029212071958, 33.7515384340254], 
            [-84.4030492077196, 33.7511604344947], 
            [-84.4031312070196, 33.7510014343198], 
            [-84.4032432077087, 33.7507834341085], 
            [-84.403565207337, 33.7503084336738], 
            [-84.4038972074291, 33.7498264338138], 
            [-84.4042492075481, 33.74931243337], 
            [-84.4045342072615, 33.7488994340104], 
            [-84.4051412075029, 33.7480164335487], 
            [-84.4055932077582, 33.7473614337632], 
            [-84.4057432075136, 33.747161433485], 
            [-84.405785207661, 33.7471074336796], 
            [-84.4061842081663, 33.746664432926], 
            [-84.4065712081173, 33.7462724327371], 
            [-84.4058862077789, 33.7457454326286], 
            [-84.405653207749, 33.7455654332912], 
            [-84.404737207467, 33.7447354326434], 
            [-84.4051692077075, 33.7443424324064], 
            [-84.40529920744, 33.7442524327286], 
            [-84.4054472080085, 33.744175432753], 
            [-84.4055842080678, 33.7441234330367], 
            [-84.4075492083863, 33.7434874322768], 
            [-84.4082872084455, 33.7432484319686], 
            [-84.4088352086844, 33.7430694326485], 
            [-84.4091462087207, 33.7429534326587], 
            [-84.4094892084417, 33.7428054320845], 
            [-84.4098402085323, 33.7426294320114], 
            [-84.4102002090388, 33.7424204322078], 
            [-84.410542208709, 33.7421904323313], 
            [-84.4108322086644, 33.7419664318353], 
            [-84.4111492089708, 33.7416924317198], 
            [-84.4112182094716, 33.7416344317281], 
            [-84.4115152088502, 33.7413674319377], 
            [-84.4117402094006, 33.7414064319375], 
            [-84.4140552098111, 33.7414924313394], 
            [-84.4140622101376, 33.7415244319223], 
            [-84.4140592100143, 33.7418234313858], 
            [-84.4140502096498, 33.7428234318499], 
            [-84.4140482104656, 33.7429964317711], 
            [-84.4140352099297, 33.7442654321075], 
            [-84.4139892105013, 33.7444194320493], 
            [-84.4141412103607, 33.744429432507], 
            [-84.4153482106134, 33.7444494324894], 
            [-84.4175462109879, 33.7444864323235], 
            [-84.4175482111316, 33.7454434325937], 
            [-84.4175632109862, 33.7465314326374], 
            [-84.417556211596, 33.7471964328696], 
            [-84.4175422110105, 33.7484024329852], 
            [-84.4175342115744, 33.7490754335882], 
            [-84.4175332115333, 33.7491744336782], 
            [-84.417533211573, 33.7499214332126], 
            [-84.4175342116453, 33.7504104333845], 
            [-84.4175352117107, 33.7507674337362], 
            [-84.4175362117748, 33.751099433829], 
            [-84.4175372118577, 33.7517864341809], 
            [-84.4175392119732, 33.7522114340857], 
            [-84.4175392119871, 33.7524724335871], 
            [-84.4175402111543, 33.7528504340123], 
            [-84.4175502116515, 33.7534744341431], 
            [-84.4175592111757, 33.7535864339357], 
            [-84.4175742118818, 33.7537744345511], 
            [-84.4175682116217, 33.7541184343008], 
            [-84.4175582120893, 33.7547264345904], 
            [-84.4151472108253, 33.7547144341239], 
            [-84.4146832108774, 33.7547124349478], 
            [-84.4143772110668, 33.7547104348665], 
            [-84.4139182104517, 33.7547084347909], 
            [-84.4135602109249, 33.7546834345452], 
            [-84.4127752104716, 33.754701434509], 
            [-84.4117982101007, 33.7546964343136]
          ]
        ]
      }, 
      "properties" : null
    }, 
    {
      "type" : "Feature", 
      "geometry" : 
      {
        "type" : "Polygon", 
        "coordinates" : 
        [
          [
            [-84.4677042264784, 33.763619434642], 
            [-84.4658942259723, 33.7607674338797], 
            [-84.4656972257244, 33.7588984336329], 
            [-84.4677432261052, 33.7564054331716], 
            [-84.4682442260006, 33.756959432739], 
            [-84.4685372261258, 33.7573084327091], 
            [-84.469113226831, 33.7583764336038], 
            [-84.4691952270651, 33.7588714331513], 
            [-84.4692212264813, 33.7590284332295], 
            [-84.4693232267363, 33.7593734339207], 
            [-84.4693472269548, 33.7594514339362], 
            [-84.4694212268048, 33.7597024338709], 
            [-84.4695172267912, 33.7602314340937], 
            [-84.4697512269324, 33.7616314341945], 
            [-84.4699872271694, 33.7630864341454], 
            [-84.4700372277197, 33.7636264339803], 
            [-84.4700202270151, 33.7652074343821], 
            [-84.4700392270396, 33.7659984350549], 
            [-84.470068227501, 33.7662804346287], 
            [-84.4701222273242, 33.7665674353326], 
            [-84.4702062276407, 33.7668644347001], 
            [-84.4703072278452, 33.767134435514], 
            [-84.470429227225, 33.7673924348719], 
            [-84.4706022280747, 33.7676994355986], 
            [-84.4712052282128, 33.7683664350014], 
            [-84.4719482285581, 33.7691434358979], 
            [-84.4730162287145, 33.7702654356787], 
            [-84.473204228457, 33.7704854359716], 
            [-84.4733762283572, 33.7707234361996], 
            [-84.4734322282691, 33.7709354361268], 
            [-84.4734722283393, 33.7711734354604], 
            [-84.4735092282887, 33.7717564363885], 
            [-84.473605229249, 33.7736834366281], 
            [-84.4736162288706, 33.7738804367613], 
            [-84.473664229347, 33.7747734367625], 
            [-84.473743228599, 33.7763244366702], 
            [-84.4737852287644, 33.7766054370965], 
            [-84.4738522291908, 33.7768934369469], 
            [-84.4739502292563, 33.7771664370006], 
            [-84.4740852292402, 33.7774394370529], 
            [-84.4742472295764, 33.7776914370306], 
            [-84.4744282289942, 33.7779144374627], 
            [-84.4742202292409, 33.7780294374024], 
            [-84.4743142291223, 33.7783304369548], 
            [-84.4744222296481, 33.778532437316], 
            [-84.4745302292716, 33.7786774377344], 
            [-84.4746632291552, 33.778813437735], 
            [-84.4747932298011, 33.7789884377438], 
            [-84.4738422288462, 33.7791334373023], 
            [-84.4735292287127, 33.7791654378972], 
            [-84.4730082288194, 33.7791924373687], 
            [-84.4723112288513, 33.7791874380624], 
            [-84.472573228341, 33.7777344372864], 
            [-84.4727942286595, 33.7769064375886], 
            [-84.4730692287793, 33.7759544366406], 
            [-84.4728482284105, 33.7758404367633], 
            [-84.4724062285737, 33.7756404365071], 
            [-84.4720412287165, 33.7755104367932], 
            [-84.4716692285353, 33.7753964369214], 
            [-84.4714532284387, 33.7760364369024], 
            [-84.4710302286006, 33.7761424373324], 
            [-84.470825228084, 33.7761964371438], 
            [-84.469631227553, 33.7765094373001], 
            [-84.468722227653, 33.7767524369007], 
            [-84.4683242271785, 33.7768984373843], 
            [-84.4677742277474, 33.77710043777], 
            [-84.4675272270811, 33.7771674372859], 
            [-84.4667282268889, 33.7773984372258], 
            [-84.4667132271366, 33.7782324380932], 
            [-84.4667742272781, 33.7783974376414], 
            [-84.4671192271333, 33.7790284380838], 
            [-84.4665842274891, 33.7790444379457], 
            [-84.4659132269311, 33.7790824379324], 
            [-84.4658862266228, 33.7799314376967], 
            [-84.463885226398, 33.7799184380681], 
            [-84.4631822261513, 33.77991143777], 
            [-84.462259225588, 33.779900438194], 
            [-84.4623252258107, 33.7772364379781], 
            [-84.4622282258054, 33.7772234373795], 
            [-84.4610232256368, 33.777039437893], 
            [-84.4589802252454, 33.7767214376254], 
            [-84.4590192251348, 33.7744384370755], 
            [-84.4588132245691, 33.7744444373611], 
            [-84.4586092249947, 33.7744324368127], 
            [-84.4584362241585, 33.7743794370617], 
            [-84.4581952246572, 33.7742074371959], 
            [-84.4580722243391, 33.774087437037], 
            [-84.4580062239698, 33.7740014366524], 
            [-84.4579432246352, 33.7738434374287], 
            [-84.4579562242756, 33.7726504370163], 
            [-84.4579672238725, 33.7723844363835], 
            [-84.4579982244093, 33.7723394369955], 
            [-84.4580512241691, 33.772309436503], 
            [-84.4590502246613, 33.7723104365121], 
            [-84.4590392241426, 33.7721574366188], 
            [-84.4590182249621, 33.7720694370392], 
            [-84.4588592247621, 33.7717614362656], 
            [-84.458843224903, 33.771462436803], 
            [-84.4588542244994, 33.7711864366063], 
            [-84.4588642240172, 33.7703064363058], 
            [-84.4584922247424, 33.7703264363469], 
            [-84.4580902240743, 33.7703224361765], 
            [-84.4577482243909, 33.7703024361619], 
            [-84.4571432241921, 33.7702394359637], 
            [-84.4570622240303, 33.7702314364954], 
            [-84.4564902235669, 33.7702174367674], 
            [-84.456289223128, 33.7682494355314], 
            [-84.456217223346, 33.7675334356374], 
            [-84.4586122238647, 33.7674944355401], 
            [-84.4586132239111, 33.7674944355401], 
            [-84.4586752239463, 33.7647934354087], 
            [-84.4585892244533, 33.7648144354854], 
            [-84.4583922243054, 33.7648234350104], 
            [-84.4582132240918, 33.7648024349435], 
            [-84.4580012241436, 33.7647414348233], 
            [-84.4578222239269, 33.7646614347209], 
            [-84.4576602235987, 33.7645604354436], 
            [-84.4575332239949, 33.7644534349877], 
            [-84.4572062231897, 33.7640734353813], 
            [-84.4569972233714, 33.7638404353862], 
            [-84.4568882237053, 33.7637644345672], 
            [-84.4567652233905, 33.763707434629], 
            [-84.4566182237617, 33.7636684346262], 
            [-84.456353223154, 33.7636364349522], 
            [-84.4562302237414, 33.7636324347715], 
            [-84.4566562236664, 33.7625444347116], 
            [-84.4566682232727, 33.7615824342093], 
            [-84.4612702245844, 33.7615994339266], 
            [-84.465516225564, 33.76161543451], 
            [-84.4661202257111, 33.7615814338117], 
            [-84.4661682262483, 33.7636164345601], 
            [-84.4677042264784, 33.763619434642]
          ]
        ]
      }, 
      "properties" : null
    }, 
    {
      "type" : "Feature", 
      "geometry" : 
      {
        "type" : "Polygon", 
        "coordinates" : 
        [
          [
            [-84.4690562268655, 33.7580304328645], 
            [-84.469113226831, 33.7583764336038], 
            [-84.4685372261258, 33.7573084327091], 
            [-84.4682442260006, 33.756959432739], 
            [-84.4677432261052, 33.7564054331716], 
            [-84.4656972257244, 33.7588984336329], 
            [-84.4658942259723, 33.7607674338797], 
            [-84.4677042264784, 33.763619434642], 
            [-84.4661682262483, 33.7636164345601], 
            [-84.4661202257111, 33.7615814338117], 
            [-84.465516225564, 33.76161543451], 
            [-84.4612702245844, 33.7615994339266], 
            [-84.4566682232727, 33.7615824342093], 
            [-84.4566562236664, 33.7625444347116], 
            [-84.4562302237414, 33.7636324347715], 
            [-84.4559362235879, 33.763621435172], 
            [-84.4553722234967, 33.7636254353784], 
            [-84.4541302225207, 33.7636334348958], 
            [-84.4538652228145, 33.7636384351374], 
            [-84.4536452224995, 33.7636634354044], 
            [-84.4533862221752, 33.7637224354495], 
            [-84.453143222595, 33.7638114350852], 
            [-84.4527672222433, 33.7639834349739], 
            [-84.4517962221777, 33.7644794355061], 
            [-84.4514242220127, 33.7646694353293], 
            [-84.4511272217265, 33.7647804350869], 
            [-84.4509742218226, 33.7648074354441], 
            [-84.4507672221098, 33.7648114356372], 
            [-84.4506492220296, 33.7648024352246], 
            [-84.4505062216874, 33.7647714355924], 
            [-84.4503852214661, 33.764727435357], 
            [-84.4502202218985, 33.7646364356438], 
            [-84.450082221784, 33.764521435717], 
            [-84.4496892215069, 33.7640194349575], 
            [-84.4495992218221, 33.7639244350562], 
            [-84.4494652209944, 33.7638214347858], 
            [-84.4492512209509, 33.7637154352789], 
            [-84.4490342216699, 33.7636544351588], 
            [-84.4488612208355, 33.7636354351843], 
            [-84.4483152206792, 33.7636214354553], 
            [-84.4473732210338, 33.7636274348689], 
            [-84.4470272202673, 33.7636424355767], 
            [-84.4466972202458, 33.7637034357171], 
            [-84.4463832200698, 33.7638104352901], 
            [-84.4460942201569, 33.7639614351019], 
            [-84.4457042200608, 33.7642424355444], 
            [-84.4455302200856, 33.7643384355019], 
            [-84.4454022204437, 33.7643884351251], 
            [-84.4453032203476, 33.7644124353414], 
            [-84.4451902205005, 33.7644244359015], 
            [-84.4450762197068, 33.7644194356741], 
            [-84.4449002196314, 33.7643774355335], 
            [-84.4447392202509, 33.764315435365], 
            [-84.4446002200924, 33.7642464357707], 
            [-84.4444632200258, 33.7641604353888], 
            [-84.4439602200473, 33.7637914353991], 
            [-84.4437832199225, 33.7636934353621], 
            [-84.4436042197069, 33.7636344353333], 
            [-84.4434142198818, 33.7636034357028], 
            [-84.4425002197362, 33.7635944353198], 
            [-84.4410332191103, 33.7635854358566], 
            [-84.4396412183676, 33.7635814357231], 
            [-84.4394392188865, 33.7635804356843], 
            [-84.4376972180902, 33.7635744354709], 
            [-84.4377792181229, 33.7602864351231], 
            [-84.4378132178207, 33.7587594345243], 
            [-84.4378202181305, 33.7584754348564], 
            [-84.4378402181121, 33.7575904343238], 
            [-84.4378432173438, 33.7574364343836], 
            [-84.4378622172835, 33.7566344340991], 
            [-84.4371412170997, 33.7566084338206], 
            [-84.4335742161504, 33.7565644346126], 
            [-84.4335492167536, 33.7558994343815], 
            [-84.4341972162414, 33.7558054344991], 
            [-84.4361342170769, 33.7555034339257], 
            [-84.4378382178928, 33.7552154340094], 
            [-84.4379972171758, 33.7551894336982], 
            [-84.4387542181228, 33.7550664333676], 
            [-84.4400772183485, 33.754824433798], 
            [-84.4409752186423, 33.7546734339635], 
            [-84.4415092182363, 33.7545844334177], 
            [-84.4420742183684, 33.7544754337428], 
            [-84.4421692191785, 33.7544574338046], 
            [-84.443242219495, 33.7542284330479], 
            [-84.4435042190587, 33.7541614335314], 
            [-84.4440352194097, 33.7540134329503], 
            [-84.4443892196427, 33.7538984330052], 
            [-84.4444072195713, 33.7537604329063], 
            [-84.4444112197501, 33.7536304331786], 
            [-84.444414218986, 33.7535554333011], 
            [-84.4443992191762, 33.7533114327892], 
            [-84.4443612191992, 33.7530794328341], 
            [-84.444180218862, 33.7524794329223], 
            [-84.4441542194427, 33.7522634328088], 
            [-84.444161218806, 33.751094432609], 
            [-84.4441482190808, 33.7506954330099], 
            [-84.4447242197434, 33.7509634328142], 
            [-84.4448552195291, 33.7510014327712], 
            [-84.4453012195504, 33.751181433], 
            [-84.4455572197432, 33.7512674324782], 
            [-84.445728219588, 33.7513364329706], 
            [-84.4457952200006, 33.7513634324204], 
            [-84.446010220088, 33.7514224324479], 
            [-84.4460962195846, 33.7514684327771], 
            [-84.4461122194184, 33.7512934327628], 
            [-84.4466662199509, 33.7514004323036], 
            [-84.4473352204235, 33.7515014324613], 
            [-84.4478502200404, 33.7515124329518], 
            [-84.4480502203278, 33.7515094328054], 
            [-84.4483762201664, 33.7514974322374], 
            [-84.4486172205563, 33.7514674326372], 
            [-84.4488732207425, 33.7514294326658], 
            [-84.4493962207248, 33.7513314326028], 
            [-84.4497052206709, 33.7512644321852], 
            [-84.4518682211942, 33.7508224323118], 
            [-84.4525962216944, 33.7506914325108], 
            [-84.4536712221133, 33.7506414319532], 
            [-84.4543862220191, 33.7506774317958], 
            [-84.4547862225969, 33.7507294323914], 
            [-84.4551592219227, 33.750795431838], 
            [-84.4556022226997, 33.7508924318189], 
            [-84.4558622221776, 33.7509564320763], 
            [-84.4564852223193, 33.7511514320941], 
            [-84.4565542228243, 33.7511714321188], 
            [-84.459201223389, 33.7519484320454], 
            [-84.4597212241447, 33.7521004327728], 
            [-84.4607592237652, 33.7524134319468], 
            [-84.4625952244545, 33.7529394319661], 
            [-84.4630722250132, 33.7530874325098], 
            [-84.4630572243269, 33.753268432802], 
            [-84.4634922247354, 33.7534174324944], 
            [-84.4638572245935, 33.7535644320966], 
            [-84.4641802252003, 33.7537044322755], 
            [-84.4645032249083, 33.7538564321109], 
            [-84.464764225336, 33.753996432292], 
            [-84.4652912255258, 33.7543094323843], 
            [-84.4656402255451, 33.7545374330418], 
            [-84.4657322253212, 33.7546044325452], 
            [-84.4660352259036, 33.7548254328801], 
            [-84.4665402259749, 33.7551964329623], 
            [-84.4670222258817, 33.7556314324132], 
            [-84.4672312256982, 33.755831432678], 
            [-84.4672732258514, 33.7558864325266], 
            [-84.4673202262345, 33.7558994331271], 
            [-84.4673382261715, 33.7559204332], 
            [-84.467667226165, 33.7562034328092], 
            [-84.4679192261787, 33.75641243259], 
            [-84.4682472261232, 33.756646432627], 
            [-84.4689092262899, 33.7571024330441], 
            [-84.4690562268655, 33.7580304328645]
          ]
        ]
      }, 
      "properties" : null
    }, 
    {
      "type" : "Feature", 
      "geometry" : 
      {
        "type" : "Polygon", 
        "coordinates" : 
        [
          [
            [-84.4076502135972, 33.8376374522295], 
            [-84.4076312136126, 33.837594452936], 
            [-84.4075182128469, 33.8372464521062], 
            [-84.4074492132255, 33.83693245285], 
            [-84.4074202127672, 33.8367104524586], 
            [-84.4074082130974, 33.8364804525953], 
            [-84.4074202126744, 33.8349764521639], 
            [-84.4074422126765, 33.8327424511871], 
            [-84.407463212694, 33.8316654516521], 
            [-84.4074792124411, 33.8298694511824], 
            [-84.4074992124082, 33.8287154507781], 
            [-84.4075022125332, 33.828449451045], 
            [-84.4075362121863, 33.8260944498578], 
            [-84.4075592122677, 33.8244744494477], 
            [-84.4075642124827, 33.8241554499571], 
            [-84.4075672126084, 33.8239034499733], 
            [-84.4076122127287, 33.820736448938], 
            [-84.4076132118701, 33.8206314485701], 
            [-84.4076162119979, 33.8204164485018], 
            [-84.4076182120853, 33.8203144491721], 
            [-84.4078762123664, 33.8203154492088], 
            [-84.4082002121124, 33.8203084488724], 
            [-84.4085232127108, 33.8202894488794], 
            [-84.4088442123163, 33.8202574491836], 
            [-84.409164212774, 33.8202124488855], 
            [-84.4096902128956, 33.8201124487297], 
            [-84.4097972133635, 33.8200984489764], 
            [-84.4100122125476, 33.8200824491265], 
            [-84.4102282126784, 33.8200844483118], 
            [-84.4104422127175, 33.8201044483311], 
            [-84.41065521361, 33.8201364489064], 
            [-84.4108642134183, 33.8201814482854], 
            [-84.4118832139545, 33.8204654488144], 
            [-84.4119832132008, 33.8204994485872], 
            [-84.4120802132076, 33.8205404486844], 
            [-84.4121712138356, 33.8205874490599], 
            [-84.412258213379, 33.8206414488604], 
            [-84.4123392135436, 33.8207004488929], 
            [-84.4124142134301, 33.8207654492035], 
            [-84.412481213845, 33.820836448893], 
            [-84.4125422139816, 33.8209104487218], 
            [-84.4125952137473, 33.8209894487825], 
            [-84.4126392139948, 33.8210714489826], 
            [-84.4126752138713, 33.8211564484226], 
            [-84.4127012141831, 33.821243448855], 
            [-84.4127152139383, 33.8213334485274], 
            [-84.4127182140823, 33.8214234490996], 
            [-84.4127102137159, 33.8215134487729], 
            [-84.4126762139439, 33.8216484487333], 
            [-84.4125242141247, 33.8223894488945], 
            [-84.4124222139308, 33.8231864489503], 
            [-84.4124142135643, 33.8232764495229], 
            [-84.4124132135275, 33.8234564497682], 
            [-84.4124332135659, 33.8236364491135], 
            [-84.412452213553, 33.8237254496387], 
            [-84.4125032141304, 33.8239004496505], 
            [-84.4126102137132, 33.8241544497229], 
            [-84.4126692137572, 33.8242304496445], 
            [-84.4127482138291, 33.8242914497695], 
            [-84.4128432137431, 33.8243344499596], 
            [-84.4129472140738, 33.8243564491763], 
            [-84.4132712138203, 33.8243594493031], 
            [-84.4135442138991, 33.8243764491813], 
            [-84.4137602140296, 33.8243714498409], 
            [-84.4139762141606, 33.8243764491652], 
            [-84.4141912142456, 33.8243904498058], 
            [-84.4144052142848, 33.8244134490647], 
            [-84.4146182142781, 33.8244464496863], 
            [-84.4148282150319, 33.8244874497793], 
            [-84.4151172149568, 33.8245604495533], 
            [-84.4153262147651, 33.824606449878], 
            [-84.415538214712, 33.8246394496003], 
            [-84.4157532147973, 33.8246584495733], 
            [-84.4159692149284, 33.8246644498432], 
            [-84.4161842150123, 33.8246574495109], 
            [-84.4163752148815, 33.8246414496618], 
            [-84.4163992150957, 33.8246384495219], 
            [-84.4165022153772, 33.8246114491666], 
            [-84.4165952151939, 33.8245674498226], 
            [-84.4166772153985, 33.8245084497841], 
            [-84.4167422148137, 33.8244364491439], 
            [-84.4167892151917, 33.8243554489868], 
            [-84.4168242150126, 33.8242704495442], 
            [-84.4168482152223, 33.8241824490636], 
            [-84.4168612149214, 33.8240924493902], 
            [-84.416862214963, 33.8240024497171], 
            [-84.4168532154399, 33.8239124491452], 
            [-84.4168352154992, 33.8238244495655], 
            [-84.4168092151873, 33.8237364490868], 
            [-84.4167742153573, 33.8236514496468], 
            [-84.416688214956, 33.8235034490885], 
            [-84.4166252147212, 33.8233304491698], 
            [-84.4165822154144, 33.8231544491115], 
            [-84.4165592152368, 33.8229754489133], 
            [-84.4165582151807, 33.8227944486217], 
            [-84.4165772151535, 33.8226154493214], 
            [-84.4166142150623, 33.8224374491673], 
            [-84.4166482148369, 33.8223524488254], 
            [-84.416693215122, 33.8222704486221], 
            [-84.4167512151114, 33.8221944486962], 
            [-84.4168192146659, 33.8221244490479], 
            [-84.4168982147312, 33.8220624488705], 
            [-84.4169862152147, 33.8220104491561], 
            [-84.4170782149848, 33.8219644488202], 
            [-84.4171752149873, 33.8219244487621], 
            [-84.4172762151757, 33.8218914490281], 
            [-84.4173792154572, 33.8218644486727], 
            [-84.4174842149327, 33.8218454486879], 
            [-84.4175912154007, 33.8218334490273], 
            [-84.4181542154478, 33.8218704489219], 
            [-84.4184762151031, 33.8219014485474], 
            [-84.4187992157036, 33.8219234486553], 
            [-84.4192302159196, 33.8219394484812], 
            [-84.4196622161811, 33.8219404485114], 
            [-84.4197952160574, 33.8219374483675], 
            [-84.4199022156261, 33.8219244486605], 
            [-84.4200092160944, 33.8219194484249], 
            [-84.4201172157103, 33.8219234486062], 
            [-84.4202242161796, 33.8219364483052], 
            [-84.4203292156573, 33.8219574483749], 
            [-84.4204312158955, 33.8219874488616], 
            [-84.4205292159485, 33.8220254488198], 
            [-84.4206222157699, 33.8220714491488], 
            [-84.4207332164278, 33.8221404487441], 
            [-84.4211742162289, 33.8225384491801], 
            [-84.4217962163464, 33.8231454485003], 
            [-84.4226432170373, 33.824221448856], 
            [-84.4227062172667, 33.824295449584], 
            [-84.4228442164833, 33.8244334487776], 
            [-84.4229992173874, 33.8245584491671], 
            [-84.4230822167454, 33.8246164491531], 
            [-84.4231692171881, 33.8246704489536], 
            [-84.4233522166919, 33.8247654488515], 
            [-84.4234482175517, 33.824807448995], 
            [-84.4235462167054, 33.8248444489069], 
            [-84.4237492171355, 33.8249064490738], 
            [-84.4238292172514, 33.8249244490054], 
            [-84.4238692173158, 33.8250514494917], 
            [-84.4238862172092, 33.8251244492758], 
            [-84.4239702175101, 33.8251284494581], 
            [-84.4240782171255, 33.8251234492223], 
            [-84.4241542170545, 33.8251154488489], 
            [-84.4241802173658, 33.8251934488643], 
            [-84.4243962175378, 33.8259654495486], 
            [-84.4246012171975, 33.8267004494185], 
            [-84.4250942176625, 33.8280244495856], 
            [-84.4251742177905, 33.8282664500024], 
            [-84.4253452176592, 33.8287814495737], 
            [-84.4255712182904, 33.8294634505847], 
            [-84.4265542181549, 33.8316064509054], 
            [-84.4263562179721, 33.8318314505449], 
            [-84.4264962181877, 33.8320974502726], 
            [-84.4266212186049, 33.8323344504561], 
            [-84.4273742185539, 33.8338354507198], 
            [-84.4275022191151, 33.8341594513365], 
            [-84.4275802191435, 33.8342754513118], 
            [-84.4277272187871, 33.8345904515107], 
            [-84.4279092191568, 33.8349264508827], 
            [-84.4281732188429, 33.8354104517123], 
            [-84.4285942195395, 33.8362754513015], 
            [-84.428703219214, 33.8365064512076], 
            [-84.4291452190904, 33.8374454515264], 
            [-84.4294422194301, 33.8383334521858], 
            [-84.4295132200401, 33.8385804519352], 
            [-84.4295462197789, 33.8386944518195], 
            [-84.4295542192522, 33.8387214521708], 
            [-84.4297772197645, 33.8397814518083], 
            [-84.4298462193837, 33.8400534518167], 
            [-84.4298882195548, 33.8404404526573], 
            [-84.4299032202925, 33.841219452774], 
            [-84.429882220269, 33.842184452516], 
            [-84.4298182200284, 33.8427684525948], 
            [-84.4297802200778, 33.8430314530895], 
            [-84.4297712197187, 33.8441254534115], 
            [-84.4297522197389, 33.8441724528917], 
            [-84.4295212198813, 33.8454774531048], 
            [-84.4294962196232, 33.8455264535772], 
            [-84.429431220211, 33.8456524531218], 
            [-84.4294132202762, 33.8456744532424], 
            [-84.4293032196756, 33.8458104532519], 
            [-84.429207219722, 33.8458954535962], 
            [-84.4284322197688, 33.8465874533091], 
            [-84.4282122194442, 33.8464334533772], 
            [-84.4277662194156, 33.8461214533284], 
            [-84.4268582195159, 33.8455044535557], 
            [-84.4261542191974, 33.8450254538735], 
            [-84.4254652186761, 33.8445564537547], 
            [-84.4243972185403, 33.8438294533884], 
            [-84.4230452178061, 33.8429124532234], 
            [-84.4229812175319, 33.8428694530323], 
            [-84.4199152172386, 33.8407894530101], 
            [-84.4197312167878, 33.8406724529924], 
            [-84.4195412169584, 33.8405634524462], 
            [-84.4193402166189, 33.8404604530778], 
            [-84.4191052165, 33.8403524525797], 
            [-84.418892216504, 33.8402684522932], 
            [-84.4186652167579, 33.8401894531383], 
            [-84.4184492166237, 33.840124452833], 
            [-84.4182142165075, 33.8400654528063], 
            [-84.4179752162061, 33.8400164523437], 
            [-84.4177042162189, 33.839974453106], 
            [-84.4174422157507, 33.8399454526715], 
            [-84.4170342157021, 33.8399194523815], 
            [-84.4163502154398, 33.8399534530829], 
            [-84.4160312159391, 33.8402094523645], 
            [-84.4156822159464, 33.8404814532877], 
            [-84.4155222157218, 33.8405834526233], 
            [-84.415350215839, 33.8406724531557], 
            [-84.4140432154733, 33.8412314530219], 
            [-84.4137022149468, 33.8413944533917], 
            [-84.413358215182, 33.8415904534917], 
            [-84.4124452151144, 33.8421724535094], 
            [-84.4121572143503, 33.8423564530515], 
            [-84.4118572148298, 33.8425724531771], 
            [-84.4116802147162, 33.8426834538296], 
            [-84.4114262146275, 33.8428104534276], 
            [-84.4111122144521, 33.8429294535565], 
            [-84.4103122142166, 33.8432194535319], 
            [-84.4099212140674, 33.8433764536255], 
            [-84.4086982140001, 33.8438914541481], 
            [-84.4080442133458, 33.8441974539599], 
            [-84.4072832131235, 33.8445284540347], 
            [-84.4073562136873, 33.8421784539771], 
            [-84.4073822130867, 33.8420204538507], 
            [-84.4074502135354, 33.8418564534449], 
            [-84.4074992131071, 33.841779453473], 
            [-84.4075682136065, 33.8416954531761], 
            [-84.4076732130779, 33.8415994532212], 
            [-84.4080472133307, 33.8413144534934], 
            [-84.4081602131721, 33.8411974534646], 
            [-84.4082122137824, 33.8411204534926], 
            [-84.408253213882, 33.8410394533358], 
            [-84.4082822134246, 33.8409554530404], 
            [-84.4083002133554, 33.8408594530887], 
            [-84.4083032134892, 33.8407594529523], 
            [-84.4082252133973, 33.8394574528896], 
            [-84.408198213029, 33.8391814526944], 
            [-84.4081582138577, 33.8389384531291], 
            [-84.4081112134643, 33.8387304524877], 
            [-84.4080472131805, 33.8385074529506], 
            [-84.4079642129136, 33.8382734529046], 
            [-84.4078062136605, 33.8379884522973], 
            [-84.4076502135972, 33.8376374522295]
          ]
        ]
      }, 
      "properties" : null
    }, 
    {
      "type" : "Feature", 
      "geometry" : 
      {
        "type" : "Polygon", 
        "coordinates" : 
        [
          [
            [-84.4072482135657, 33.8495274554074], 
            [-84.4072502136493, 33.8493554546334], 
            [-84.4072842133177, 33.8472884541985], 
            [-84.4068322139153, 33.8470734550465], 
            [-84.4064412137458, 33.8468504546223], 
            [-84.4060472134351, 33.846591454329], 
            [-84.4052542125797, 33.8460344546338], 
            [-84.4048892127161, 33.8457884540423], 
            [-84.4047212130097, 33.8457054546999], 
            [-84.4045412127479, 33.8456504539572], 
            [-84.4045952125532, 33.8456034544757], 
            [-84.4046662131486, 33.8455774541678], 
            [-84.4057002134606, 33.8454694545217], 
            [-84.4058112132144, 33.8454494544903], 
            [-84.4059332134778, 33.8454124545702], 
            [-84.4060472133693, 33.8453624540481], 
            [-84.4061532128888, 33.8453004538698], 
            [-84.4067262133749, 33.8448674544724], 
            [-84.4068752130888, 33.8447604540063], 
            [-84.4070312131278, 33.8446584537715], 
            [-84.4071662130929, 33.8445804537502], 
            [-84.4072832131235, 33.8445284540347], 
            [-84.4080442133458, 33.8441974539599], 
            [-84.4086982140001, 33.8438914541481], 
            [-84.4099212140674, 33.8433764536255], 
            [-84.4103122142166, 33.8432194535319], 
            [-84.4111122144521, 33.8429294535565], 
            [-84.4114262146275, 33.8428104534276], 
            [-84.4116802147162, 33.8426834538296], 
            [-84.4118572148298, 33.8425724531771], 
            [-84.4121572143503, 33.8423564530515], 
            [-84.4124452151144, 33.8421724535094], 
            [-84.413358215182, 33.8415904534917], 
            [-84.4137022149468, 33.8413944533917], 
            [-84.4140432154733, 33.8412314530219], 
            [-84.415350215839, 33.8406724531557], 
            [-84.4155222157218, 33.8405834526233], 
            [-84.4156822159464, 33.8404814532877], 
            [-84.4160312159391, 33.8402094523645], 
            [-84.4163502154398, 33.8399534530829], 
            [-84.4170342157021, 33.8399194523815], 
            [-84.4174422157507, 33.8399454526715], 
            [-84.4177042162189, 33.839974453106], 
            [-84.4179752162061, 33.8400164523437], 
            [-84.4182142165075, 33.8400654528063], 
            [-84.4184492166237, 33.840124452833], 
            [-84.4186652167579, 33.8401894531383], 
            [-84.418892216504, 33.8402684522932], 
            [-84.4191052165, 33.8403524525797], 
            [-84.4193402166189, 33.8404604530778], 
            [-84.4195412169584, 33.8405634524462], 
            [-84.4197312167878, 33.8406724529924], 
            [-84.4199152172386, 33.8407894530101], 
            [-84.4229812175319, 33.8428694530323], 
            [-84.4230452178061, 33.8429124532234], 
            [-84.4243972185403, 33.8438294533884], 
            [-84.4254652186761, 33.8445564537547], 
            [-84.4261542191974, 33.8450254538735], 
            [-84.4268582195159, 33.8455044535557], 
            [-84.4277662194156, 33.8461214533284], 
            [-84.4282122194442, 33.8464334533772], 
            [-84.4284322197688, 33.8465874533091], 
            [-84.429207219722, 33.8458954535962], 
            [-84.4293032196756, 33.8458104532519], 
            [-84.4294132202762, 33.8456744532424], 
            [-84.429431220211, 33.8456524531218], 
            [-84.4294962196232, 33.8455264535772], 
            [-84.4295212198813, 33.8454774531048], 
            [-84.4297522197389, 33.8441724528917], 
            [-84.4299072198025, 33.8453964538344], 
            [-84.4299102199429, 33.8454174530085], 
            [-84.4303592201729, 33.8468924538777], 
            [-84.4304292207308, 33.8470344541585], 
            [-84.4304982203538, 33.8473774538589], 
            [-84.4305942203325, 33.8477594535665], 
            [-84.4306682201887, 33.8481274535256], 
            [-84.4307402208554, 33.8485664540761], 
            [-84.4307992209119, 33.8488764540467], 
            [-84.4308152207575, 33.8489234544249], 
            [-84.4308302205681, 33.8491804537404], 
            [-84.4308262204155, 33.8497974544464], 
            [-84.4308472205369, 33.8506604548571], 
            [-84.430873220881, 33.8513494544011], 
            [-84.4309152210524, 33.8517434546666], 
            [-84.4309792204485, 33.8521824552175], 
            [-84.4310402205965, 33.8524664548828], 
            [-84.4311762206296, 33.8527914546461], 
            [-84.431275220744, 33.8531084549395], 
            [-84.4313812211865, 33.8534864553607], 
            [-84.4313932208463, 33.8535294546544], 
            [-84.4314122208321, 33.8535954550134], 
            [-84.4317292212124, 33.8547014549799], 
            [-84.4319282214962, 33.8554964558309], 
            [-84.4320062215306, 33.8557234555528], 
            [-84.4321592214536, 33.8560554556397], 
            [-84.432516221869, 33.8567444560706], 
            [-84.4327862218341, 33.8572394556109], 
            [-84.4330952218111, 33.857747455752], 
            [-84.4336822221113, 33.8585064558201], 
            [-84.4339272218052, 33.858807456266], 
            [-84.4341812219168, 33.8591084558123], 
            [-84.4358862228934, 33.8609464563647], 
            [-84.4359382226118, 33.8610104566298], 
            [-84.4366902224805, 33.8618754562066], 
            [-84.437621223472, 33.8629474572728], 
            [-84.4378612229231, 33.8630454573075], 
            [-84.4380662234467, 33.8631184570845], 
            [-84.4396782237016, 33.8648954575122], 
            [-84.4395482239779, 33.865148457547], 
            [-84.4411312246871, 33.8669494572889], 
            [-84.441409225019, 33.8673614574802], 
            [-84.441931225004, 33.8681754574008], 
            [-84.4422802250392, 33.8686984582353], 
            [-84.4427212248572, 33.8694094578835], 
            [-84.4431542252059, 33.8701714580963], 
            [-84.4434462252947, 33.8707054585432], 
            [-84.443823225732, 33.8712664584391], 
            [-84.44428722572, 33.8720164580947], 
            [-84.4446412259873, 33.8725384588827], 
            [-84.4448272256383, 33.8727804583962], 
            [-84.4452392258939, 33.873207458378], 
            [-84.4457992258322, 33.8738104584142], 
            [-84.4467982263736, 33.8747264594452], 
            [-84.4468782264926, 33.8747994592269], 
            [-84.4463822268821, 33.8752384588993], 
            [-84.446362226854, 33.8752494594096], 
            [-84.4461072267198, 33.8753924588496], 
            [-84.4444842260986, 33.8763034597468], 
            [-84.4435632256628, 33.8769394595687], 
            [-84.4433682256152, 33.8770894593306], 
            [-84.4432812260803, 33.8771944597018], 
            [-84.443169225388, 33.877348459646], 
            [-84.4430702252992, 33.8775084598677], 
            [-84.4429862259068, 33.8776744594675], 
            [-84.4428732251734, 33.877928459548], 
            [-84.4428092258101, 33.8781004603243], 
            [-84.4427532259187, 33.8782744602938], 
            [-84.4427102257315, 33.8784514604016], 
            [-84.4426882256165, 33.8785744598056], 
            [-84.4426802252482, 33.878629459656], 
            [-84.4426342258414, 33.8791834601428], 
            [-84.4410982247069, 33.8790914604345], 
            [-84.4408572252144, 33.8790854601656], 
            [-84.4402152251006, 33.8790864602358], 
            [-84.4394082245682, 33.8798964600207], 
            [-84.4393422251039, 33.8799144599577], 
            [-84.4392552246654, 33.8799414603126], 
            [-84.4388912248588, 33.8798904606614], 
            [-84.4387452243727, 33.8797744606886], 
            [-84.4387922247373, 33.8794424605942], 
            [-84.4387002240622, 33.8793834605623], 
            [-84.4385622239582, 33.8794664599161], 
            [-84.438183224351, 33.8793464606661], 
            [-84.4380222240698, 33.8792584601925], 
            [-84.4379172245997, 33.8793774603135], 
            [-84.4376032244239, 33.8794874600255], 
            [-84.4371372243804, 33.8794334602391], 
            [-84.4372382236852, 33.8796924605433], 
            [-84.4371032237299, 33.8799534600496], 
            [-84.4367502235455, 33.8801104601418], 
            [-84.4363502238737, 33.8801864609798], 
            [-84.4362652235315, 33.8802784607485], 
            [-84.4363462236225, 33.8789644601243], 
            [-84.436350223783, 33.8784974600724], 
            [-84.4348892234356, 33.8784944599879], 
            [-84.4335392228431, 33.8784904607524], 
            [-84.4330632223384, 33.8784894607238], 
            [-84.4312072225471, 33.8784844605615], 
            [-84.4298222221291, 33.8784804604279], 
            [-84.4297512215464, 33.8787424608776], 
            [-84.4290192218858, 33.8812194614471], 
            [-84.4289402218174, 33.8812224606897], 
            [-84.4287632216969, 33.881205460808], 
            [-84.4286092217432, 33.8811684608983], 
            [-84.4284482214633, 33.8811044606372], 
            [-84.428316221629, 33.8810274606721], 
            [-84.428177221468, 33.8809124607455], 
            [-84.4277832211493, 33.8805044607438], 
            [-84.4279322216826, 33.8789094605885], 
            [-84.4279922217452, 33.8784684608397], 
            [-84.4272802210809, 33.8784654607273], 
            [-84.4263232207387, 33.8784614605778], 
            [-84.4253662203965, 33.8784564603819], 
            [-84.4249702200068, 33.8784544603039], 
            [-84.424885220559, 33.8784534602608], 
            [-84.4247052203247, 33.878909460709], 
            [-84.4246032201018, 33.8791664609281], 
            [-84.4232722203694, 33.8787594610078], 
            [-84.4232252199699, 33.8784414606662], 
            [-84.4208352187805, 33.8784244608672], 
            [-84.4186052187204, 33.8784084611085], 
            [-84.4177812182565, 33.8784374606842], 
            [-84.4176692184539, 33.8784124613288], 
            [-84.4175572186512, 33.8783874610741], 
            [-84.4164822182291, 33.8783814608362], 
            [-84.4142732173456, 33.8783774607335], 
            [-84.4136602167787, 33.8783754606637], 
            [-84.4134232174606, 33.8781614606508], 
            [-84.4132482174264, 33.8780224614121], 
            [-84.4130592167431, 33.8778974610241], 
            [-84.4128152171047, 33.877765461213], 
            [-84.4125282163696, 33.8776234609403], 
            [-84.4124382166868, 33.8775674610472], 
            [-84.4123842168767, 33.8775254609021], 
            [-84.4123632167999, 33.8774964604587], 
            [-84.4122762163514, 33.8773364611432], 
            [-84.4122222165339, 33.8771544608073], 
            [-84.4121122168126, 33.876916460577], 
            [-84.4120512166758, 33.8768404606557], 
            [-84.4119762167887, 33.8767654607811], 
            [-84.4117822167717, 33.8766194603195], 
            [-84.4117232167296, 33.876577461074], 
            [-84.4113042161537, 33.87623646058], 
            [-84.4108862165222, 33.8758704607264], 
            [-84.4106002158295, 33.8756534605763], 
            [-84.4100782158671, 33.8752584602823], 
            [-84.409983215951, 33.8751784601768], 
            [-84.4097522160104, 33.8749344605725], 
            [-84.409670215796, 33.8748124603194], 
            [-84.4096192161202, 33.8746794604549], 
            [-84.4096022162226, 33.8745284606544], 
            [-84.4097302158225, 33.873697459922], 
            [-84.4097362160908, 33.8735094602052], 
            [-84.409711215823, 33.8733784604323], 
            [-84.409605215388, 33.8731414602483], 
            [-84.4094892153914, 33.872960459961], 
            [-84.4094002157523, 33.8728544604494], 
            [-84.4089152157019, 33.8723424601296], 
            [-84.4087842150093, 33.8721644599818], 
            [-84.4086982155058, 33.871988459925], 
            [-84.4085282156847, 33.8714994597597], 
            [-84.4084462154682, 33.8713374594521], 
            [-84.4083812151447, 33.8712414595035], 
            [-84.4083052152103, 33.8711484596945], 
            [-84.4077202150107, 33.8705364592421], 
            [-84.4073342150594, 33.8700554594554], 
            [-84.4072442144736, 33.8699304590636], 
            [-84.4071812151413, 33.8698164591804], 
            [-84.4071322146598, 33.8696974590651], 
            [-84.4070982148741, 33.8695744596631], 
            [-84.407079214885, 33.8694494592687], 
            [-84.407077214791, 33.8694274591489], 
            [-84.4070302143707, 33.8687194596248], 
            [-84.407001214814, 33.8685404594269], 
            [-84.4069682150753, 33.868428458736], 
            [-84.4069562145175, 33.8684104588017], 
            [-84.406953214377, 33.8683864594886], 
            [-84.4069112142214, 33.8682884594466], 
            [-84.4064012147833, 33.867287458956], 
            [-84.4062532141948, 33.8669894586454], 
            [-84.406119214256, 33.8666934584269], 
            [-84.40533321365, 33.8647314583907], 
            [-84.4052602138503, 33.8645544582871], 
            [-84.4047822140909, 33.8634104583649], 
            [-84.4047582138734, 33.8633524583767], 
            [-84.4047322135629, 33.8632904582032], 
            [-84.4044392134187, 33.8625894581133], 
            [-84.4036752129411, 33.860752457572], 
            [-84.4035622130744, 33.86039945741], 
            [-84.4034602128131, 33.8599384576399], 
            [-84.4034442129645, 33.859837457458], 
            [-84.403423212875, 33.8595694576331], 
            [-84.4034302131933, 33.8594474573767], 
            [-84.403454213401, 33.859323457027], 
            [-84.40360021296, 33.8589234573757], 
            [-84.4039012134026, 33.8582664575034], 
            [-84.4043282133895, 33.857471456629], 
            [-84.4044262134317, 33.8573074571214], 
            [-84.4046062136777, 33.8570664567413], 
            [-84.4049782138308, 33.8566544565256], 
            [-84.4050802131613, 33.8565274569333], 
            [-84.4052012133702, 33.8563394563129], 
            [-84.4053062137341, 33.8561174568159], 
            [-84.4053712131419, 33.8559094561703], 
            [-84.4054062138554, 33.8556964561935], 
            [-84.4054622136917, 33.8544964563548], 
            [-84.4054722132512, 33.8543994563571], 
            [-84.4054992135989, 33.8542894557566], 
            [-84.405550213261, 33.8541674563978], 
            [-84.4056102133419, 33.854066456213], 
            [-84.4056372136937, 33.8540334564818], 
            [-84.4056962137297, 33.8539594557492], 
            [-84.4058262134607, 33.8538424557198], 
            [-84.4069462141276, 33.853015456035], 
            [-84.4070342137097, 33.852923456266], 
            [-84.4071142138186, 33.8528094554782], 
            [-84.407161214196, 33.8527184557571], 
            [-84.4071912137845, 33.8526244558977], 
            [-84.4072042134834, 33.8525304560389], 
            [-84.4072192141507, 33.8519934554415], 
            [-84.4072312137328, 33.8505854549612], 
            [-84.4072482135657, 33.8495274554074]
          ]
        ]
      }, 
      "properties" : null
    }, 
    {
      "type" : "Feature", 
      "geometry" : 
      {
        "type" : "Polygon", 
        "coordinates" : 
        [
          [
            [-84.416572206972, 33.6731044167917], 
            [-84.4183312076579, 33.67311441719], 
            [-84.4182312077152, 33.6769144178782], 
            [-84.417231207182, 33.6770144180515], 
            [-84.4172312071902, 33.677169418038], 
            [-84.4172312072031, 33.6774144176975], 
            [-84.4166642069742, 33.677447418348], 
            [-84.4155322066092, 33.6775144178967], 
            [-84.415465207106, 33.6776774182563], 
            [-84.4153292071107, 33.6780614180654], 
            [-84.4151812065617, 33.6785074180495], 
            [-84.4151242066291, 33.6787794180628], 
            [-84.4150532069654, 33.679416418799], 
            [-84.4150542070283, 33.679729418911], 
            [-84.4150632065518, 33.6798254188616], 
            [-84.4150742070683, 33.6799404187932], 
            [-84.415159207436, 33.6803304188721], 
            [-84.4151812066687, 33.6805294190976], 
            [-84.4151332071827, 33.6813504184652], 
            [-84.4135342067259, 33.6813234190721], 
            [-84.4133872061996, 33.6813214189848], 
            [-84.4125902060872, 33.681307419265], 
            [-84.4121082062039, 33.6813144187078], 
            [-84.4116972060176, 33.6813134186766], 
            [-84.4115092062867, 33.6813094193976], 
            [-84.4110622062285, 33.6813094194141], 
            [-84.4107342053971, 33.6813074193337], 
            [-84.4077062051791, 33.681286419372], 
            [-84.4065332047055, 33.6812654193418], 
            [-84.405022203837, 33.681266419444], 
            [-84.4039622041116, 33.6812664194832], 
            [-84.4027972031082, 33.6812134188694], 
            [-84.4011872030382, 33.6811514196538], 
            [-84.4003582032391, 33.6811294195645], 
            [-84.4001632031835, 33.6811284195254], 
            [-84.3996522028533, 33.6811274194979], 
            [-84.3989622023108, 33.6811264194771], 
            [-84.3986542024075, 33.6811254194421], 
            [-84.3985292019611, 33.680333419626], 
            [-84.3984532020061, 33.6798504188354], 
            [-84.3981072020379, 33.6779544191408], 
            [-84.3979202022886, 33.6767254188659], 
            [-84.3978712017967, 33.6764084185704], 
            [-84.3978242013977, 33.6760944184138], 
            [-84.3977212019167, 33.6742524176148], 
            [-84.3977402018293, 33.6729334176592], 
            [-84.3993932020932, 33.6729434180615], 
            [-84.399563201888, 33.6729444172022], 
            [-84.4006602024319, 33.6729594178566], 
            [-84.4034552035298, 33.6729954176225], 
            [-84.4053922034832, 33.6730194177634], 
            [-84.4069702038645, 33.6730384176861], 
            [-84.4085002047164, 33.6730574176105], 
            [-84.4121132060009, 33.6730894171609], 
            [-84.413153205698, 33.6730984175394], 
            [-84.4141142062258, 33.6731064169751], 
            [-84.4142742064559, 33.6731074170156], 
            [-84.416572206972, 33.6731044167917]
          ]
        ]
      }, 
      "properties" : null
    }, 
    {
      "type" : "Feature", 
      "geometry" : 
      {
        "type" : "Polygon", 
        "coordinates" : 
        [
          [
            [-84.3912301988026, 33.6481154129269], 
            [-84.3913391984647, 33.6481144128765], 
            [-84.3913781984757, 33.6481134128288], 
            [-84.3913951983653, 33.6481134128281], 
            [-84.3915541985489, 33.648112412776], 
            [-84.3915681982992, 33.6481124127754], 
            [-84.3918311988124, 33.6481154129047], 
            [-84.3938621995328, 33.6481814122902], 
            [-84.3947491993257, 33.648208412609], 
            [-84.3947611998825, 33.6482084126086], 
            [-84.3949111996488, 33.6482134128347], 
            [-84.3958201995614, 33.6482044123842], 
            [-84.3972011997926, 33.648190412584], 
            [-84.3972241999607, 33.6481934127221], 
            [-84.3974202000637, 33.6482144127884], 
            [-84.3974312005742, 33.6482154128344], 
            [-84.3974571999826, 33.6482244123511], 
            [-84.3974772000117, 33.6482314126746], 
            [-84.3976871998677, 33.648302412359], 
            [-84.3977332002045, 33.6483184121993], 
            [-84.397866200081, 33.6483184121944], 
            [-84.399030201035, 33.6483164120587], 
            [-84.3994502007396, 33.6483154119969], 
            [-84.3994102007687, 33.6499574125287], 
            [-84.3994022013136, 33.6502764129191], 
            [-84.3993302008284, 33.6532684130446], 
            [-84.399326200652, 33.6534424130122], 
            [-84.399320201287, 33.6537094136912], 
            [-84.3972432002107, 33.6532644138356], 
            [-84.3970452000131, 33.6532114131861], 
            [-84.3969502001, 33.65318641383], 
            [-84.3968632005581, 33.6531604135279], 
            [-84.396766200552, 33.6531314130873], 
            [-84.3965622001272, 33.6540474132647], 
            [-84.3965232001252, 33.6542204140866], 
            [-84.3961812004511, 33.6543754140858], 
            [-84.3960772001252, 33.654444413689], 
            [-84.3959961999676, 33.6545154133841], 
            [-84.3955322000538, 33.6551574143667], 
            [-84.3954572001841, 33.6554104143996], 
            [-84.3953222002527, 33.656127414348], 
            [-84.3950902002869, 33.6562804142505], 
            [-84.3948461997648, 33.656441414524], 
            [-84.3948491999052, 33.6564654138372], 
            [-84.3947982002538, 33.6567914145534], 
            [-84.3947022003858, 33.6584994145477], 
            [-84.3947071997753, 33.6595734148429], 
            [-84.3947271998145, 33.6597724150685], 
            [-84.3948211997293, 33.6607094153084], 
            [-84.3949122003781, 33.6611514150984], 
            [-84.3951222002781, 33.6620534155112], 
            [-84.3951762000965, 33.6622534157819], 
            [-84.3956742007987, 33.6636944159747], 
            [-84.3961402009021, 33.6648854162775], 
            [-84.3965722012218, 33.6659874160554], 
            [-84.3969632014319, 33.6669844163662], 
            [-84.3973002009296, 33.66787941645], 
            [-84.3974202011225, 33.6682654163424], 
            [-84.3974632013265, 33.6684044164853], 
            [-84.3975542010748, 33.6688214169156], 
            [-84.3975612014037, 33.6688994169318], 
            [-84.3975742011155, 33.6690484166399], 
            [-84.3975822014915, 33.6691394172583], 
            [-84.3976212015384, 33.6698164171457], 
            [-84.397635201315, 33.6703134167886], 
            [-84.397625201768, 33.670648417021], 
            [-84.3975272018377, 33.6729314175744], 
            [-84.3977402018293, 33.6729334176592], 
            [-84.3977212019167, 33.6742524176148], 
            [-84.3978242013977, 33.6760944184138], 
            [-84.3978712017967, 33.6764084185704], 
            [-84.3979202022886, 33.6767254188659], 
            [-84.3981072020379, 33.6779544191408], 
            [-84.3984532020061, 33.6798504188354], 
            [-84.3985292019611, 33.680333419626], 
            [-84.3986542024075, 33.6811254194421], 
            [-84.3984092018302, 33.6811204192196], 
            [-84.3983792022369, 33.6811254194523], 
            [-84.3978702019997, 33.6811244194249], 
            [-84.3963332017231, 33.6811214193427], 
            [-84.3937122006071, 33.6811154191616], 
            [-84.393067200354, 33.6811124199457], 
            [-84.3902871999534, 33.6811004194925], 
            [-84.3887711997518, 33.6810944201699], 
            [-84.3876371992896, 33.6810804195632], 
            [-84.3843281977225, 33.6810454198626], 
            [-84.3843301978314, 33.6813524196966], 
            [-84.3843041984386, 33.6816364202647], 
            [-84.3842371980412, 33.6818954196759], 
            [-84.3841791980534, 33.6820034201851], 
            [-84.3840401979055, 33.6821344199642], 
            [-84.3823921979452, 33.6834794202851], 
            [-84.3820781977719, 33.6836384204686], 
            [-84.3803211972093, 33.6842094209074], 
            [-84.3802881974713, 33.6841094207723], 
            [-84.3803541968223, 33.6819454203373], 
            [-84.3803901966253, 33.6806434202694], 
            [-84.3750831958679, 33.6805254203945], 
            [-84.3746511956077, 33.6805474205304], 
            [-84.3741181951608, 33.6806364201769], 
            [-84.3738841950973, 33.6806964202673], 
            [-84.3736401954701, 33.6807754203391], 
            [-84.3732331945789, 33.6809434200436], 
            [-84.3728331949144, 33.681156420034], 
            [-84.3725121944159, 33.6813104199861], 
            [-84.3722701948823, 33.6814034207063], 
            [-84.3719781948268, 33.6814924203439], 
            [-84.3716521940924, 33.681569420326], 
            [-84.3713321945341, 33.6816184208094], 
            [-84.3709821944819, 33.6816434201819], 
            [-84.3706411939466, 33.6816434201945], 
            [-84.3704511941223, 33.6816294204522], 
            [-84.3702341939442, 33.6816114205256], 
            [-84.369870194137, 33.6815494203646], 
            [-84.3694811940669, 33.6814474201499], 
            [-84.3691171933565, 33.6813134202504], 
            [-84.3685781935109, 33.6810324207416], 
            [-84.3679521932184, 33.6806174204237], 
            [-84.3674141934152, 33.680261420138], 
            [-84.3691811934751, 33.6784134198912], 
            [-84.369387194028, 33.678165420085], 
            [-84.3695251941251, 33.6779494199653], 
            [-84.3696351938213, 33.6777164199583], 
            [-84.3699831937282, 33.6766954194075], 
            [-84.3704851935646, 33.6752584193632], 
            [-84.3706541941912, 33.6748574187652], 
            [-84.3709751937692, 33.6743054192597], 
            [-84.3714961936232, 33.6735324185012], 
            [-84.371956194248, 33.6728394187533], 
            [-84.3722081942259, 33.6723724186919], 
            [-84.372346194309, 33.6718904188389], 
            [-84.3723831942219, 33.6717894186549], 
            [-84.3724601941826, 33.6715014178995], 
            [-84.3727311941261, 33.6707174184393], 
            [-84.3729201938746, 33.6701754176033], 
            [-84.3730551947258, 33.6698444175517], 
            [-84.373197194093, 33.6693224176441], 
            [-84.3733701939881, 33.6685864177132], 
            [-84.373478194475, 33.6680544173436], 
            [-84.3734981944877, 33.6677494176014], 
            [-84.3734871939629, 33.6674794176833], 
            [-84.3734801945285, 33.6673104170485], 
            [-84.3735991946064, 33.6663974170132], 
            [-84.3736641940025, 33.6659644167352], 
            [-84.3737231940311, 33.6657494166646], 
            [-84.3737161945806, 33.6652754171877], 
            [-84.3736841939589, 33.664592417022], 
            [-84.3736271939677, 33.6637564169633], 
            [-84.3735781943476, 33.6629174167653], 
            [-84.3735571942635, 33.6627494161773], 
            [-84.3735061936851, 33.6625514159991], 
            [-84.3734221942708, 33.6623054162963], 
            [-84.3733121936495, 33.6620514162238], 
            [-84.3730301940301, 33.6616084163946], 
            [-84.3728571940845, 33.6613894161473], 
            [-84.3723931932119, 33.6609054162239], 
            [-84.3718361934121, 33.6602784159741], 
            [-84.3716861936357, 33.6600814158458], 
            [-84.3712401935887, 33.6594124154446], 
            [-84.3700891931462, 33.6576784151911], 
            [-84.3700821928208, 33.6576684156273], 
            [-84.3702061931766, 33.6576244153829], 
            [-84.369259192327, 33.6562504147133], 
            [-84.3688441919235, 33.6556514148561], 
            [-84.3683801919376, 33.6549264145591], 
            [-84.3680841916603, 33.6543304148365], 
            [-84.3678961919036, 33.6538374144859], 
            [-84.3675791915426, 33.6530774143605], 
            [-84.3671911914747, 33.6521374139924], 
            [-84.3684711923274, 33.6504604135919], 
            [-84.3703121921929, 33.6480204137939], 
            [-84.3703521922504, 33.6480204137924], 
            [-84.3713481926032, 33.6480174136167], 
            [-84.3722251928299, 33.648016413538], 
            [-84.3722271929228, 33.6480164135379], 
            [-84.3751291935933, 33.6481154135209], 
            [-84.3758291937005, 33.6481154134951], 
            [-84.3798761953377, 33.6481154133459], 
            [-84.3799291950991, 33.6481154133439], 
            [-84.3822311958011, 33.6481164133052], 
            [-84.3822331958939, 33.6481164133052], 
            [-84.3822571961082, 33.6481164133043], 
            [-84.3868921971519, 33.648115413087], 
            [-84.3871351976361, 33.648115413078], 
            [-84.3877131974779, 33.6481154130567], 
            [-84.3877291973211, 33.6481154130561], 
            [-84.3881871978897, 33.6481154130392], 
            [-84.388547197508, 33.6481154130259], 
            [-84.3885551978793, 33.6481154130256], 
            [-84.3886981973204, 33.6481154130203], 
            [-84.3888021976498, 33.6481154130165], 
            [-84.3888071978819, 33.6481154130163], 
            [-84.3902311983105, 33.6481154129638], 
            [-84.3912171981994, 33.6481154129274], 
            [-84.3912301988026, 33.6481154129269]
          ]
        ]
      }, 
      "properties" : null
    }, 
    {
      "type" : "Feature", 
      "geometry" : 
      {
        "type" : "Polygon", 
        "coordinates" : 
        [
          [
            [-84.3495281878865, 33.6760144200887], 
            [-84.3494281876529, 33.674314419573], 
            [-84.3497271875863, 33.6657614181063], 
            [-84.3498031874249, 33.6640414175568], 
            [-84.3498121869331, 33.663848417608], 
            [-84.3498211873408, 33.6636604178909], 
            [-84.3498221873863, 33.6636434171032], 
            [-84.3498231874317, 33.6636254171686], 
            [-84.3498921869595, 33.6621694171591], 
            [-84.349914187056, 33.6616934166891], 
            [-84.3499181872368, 33.6616024169695], 
            [-84.3499211873731, 33.6615474171192], 
            [-84.3499281867916, 33.6614144172523], 
            [-84.3500101868094, 33.6578134158911], 
            [-84.3500641864875, 33.6553524160855], 
            [-84.3501211871977, 33.6527694151241], 
            [-84.3502051863985, 33.6489674143429], 
            [-84.350228186511, 33.6479144141202], 
            [-84.353673187188, 33.6478214141811], 
            [-84.3537551873957, 33.6478194140854], 
            [-84.3537601876277, 33.6478194140853], 
            [-84.3537961874996, 33.6478184140376], 
            [-84.3540281874732, 33.6478144138437], 
            [-84.3558631880883, 33.647814413776], 
            [-84.3561941881596, 33.6478144137639], 
            [-84.3562071878635, 33.6478144137634], 
            [-84.3562121880955, 33.6478144137632], 
            [-84.3562141881883, 33.6478144137631], 
            [-84.3562161882811, 33.647814413763], 
            [-84.3564381886904, 33.6478174138938], 
            [-84.3585281885509, 33.6478714136206], 
            [-84.3593781893246, 33.6478934137092], 
            [-84.359595189502, 33.6478994139792], 
            [-84.3596101892988, 33.6478994139787], 
            [-84.3597691894827, 33.6479034141581], 
            [-84.3598161889658, 33.6479044133033], 
            [-84.3598911897482, 33.6479064133933], 
            [-84.3599011893129, 33.6479064133929], 
            [-84.3599101897305, 33.6479064133926], 
            [-84.359912188924, 33.6479074134388], 
            [-84.3599141890169, 33.6479074134387], 
            [-84.3599171891561, 33.6479074134386], 
            [-84.3599211893417, 33.6479074134385], 
            [-84.359929189713, 33.6479074134382], 
            [-84.3599631894921, 33.6479084134832], 
            [-84.360228189199, 33.6479154137977], 
            [-84.3603151896387, 33.6479134137019], 
            [-84.3609451900943, 33.647901414022], 
            [-84.3651831906979, 33.6478184136176], 
            [-84.365271191184, 33.6478164135218], 
            [-84.36528919112, 33.6478164135211], 
            [-84.3652921912592, 33.647816413521], 
            [-84.3653291911774, 33.6478154134733], 
            [-84.3698861922094, 33.6480104133463], 
            [-84.3699261922671, 33.6480154135765], 
            [-84.36992819236, 33.6480164136227], 
            [-84.3699301924528, 33.6480164136227], 
            [-84.3699341926384, 33.6480164136225], 
            [-84.3699381919247, 33.6480164136224], 
            [-84.3699421921103, 33.6480164136222], 
            [-84.3699471923424, 33.648016413622], 
            [-84.3699521925743, 33.6480164136219], 
            [-84.3699571919071, 33.6480164136217], 
            [-84.3699621921391, 33.6480164136215], 
            [-84.3699681924175, 33.6480164136213], 
            [-84.3699741926959, 33.648016413621], 
            [-84.369980192075, 33.6480164136208], 
            [-84.3699861923535, 33.6480164136206], 
            [-84.3699921926319, 33.6480164136204], 
            [-84.369998192011, 33.6480164136201], 
            [-84.3700041922894, 33.6480164136199], 
            [-84.3700101925678, 33.6480164136197], 
            [-84.3700161919469, 33.6480164136195], 
            [-84.3701131919517, 33.6480204138013], 
            [-84.3701271926013, 33.6480204138007], 
            [-84.3703121921929, 33.6480204137939], 
            [-84.3684711923274, 33.6504604135919], 
            [-84.3671911914747, 33.6521374139924], 
            [-84.3675791915426, 33.6530774143605], 
            [-84.3678961919036, 33.6538374144859], 
            [-84.3680841916603, 33.6543304148365], 
            [-84.3683801919376, 33.6549264145591], 
            [-84.3688441919235, 33.6556514148561], 
            [-84.369259192327, 33.6562504147133], 
            [-84.3702061931766, 33.6576244153829], 
            [-84.3700821928208, 33.6576684156273], 
            [-84.3700891931462, 33.6576784151911], 
            [-84.3712401935887, 33.6594124154446], 
            [-84.3716861936357, 33.6600814158458], 
            [-84.3718361934121, 33.6602784159741], 
            [-84.3723931932119, 33.6609054162239], 
            [-84.3728571940845, 33.6613894161473], 
            [-84.3730301940301, 33.6616084163946], 
            [-84.3733121936495, 33.6620514162238], 
            [-84.3734221942708, 33.6623054162963], 
            [-84.3735061936851, 33.6625514159991], 
            [-84.3735571942635, 33.6627494161773], 
            [-84.3735781943476, 33.6629174167653], 
            [-84.3736271939677, 33.6637564169633], 
            [-84.3736841939589, 33.664592417022], 
            [-84.3737161945806, 33.6652754171877], 
            [-84.3737231940311, 33.6657494166646], 
            [-84.3736641940025, 33.6659644167352], 
            [-84.3735991946064, 33.6663974170132], 
            [-84.3734801945285, 33.6673104170485], 
            [-84.3734871939629, 33.6674794176833], 
            [-84.3734981944877, 33.6677494176014], 
            [-84.373478194475, 33.6680544173436], 
            [-84.3733701939881, 33.6685864177132], 
            [-84.373197194093, 33.6693224176441], 
            [-84.3730551947258, 33.6698444175517], 
            [-84.3729201938746, 33.6701754176033], 
            [-84.3727311941261, 33.6707174184393], 
            [-84.3724601941826, 33.6715014178995], 
            [-84.3723831942219, 33.6717894186549], 
            [-84.372346194309, 33.6718904188389], 
            [-84.3722081942259, 33.6723724186919], 
            [-84.371956194248, 33.6728394187533], 
            [-84.3714961936232, 33.6735324185012], 
            [-84.3709751937692, 33.6743054192597], 
            [-84.3706541941912, 33.6748574187652], 
            [-84.3704851935646, 33.6752584193632], 
            [-84.3699831937282, 33.6766954194075], 
            [-84.3696351938213, 33.6777164199583], 
            [-84.3695251941251, 33.6779494199653], 
            [-84.369387194028, 33.678165420085], 
            [-84.3691811934751, 33.6784134198912], 
            [-84.3674141934152, 33.680261420138], 
            [-84.3659601925738, 33.6817784203267], 
            [-84.3657181930519, 33.6820954206329], 
            [-84.3656041931678, 33.6822844212996], 
            [-84.3655441930878, 33.6824034205198], 
            [-84.3654621928782, 33.6823684206999], 
            [-84.3651761930897, 33.6822414211218], 
            [-84.3644991922364, 33.6819634208577], 
            [-84.364216192587, 33.6818324210942], 
            [-84.3640311920913, 33.6817404204361], 
            [-84.3637651923301, 33.6815864205057], 
            [-84.3636801919802, 33.6815314206587], 
            [-84.3635991918156, 33.6814714205798], 
            [-84.3635131923186, 33.6814174207792], 
            [-84.3634231917369, 33.681367421164], 
            [-84.3633291918692, 33.6813234209277], 
            [-84.3632321918626, 33.681284420923], 
            [-84.3631301916244, 33.6812554204825], 
            [-84.3630311924244, 33.6812184205706], 
            [-84.3629421918891, 33.6811684209554], 
            [-84.3628481920214, 33.681124420719], 
            [-84.3627501919685, 33.681087420807], 
            [-84.3626481917302, 33.681056420274], 
            [-84.3625431922528, 33.6810394203895], 
            [-84.3624411920147, 33.6810104208485], 
            [-84.362344192008, 33.6809704207975], 
            [-84.3622541914263, 33.6809214203293], 
            [-84.3621721921147, 33.6808624202968], 
            [-84.3621011915144, 33.6807954207926], 
            [-84.3620191913035, 33.6807364207602], 
            [-84.3619281915748, 33.6806884203384], 
            [-84.3618321916144, 33.680646421094], 
            [-84.3616361915085, 33.6805724203709], 
            [-84.3615421916408, 33.6805284210337], 
            [-84.3614511919121, 33.6804794205657], 
            [-84.3610201916827, 33.6802094206631], 
            [-84.3607521909296, 33.6800574208254], 
            [-84.3604781907978, 33.6799144205057], 
            [-84.3601971912411, 33.6797804206031], 
            [-84.3600031912278, 33.6797024205938], 
            [-84.3598011908441, 33.6796404204269], 
            [-84.3597021907447, 33.679603420515], 
            [-84.3595121909167, 33.6795184201813], 
            [-84.3593291905137, 33.6794234202833], 
            [-84.3591521903886, 33.6793204209138], 
            [-84.3590641907959, 33.67921242041], 
            [-84.3589411904836, 33.6792024208506], 
            [-84.3588371910524, 33.6791794206882], 
            [-84.3587521907024, 33.6791244208412], 
            [-84.3586451902331, 33.6791124202892], 
            [-84.358430190148, 33.6790964204552], 
            [-84.3581071904473, 33.6790844208105], 
            [-84.3580211900535, 33.6790774204893], 
            [-84.3579411909265, 33.6807564209381], 
            [-84.3579081904235, 33.683198421661], 
            [-84.3576081908901, 33.6831724213669], 
            [-84.356753189879, 33.6830494210958], 
            [-84.3563671899516, 33.6830154213335], 
            [-84.3525581894641, 33.6829834217903], 
            [-84.3498831885391, 33.6829614217692], 
            [-84.34923718824, 33.6829654219784], 
            [-84.3492411884223, 33.6829034218038], 
            [-84.3493061877917, 33.6819664215579], 
            [-84.3494181884071, 33.6803524214214], 
            [-84.3494281879645, 33.6802144213228], 
            [-84.3494281878694, 33.678414420667], 
            [-84.3495281878865, 33.6760144200887]
          ]
        ]
      }, 
      "properties" : null
    }, 
    {
      "type" : "Feature", 
      "geometry" : 
      {
        "type" : "Polygon", 
        "coordinates" : 
        [
          [
            [-84.4166942076747, 33.68137441862], 
            [-84.4169422074919, 33.6813774187498], 
            [-84.416902207488, 33.6823914189647], 
            [-84.4168852076215, 33.6828254192872], 
            [-84.4168312078871, 33.6842144197891], 
            [-84.4168172081797, 33.6850254195914], 
            [-84.4168172081993, 33.6853954196461], 
            [-84.4168192074518, 33.6865114200885], 
            [-84.4167642077441, 33.6892794206268], 
            [-84.4168662081348, 33.6921904214893], 
            [-84.4155492081768, 33.6922274214535], 
            [-84.4155422078749, 33.6926614208764], 
            [-84.4155242079919, 33.6936614213411], 
            [-84.4155112083274, 33.6944064216828], 
            [-84.4155002078206, 33.6944754212827], 
            [-84.4154932075073, 33.6946914213975], 
            [-84.4154232079889, 33.6971954222959], 
            [-84.4154722084735, 33.6973744224933], 
            [-84.4151722080383, 33.6973014218202], 
            [-84.4142052072205, 33.6970744221311], 
            [-84.4133612076147, 33.6968674224646], 
            [-84.4129802070164, 33.6967624221108], 
            [-84.4127082069814, 33.6966934225214], 
            [-84.4123872073708, 33.6966294222662], 
            [-84.4120802066125, 33.6965884221767], 
            [-84.4116832070739, 33.6965514222758], 
            [-84.4112312067826, 33.6965304222189], 
            [-84.4084612059426, 33.6964394226021], 
            [-84.4081182062112, 33.6963894220969], 
            [-84.4081172061717, 33.6965194227239], 
            [-84.4080182060742, 33.6965164225886], 
            [-84.4077582056998, 33.6965074221812], 
            [-84.407633205295, 33.6965034220005], 
            [-84.4073082055028, 33.6965134224758], 
            [-84.4068952052255, 33.6965474222677], 
            [-84.4064772056173, 33.6966144226892], 
            [-84.4061302057069, 33.6966904226258], 
            [-84.4055302048531, 33.6968574222911], 
            [-84.4053522046896, 33.6969064227692], 
            [-84.4052072051587, 33.6969634227174], 
            [-84.4049532050677, 33.6970484221682], 
            [-84.4046562047798, 33.6971264221956], 
            [-84.4046812050339, 33.6970004226524], 
            [-84.4047082044808, 33.6968634225996], 
            [-84.4047452052857, 33.6966224222246], 
            [-84.4047642052474, 33.6962314220956], 
            [-84.4047322046397, 33.6958144225624], 
            [-84.4046182047237, 33.6954024223647], 
            [-84.4046332045168, 33.695332421819], 
            [-84.404489205012, 33.695008422102], 
            [-84.4042792042365, 33.6945574218996], 
            [-84.4035562048014, 33.693437422198], 
            [-84.4022022039347, 33.6917574217562], 
            [-84.4017702036437, 33.691198421055], 
            [-84.4001152031743, 33.6890594209428], 
            [-84.3996012026686, 33.6883714205633], 
            [-84.3993382030349, 33.6879934210469], 
            [-84.3991342025418, 33.6876164206753], 
            [-84.398990203032, 33.6871974210536], 
            [-84.39878320238, 33.6864484205347], 
            [-84.3987082024722, 33.6859814204853], 
            [-84.3986992029482, 33.6858724208317], 
            [-84.3987342027736, 33.6858694206913], 
            [-84.3988412023428, 33.6858684206411], 
            [-84.3989132029861, 33.6858724208238], 
            [-84.3988862026195, 33.6856254201732], 
            [-84.3988992023155, 33.6854764204643], 
            [-84.398960202348, 33.683582419948], 
            [-84.3989172021191, 33.6829754197066], 
            [-84.3988462023899, 33.6823734196977], 
            [-84.3986542024075, 33.6811254194421], 
            [-84.3989622023108, 33.6811264194771], 
            [-84.3996522028533, 33.6811274194979], 
            [-84.4001632031835, 33.6811284195254], 
            [-84.4003582032391, 33.6811294195645], 
            [-84.4011872030382, 33.6811514196538], 
            [-84.4027972031082, 33.6812134188694], 
            [-84.4039622041116, 33.6812664194832], 
            [-84.405022203837, 33.681266419444], 
            [-84.4065332047055, 33.6812654193418], 
            [-84.4077062051791, 33.681286419372], 
            [-84.4107342053971, 33.6813074193337], 
            [-84.4110622062285, 33.6813094194141], 
            [-84.4115092062867, 33.6813094193976], 
            [-84.4116972060176, 33.6813134186766], 
            [-84.4121082062039, 33.6813144187078], 
            [-84.4125902060872, 33.681307419265], 
            [-84.4133872061996, 33.6813214189848], 
            [-84.4135342067259, 33.6813234190721], 
            [-84.4151332071827, 33.6813504184652], 
            [-84.4159562076023, 33.681363419037], 
            [-84.4166942076747, 33.68137441862]
          ]
        ]
      }, 
      "properties" : null
    }, 
    {
      "type" : "Feature", 
      "geometry" : 
      {
        "type" : "Polygon", 
        "coordinates" : 
        [
          [
            [-84.3984472045393, 33.7159604271487], 
            [-84.3981162036148, 33.7168294269517], 
            [-84.3978612044079, 33.7175014275176], 
            [-84.3971622035134, 33.71873742725], 
            [-84.3969922037299, 33.7189514272782], 
            [-84.3964922039455, 33.7196144274362], 
            [-84.3963862035217, 33.7195854278952], 
            [-84.3959922032193, 33.7194774274029], 
            [-84.395155203043, 33.7193464276599], 
            [-84.3950182029809, 33.7193454276187], 
            [-84.3947692031167, 33.7193314278786], 
            [-84.394164202922, 33.7193454276503], 
            [-84.3939552031168, 33.719358427361], 
            [-84.3937262032845, 33.7194034276557], 
            [-84.3935072030166, 33.7194404275793], 
            [-84.3934032026887, 33.7194694280274], 
            [-84.3934112030091, 33.718510427664], 
            [-84.3934122030504, 33.7184144277129], 
            [-84.3934332030544, 33.7170714275449], 
            [-84.3934532030172, 33.715828426614], 
            [-84.3934732029564, 33.7141394266039], 
            [-84.3934822024323, 33.7133384263659], 
            [-84.3934962021171, 33.7121044258521], 
            [-84.3935002022819, 33.7117114265303], 
            [-84.393498202155, 33.7110664263255], 
            [-84.393507202521, 33.7100944253597], 
            [-84.3935092026002, 33.7098364259971], 
            [-84.3935102026403, 33.7097174258799], 
            [-84.3935192021078, 33.7087594255627], 
            [-84.3935212021817, 33.7084014251644], 
            [-84.3935352018009, 33.7059264247124], 
            [-84.3935502024836, 33.705674424728], 
            [-84.3936042022825, 33.7055054249902], 
            [-84.3937422023818, 33.705332425064], 
            [-84.3937902019091, 33.7052924250076], 
            [-84.3938792024378, 33.7052184251733], 
            [-84.39403720257, 33.7051214242708], 
            [-84.3943422023285, 33.7050164247908], 
            [-84.3946412027091, 33.7049334245317], 
            [-84.3947712024456, 33.7049214248702], 
            [-84.3948762028216, 33.704923424959], 
            [-84.3951002024263, 33.7049634250052], 
            [-84.3960192028159, 33.7051974250205], 
            [-84.3976322030225, 33.7052124247564], 
            [-84.3988732039508, 33.7051784249339], 
            [-84.399248203366, 33.7051824242061], 
            [-84.3995072036937, 33.7051864243817], 
            [-84.4013622043387, 33.7052094244794], 
            [-84.4031922047229, 33.7052314245315], 
            [-84.403542204777, 33.7052414240825], 
            [-84.4034352052389, 33.7058294243486], 
            [-84.4032432053591, 33.7065204248931], 
            [-84.4031482045634, 33.7068104248423], 
            [-84.4030552047595, 33.7070944245135], 
            [-84.4029512053425, 33.7073404251225], 
            [-84.4019752051563, 33.7099444252914], 
            [-84.4016432050857, 33.7108324259747], 
            [-84.4014202046564, 33.7113274255337], 
            [-84.4012452046502, 33.7117154255295], 
            [-84.4011022043257, 33.7120164259902], 
            [-84.4008312043605, 33.7123894261939], 
            [-84.3996292044153, 33.7137954266265], 
            [-84.3993352042828, 33.7141804264877], 
            [-84.3990492045217, 33.7145684264877], 
            [-84.3989712045065, 33.7147014263571], 
            [-84.3988842040746, 33.7148504269682], 
            [-84.3987092040677, 33.7152254263618], 
            [-84.3985062036716, 33.7158044271137], 
            [-84.3984472045393, 33.7159604271487]
          ]
        ]
      }, 
      "properties" : null
    }, 
    {
      "type" : "Feature", 
      "geometry" : 
      {
        "type" : "Polygon", 
        "coordinates" : 
        [
          [
            [-84.4082402097343, 33.7746574392163], 
            [-84.4081922102, 33.7745654394524], 
            [-84.4080582102635, 33.7743114393809], 
            [-84.4079402101732, 33.774112439159], 
            [-84.4077522095279, 33.7738274385527], 
            [-84.4075252097725, 33.7735714392914], 
            [-84.4070482091948, 33.7730704385812], 
            [-84.4072822092614, 33.7730674384336], 
            [-84.407144210045, 33.7729334385258], 
            [-84.4068792094272, 33.7727094389498], 
            [-84.406644209305, 33.7725384382308], 
            [-84.4063262089262, 33.7723224390274], 
            [-84.4059552096865, 33.7721314382862], 
            [-84.4054912088282, 33.7719204384205], 
            [-84.4050772093947, 33.7717814382914], 
            [-84.4046722085828, 33.7716944387724], 
            [-84.4046502084611, 33.7716914386342], 
            [-84.4041512086846, 33.7716304385247], 
            [-84.4035042083377, 33.7716084384288], 
            [-84.4028572079888, 33.77155143851], 
            [-84.4024272078178, 33.7715064382398], 
            [-84.4017352080722, 33.7713264389195], 
            [-84.401351208233, 33.7712054387239], 
            [-84.4010012081698, 33.7710234383988], 
            [-84.4005792074618, 33.7708134385779], 
            [-84.4003772079732, 33.7706734383946], 
            [-84.4008952077165, 33.7704404383725], 
            [-84.401025207451, 33.7703894387028], 
            [-84.4011262076391, 33.7703504386909], 
            [-84.401214208124, 33.7703234383361], 
            [-84.4013882081015, 33.7702694385258], 
            [-84.4015762078299, 33.770225438279], 
            [-84.4016692076477, 33.7702034381556], 
            [-84.4019912081981, 33.7701544385714], 
            [-84.40233020774, 33.7701304383463], 
            [-84.402465207709, 33.7701254381097], 
            [-84.4032142082897, 33.7700944384443], 
            [-84.4032222086265, 33.769448438193], 
            [-84.4031672078551, 33.7691134379632], 
            [-84.4031372082521, 33.768933437719], 
            [-84.4030072085082, 33.7688094382742], 
            [-84.4028582078835, 33.7687014377728], 
            [-84.4026912082255, 33.7686554383459], 
            [-84.4024552080665, 33.7686644378722], 
            [-84.4024642084584, 33.768181437978], 
            [-84.4016842082357, 33.7681734376363], 
            [-84.4016952077529, 33.7664094377495], 
            [-84.4002812068891, 33.7664154371806], 
            [-84.4001012075026, 33.7659074379338], 
            [-84.400102207525, 33.76545743777], 
            [-84.400102207497, 33.7649314376826], 
            [-84.4016912074875, 33.7649094375037], 
            [-84.4016902074364, 33.7648224370703], 
            [-84.4016852071712, 33.7641984369394], 
            [-84.4016772076624, 33.7635054372091], 
            [-84.4016772076583, 33.7634274371928], 
            [-84.4020382073234, 33.7634354366507], 
            [-84.4027912080915, 33.7634374367154], 
            [-84.4029402078112, 33.7634374367098], 
            [-84.4036752077439, 33.7634374366825], 
            [-84.4040172083256, 33.7634374366698], 
            [-84.4052062086414, 33.7634384366721], 
            [-84.4063622092244, 33.7634384366291], 
            [-84.4077652095781, 33.7634394366234], 
            [-84.4088842093435, 33.7634394365819], 
            [-84.4100082102404, 33.7634414366328], 
            [-84.4112112103066, 33.7634434366808], 
            [-84.4126112105214, 33.7634494369067], 
            [-84.4138802109524, 33.7634554362383], 
            [-84.4147622114115, 33.7634604364371], 
            [-84.4151142115581, 33.7634624365168], 
            [-84.4156412117315, 33.7634664366825], 
            [-84.4174722121617, 33.7634814364101], 
            [-84.4174632117874, 33.7642944363046], 
            [-84.4174562123984, 33.7649804366104], 
            [-84.4174502121489, 33.7655234365863], 
            [-84.4174402126316, 33.7664144373965], 
            [-84.4174402126355, 33.7664864371349], 
            [-84.4174322122969, 33.767100436803], 
            [-84.4174132124114, 33.7689184373931], 
            [-84.4174002127672, 33.7700404381136], 
            [-84.4173952125589, 33.7704854380459], 
            [-84.4173922124306, 33.7706904376509], 
            [-84.4173852121433, 33.771396437984], 
            [-84.4173772127144, 33.772204438546], 
            [-84.4173712124805, 33.7730384385139], 
            [-84.4173642122129, 33.7741134388552], 
            [-84.4173602129667, 33.7748664386677], 
            [-84.4173582128862, 33.7750954384853], 
            [-84.4173582128893, 33.7751544385207], 
            [-84.4173552127741, 33.7756044386845], 
            [-84.41735121262, 33.7761984392245], 
            [-84.4173122129426, 33.7824594406102], 
            [-84.4173052135271, 33.7826474403271], 
            [-84.4172722128976, 33.7826934406608], 
            [-84.4172222132769, 33.7827234402539], 
            [-84.4157022127877, 33.7808054404841], 
            [-84.4155202124252, 33.7806004399866], 
            [-84.4153162128431, 33.7804474401004], 
            [-84.4151232119748, 33.780330440083], 
            [-84.4149672119265, 33.780257440304], 
            [-84.4149152122102, 33.7802334400934], 
            [-84.4146942118434, 33.7801584402242], 
            [-84.4143962124008, 33.7800954400145], 
            [-84.4132602118397, 33.7799674404219], 
            [-84.4129772112961, 33.7799354398492], 
            [-84.4128432113666, 33.7798104403582], 
            [-84.4122922118495, 33.7792704396427], 
            [-84.4107452110333, 33.7778504395633], 
            [-84.4100312111389, 33.777159439952], 
            [-84.4097612102887, 33.7769294391989], 
            [-84.4095052100847, 33.7766334398841], 
            [-84.4093382104188, 33.7764394389964], 
            [-84.4092962102657, 33.7763864392404], 
            [-84.4091792102246, 33.7762414397216], 
            [-84.4088602106842, 33.7757534396079], 
            [-84.4086922100681, 33.7754754393252], 
            [-84.4084312105228, 33.7750184388469], 
            [-84.4082402097343, 33.7746574392163]
          ]
        ]
      }, 
      "properties" : null
    }, 
    {
      "type" : "Feature", 
      "geometry" : 
      {
        "type" : "Polygon", 
        "coordinates" : 
        [
          [
            [-84.4082822106067, 33.7882064418991], 
            [-84.4088822105497, 33.7878244421656], 
            [-84.4095202113568, 33.7874414414849], 
            [-84.4105792110081, 33.7869194415434], 
            [-84.4109802116203, 33.7867434414685], 
            [-84.4116862119922, 33.7864854411806], 
            [-84.4131012119762, 33.7859744417355], 
            [-84.4134392123661, 33.7858594408917], 
            [-84.4138702125726, 33.7856974414643], 
            [-84.4142162124308, 33.7855144410671], 
            [-84.4143822120344, 33.7854094415923], 
            [-84.4145022122025, 33.7853254412935], 
            [-84.4147152121845, 33.7851474411329], 
            [-84.4148872120623, 33.7849644407422], 
            [-84.4149752125428, 33.7848574411776], 
            [-84.4150302123928, 33.7847744409276], 
            [-84.415120212963, 33.7846104405208], 
            [-84.4152292126132, 33.7843854408846], 
            [-84.4152602122473, 33.7842774412759], 
            [-84.4152942129158, 33.7840914407513], 
            [-84.4153022123819, 33.7839834411433], 
            [-84.4152682125762, 33.7834844405094], 
            [-84.4152352128305, 33.7832394408513], 
            [-84.4149772124961, 33.7822384403508], 
            [-84.4149042126946, 33.7820284405169], 
            [-84.4147632124312, 33.7817324402985], 
            [-84.4146212121243, 33.7814924399768], 
            [-84.4144232119161, 33.7812414400467], 
            [-84.4158702125835, 33.782566440225], 
            [-84.4165312127142, 33.7832144405441], 
            [-84.4174932133357, 33.7841084405578], 
            [-84.4179922131329, 33.7845584407029], 
            [-84.4180912132337, 33.78462144092], 
            [-84.4183702136, 33.7848104406726], 
            [-84.4186622136688, 33.7849734410188], 
            [-84.4189532136906, 33.7851244408091], 
            [-84.4193742134505, 33.7852904412895], 
            [-84.4198032135793, 33.7854134406768], 
            [-84.4207672142594, 33.7856654406247], 
            [-84.4215262144176, 33.7858724411933], 
            [-84.4230222146103, 33.7862504406637], 
            [-84.4238052149831, 33.7864624414631], 
            [-84.4241082155588, 33.7865594414492], 
            [-84.4243452157675, 33.7866114411515], 
            [-84.4248982153512, 33.7866614407494], 
            [-84.4254272156194, 33.7867014407842], 
            [-84.4258212159177, 33.7867304412138], 
            [-84.4272722158069, 33.7868464411381], 
            [-84.4279082165437, 33.7868854411226], 
            [-84.4279372160976, 33.7870154408492], 
            [-84.4279662165521, 33.7871674406955], 
            [-84.4279772161634, 33.7871684407414], 
            [-84.4279642164535, 33.7870584410416], 
            [-84.4280972163284, 33.7870284405462], 
            [-84.4282562165127, 33.7870414411425], 
            [-84.4306492169531, 33.7872684407783], 
            [-84.4311022172924, 33.7873194413256], 
            [-84.4314072170596, 33.7873784413497], 
            [-84.4320502172288, 33.7875494411542], 
            [-84.4323782180656, 33.7876504413246], 
            [-84.4323772180076, 33.7874324411174], 
            [-84.432631218107, 33.7875074409854], 
            [-84.4328902175386, 33.7875724412891], 
            [-84.43316021838, 33.7876394407859], 
            [-84.4336112177329, 33.7877964408482], 
            [-84.4340162185494, 33.7879724408932], 
            [-84.4343552181019, 33.7881464408479], 
            [-84.4346602187765, 33.7883564406732], 
            [-84.4349962181947, 33.7886234413393], 
            [-84.4355422183773, 33.7891304414255], 
            [-84.435981218983, 33.7894954412321], 
            [-84.4363552192675, 33.7898064412374], 
            [-84.4371122193583, 33.7904894413756], 
            [-84.4375132190987, 33.7908314410175], 
            [-84.4381502199016, 33.7912394419096], 
            [-84.4389682201171, 33.7917754415305], 
            [-84.4406272207209, 33.7929364421968], 
            [-84.4424232213907, 33.7941704417433], 
            [-84.4434962208582, 33.7948834423604], 
            [-84.4445212216903, 33.7954984420363], 
            [-84.4451422217513, 33.7959184425856], 
            [-84.4456422215927, 33.7963264425834], 
            [-84.4458502222575, 33.7964394424149], 
            [-84.4472622221746, 33.7972844428396], 
            [-84.4478382228437, 33.7976734428536], 
            [-84.449731223512, 33.7987944425573], 
            [-84.4504002231011, 33.7991894428458], 
            [-84.4506782234188, 33.799338442544], 
            [-84.4512642236513, 33.7997024431981], 
            [-84.4518072236839, 33.8000074429191], 
            [-84.4522652242685, 33.8003044431719], 
            [-84.4530492247141, 33.8010114426223], 
            [-84.4535072244072, 33.8014594426763], 
            [-84.454797224976, 33.8026374432444], 
            [-84.4557252249181, 33.8035104431855], 
            [-84.4566282254985, 33.8043794438416], 
            [-84.4566392260099, 33.8043974437758], 
            [-84.4574062256646, 33.805065444118], 
            [-84.4576352255094, 33.8052574440114], 
            [-84.4586052265014, 33.8061344441362], 
            [-84.4580862257818, 33.8057924435995], 
            [-84.4572432262117, 33.8053854436609], 
            [-84.4563702252449, 33.8048934433826], 
            [-84.4550832248482, 33.804331443474], 
            [-84.4540662243939, 33.803839443201], 
            [-84.4533542246139, 33.8035544435137], 
            [-84.4522842243975, 33.8030514436324], 
            [-84.452085224148, 33.8028944435607], 
            [-84.4521172238651, 33.8034704432654], 
            [-84.4527292244164, 33.8040534432727], 
            [-84.4531592246101, 33.8045214433549], 
            [-84.4532942245886, 33.8046934441238], 
            [-84.4534212250968, 33.8048974436777], 
            [-84.4548182252538, 33.8064294444545], 
            [-84.4553692256826, 33.807201444227], 
            [-84.4566632255565, 33.8087304448686], 
            [-84.458014226279, 33.8103004447096], 
            [-84.4588102263925, 33.8112014450535], 
            [-84.4592202265603, 33.8117234449402], 
            [-84.4594062271114, 33.811984445334], 
            [-84.4597002272888, 33.8124414449115], 
            [-84.4599302271882, 33.812783445459], 
            [-84.4602982272105, 33.8133974451129], 
            [-84.4607032271501, 33.8139914456375], 
            [-84.4607692275203, 33.8140944459103], 
            [-84.4611282271204, 33.8146214460305], 
            [-84.4613382278876, 33.8149134460609], 
            [-84.461573228022, 33.8153124456517], 
            [-84.4618922275609, 33.815770446174], 
            [-84.4624022278871, 33.8165664461606], 
            [-84.4625322276359, 33.8167814462238], 
            [-84.4626222282254, 33.8169754462151], 
            [-84.4626462284429, 33.8170344462497], 
            [-84.4626992282111, 33.8171604457899], 
            [-84.4627532280259, 33.8172904464147], 
            [-84.4629692281877, 33.8178724463904], 
            [-84.4630062281134, 33.8180104464871], 
            [-84.4630232280038, 33.8180264463284], 
            [-84.4631082283643, 33.818278446309], 
            [-84.4623902283543, 33.818897446235], 
            [-84.462234228317, 33.8190314461535], 
            [-84.4621962283466, 33.8189234465474], 
            [-84.462356227671, 33.8188054464706], 
            [-84.462505228283, 33.8186754467375], 
            [-84.4626012282374, 33.8186064462352], 
            [-84.4626882277739, 33.8185294462619], 
            [-84.4627282278295, 33.8184934463912], 
            [-84.4627602284131, 33.8184584465672], 
            [-84.462791228051, 33.8184194465579], 
            [-84.4628172283559, 33.8183774464097], 
            [-84.4628382284288, 33.8183344462154], 
            [-84.4628542282695, 33.8182894459287], 
            [-84.4628662279245, 33.8182424464487], 
            [-84.4628722282004, 33.818196446116], 
            [-84.4628712281534, 33.8181834464131], 
            [-84.4628682280135, 33.8181714467566], 
            [-84.4628622277345, 33.8181604462472], 
            [-84.4628552283084, 33.8181494466372], 
            [-84.4628462278903, 33.8181394461742], 
            [-84.4628352282787, 33.8181314467033], 
            [-84.4628222276751, 33.8181244463795], 
            [-84.4628092279708, 33.818118446102], 
            [-84.4627952282203, 33.8181154459635], 
            [-84.4627802284235, 33.8181134467708], 
            [-84.4627652277274, 33.8181134467713], 
            [-84.4627502279308, 33.8181154459652], 
            [-84.4625262283314, 33.8181754460554], 
            [-84.4622592276363, 33.8182424464714], 
            [-84.461752227499, 33.8183754463568], 
            [-84.4616972276418, 33.8183204465087], 
            [-84.4616502281562, 33.8182724460853], 
            [-84.4612822272481, 33.817913446554], 
            [-84.4607202272223, 33.8174054464223], 
            [-84.4602452276411, 33.8169884460066], 
            [-84.4596722271077, 33.8165344456791], 
            [-84.4593422270691, 33.8162774463753], 
            [-84.457833226228, 33.815056445622], 
            [-84.4576162260411, 33.8148724460988], 
            [-84.457395226567, 33.8146724458344], 
            [-84.4573202266784, 33.8145684455157], 
            [-84.457254226308, 33.8144604459105], 
            [-84.4566082259431, 33.8132364458853], 
            [-84.4564602262551, 33.8129584456019], 
            [-84.4562722256103, 33.8126824454127], 
            [-84.4561462260503, 33.812527445431], 
            [-84.4555292252602, 33.8118194450286], 
            [-84.4551752259345, 33.8120844456278], 
            [-84.4550592259523, 33.8121724452125], 
            [-84.4549832251272, 33.8122404456677], 
            [-84.4549202258051, 33.8123164455938], 
            [-84.4548762255658, 33.8123884453338], 
            [-84.4548382256058, 33.8124754457686], 
            [-84.4548172255348, 33.812554445832], 
            [-84.4547942253779, 33.8127614455304], 
            [-84.4547792256042, 33.8131924457136], 
            [-84.4547702252008, 33.813458445447], 
            [-84.4547582256061, 33.8146324458782], 
            [-84.4547642259403, 33.8156754465349], 
            [-84.4534622248775, 33.8156744465371], 
            [-84.4533102249731, 33.8148224457414], 
            [-84.4505502245995, 33.8147774464574], 
            [-84.4492922237791, 33.8147654459483], 
            [-84.4464872231171, 33.8147404457939], 
            [-84.4464072230024, 33.8147484461675], 
            [-84.4463292229811, 33.8147654460587], 
            [-84.446213222996, 33.8147994458396], 
            [-84.4461202231792, 33.8148394458975], 
            [-84.4457252228084, 33.8143224462419], 
            [-84.4455692227515, 33.8140894462449], 
            [-84.4454722227355, 33.813876446273], 
            [-84.4454422231308, 33.8136664464376], 
            [-84.4452442229363, 33.813670445731], 
            [-84.4450362231781, 33.8136954459976], 
            [-84.4448342228002, 33.8137404462913], 
            [-84.4446402227945, 33.8138054457126], 
            [-84.444457222401, 33.8138904460601], 
            [-84.4443112228252, 33.8139764464525], 
            [-84.4438772224882, 33.8143004461908], 
            [-84.4432962224763, 33.8137234464603], 
            [-84.4413452217649, 33.8116754460802], 
            [-84.441222221447, 33.8115604461528], 
            [-84.4411152218731, 33.8114754458162], 
            [-84.4408812217984, 33.8113254460701], 
            [-84.4406252216037, 33.8112034458234], 
            [-84.4404562209527, 33.8111424457016], 
            [-84.4397342207123, 33.8109244455214], 
            [-84.4395722212857, 33.8108674455846], 
            [-84.4393472207318, 33.8107634452714], 
            [-84.4390652211266, 33.8105924454536], 
            [-84.4389902212417, 33.8105594457262], 
            [-84.4388852208647, 33.8105354455175], 
            [-84.4387622205494, 33.8104704452086], 
            [-84.4379662204531, 33.8098914453935], 
            [-84.4373012201486, 33.8094644454209], 
            [-84.4361702197875, 33.8087374450567], 
            [-84.4355732199425, 33.8083484450435], 
            [-84.435430219596, 33.8082374453021], 
            [-84.4352982197598, 33.8081214453288], 
            [-84.435190219239, 33.8080144448723], 
            [-84.4350732191986, 33.8078814450102], 
            [-84.4350582194007, 33.8078604449372], 
            [-84.4348922197794, 33.8076314451259], 
            [-84.4347462192852, 33.8073624452593], 
            [-84.4346762196252, 33.8071934446269], 
            [-84.4343982192737, 33.8064134444735], 
            [-84.4341002188911, 33.8055884449341], 
            [-84.4339932193088, 33.805345444472], 
            [-84.4338632186586, 33.8050904443541], 
            [-84.433747218661, 33.8048914450316], 
            [-84.433621219099, 33.8046964449953], 
            [-84.4333532192339, 33.8043354444683], 
            [-84.4331992192726, 33.8041544441823], 
            [-84.4330382189869, 33.8039814442674], 
            [-84.4327012186201, 33.8036604446968], 
            [-84.4324082185008, 33.8034214444269], 
            [-84.4320272187924, 33.8031424441058], 
            [-84.4316062181259, 33.8028404445193], 
            [-84.4300502178072, 33.8017194439037], 
            [-84.4299512177059, 33.8016464441227], 
            [-84.4298752177735, 33.8015894441827], 
            [-84.4295472178316, 33.801404443718], 
            [-84.4292082173802, 33.8012374440875], 
            [-84.4288542171334, 33.8010954438172], 
            [-84.4287152169761, 33.8010514435826], 
            [-84.4284862171376, 33.8009794438527], 
            [-84.4281082175785, 33.8008894441938], 
            [-84.4278002167731, 33.8008374435948], 
            [-84.4274092166135, 33.8007974435548], 
            [-84.4270172173081, 33.8007844438664], 
            [-84.4267402170452, 33.8007924442473], 
            [-84.4264562164581, 33.8008154444242], 
            [-84.4247802160378, 33.8010234442304], 
            [-84.4240702163706, 33.8011114438372], 
            [-84.4237922160428, 33.8007754444688], 
            [-84.4234972158258, 33.8004454435804], 
            [-84.4203302143652, 33.7968994430921], 
            [-84.4179002139077, 33.7948204430918], 
            [-84.4176802135783, 33.7945754425412], 
            [-84.4174842134628, 33.7943214433715], 
            [-84.4173302134971, 33.7940574428375], 
            [-84.4172652140649, 33.7938104430878], 
            [-84.4172282132384, 33.7936444425932], 
            [-84.4172342135064, 33.793449442552], 
            [-84.4172582137094, 33.7932354425293], 
            [-84.4173052140791, 33.7929994423857], 
            [-84.4174122136242, 33.7925454429321], 
            [-84.4171042137564, 33.7932104422761], 
            [-84.4170142131893, 33.7934344427645], 
            [-84.4169582132942, 33.7935394431346], 
            [-84.4166602138795, 33.793998442827], 
            [-84.4164502131398, 33.7942224433199], 
            [-84.4162812134021, 33.7944224426995], 
            [-84.4152602128208, 33.7950304430265], 
            [-84.4154762129703, 33.7953834431849], 
            [-84.415519213165, 33.7953454432214], 
            [-84.4155712128785, 33.7953164427752], 
            [-84.4156292128709, 33.7952974427922], 
            [-84.4156912130497, 33.7952904433649], 
            [-84.4171272140368, 33.7953174427637], 
            [-84.4172532135895, 33.7953374427863], 
            [-84.4173732137649, 33.7953904434386], 
            [-84.4174632134487, 33.795466443359], 
            [-84.417606213799, 33.795650442885], 
            [-84.4179212140515, 33.796106443315], 
            [-84.4185062142636, 33.796957443149], 
            [-84.4184062141211, 33.7969814433654], 
            [-84.4183022137919, 33.7969864436008], 
            [-84.4161662135904, 33.7968374430725], 
            [-84.4161182131617, 33.7968384431206], 
            [-84.4160722137257, 33.796849443632], 
            [-84.416132213826, 33.7971124432237], 
            [-84.4161492137232, 33.797255443553], 
            [-84.4161552131102, 33.7974034432148], 
            [-84.4161482136915, 33.7975324437955], 
            [-84.4161322138628, 33.7978024437145], 
            [-84.4161272136362, 33.797902443851], 
            [-84.4160732138725, 33.7987314435889], 
            [-84.4160152139257, 33.7996064445589], 
            [-84.4159762139463, 33.8001994441544], 
            [-84.4159352138571, 33.8004754443522], 
            [-84.4158942137625, 33.8006494443211], 
            [-84.4157752136585, 33.8010644446663], 
            [-84.4157052140155, 33.8012144444237], 
            [-84.4155942133703, 33.8013844442099], 
            [-84.4152862134913, 33.8018384445703], 
            [-84.413920213164, 33.8038644449542], 
            [-84.4138302134917, 33.8040044451484], 
            [-84.4137562127629, 33.8041374450176], 
            [-84.413616213478, 33.8044584455053], 
            [-84.4134442127136, 33.8048794452311], 
            [-84.4133912129589, 33.8050064457209], 
            [-84.4133152130391, 33.8051854450235], 
            [-84.4125232131335, 33.8047034452054], 
            [-84.4113712127042, 33.8041064454688], 
            [-84.4108382122382, 33.8038384456629], 
            [-84.4105512124023, 33.8036934452512], 
            [-84.4095792122433, 33.8033114455761], 
            [-84.4094982120803, 33.8032814450885], 
            [-84.4094942118947, 33.8032814450887], 
            [-84.4088512117215, 33.8030394446928], 
            [-84.4079582116345, 33.8027214452819], 
            [-84.4078112111058, 33.802672444816], 
            [-84.407811211098, 33.8025264452464], 
            [-84.4078132111606, 33.8019614451508], 
            [-84.407816211267, 33.801345444491], 
            [-84.4078172113054, 33.8011954447361], 
            [-84.4078162112329, 33.8007074446107], 
            [-84.4078352111921, 33.8002734442883], 
            [-84.4078442115988, 33.8000674446367], 
            [-84.407846211648, 33.7992504445573], 
            [-84.4078472107666, 33.7987164440993], 
            [-84.4078502108296, 33.7972874435454], 
            [-84.4078532109082, 33.7961524440218], 
            [-84.4078572109772, 33.7939664434704], 
            [-84.4078572109738, 33.7939024432034], 
            [-84.4078592110267, 33.7931544427234], 
            [-84.4078612110759, 33.792337442644], 
            [-84.4078642111511, 33.791137442807], 
            [-84.4078602109189, 33.7902624427386], 
            [-84.4078282103051, 33.7897344425597], 
            [-84.4077782106598, 33.7893024423325], 
            [-84.4076702110057, 33.7885824422545], 
            [-84.4082822106067, 33.7882064418991]
          ]
        ]
      }, 
      "properties" : null
    }, 
    {
      "type" : "Feature", 
      "geometry" : 
      {
        "type" : "Polygon", 
        "coordinates" : 
        [
          [
            [-84.4218492163056, 33.8100194465276], 
            [-84.421010216045, 33.8100474460575], 
            [-84.4193162147847, 33.810167446284], 
            [-84.4190812146725, 33.8101844461811], 
            [-84.4187452152693, 33.8101984459429], 
            [-84.4183802144886, 33.8096184460653], 
            [-84.4180952147315, 33.8092104460594], 
            [-84.4177902149471, 33.8088294464059], 
            [-84.4176652145345, 33.8086794457565], 
            [-84.4173702143162, 33.8083254455548], 
            [-84.4169342147459, 33.8079034458053], 
            [-84.4163152138724, 33.807371445463], 
            [-84.4157582140801, 33.8068934458215], 
            [-84.4156172138252, 33.8067584458675], 
            [-84.4152572141943, 33.8065224457392], 
            [-84.4148542134662, 33.8062674456314], 
            [-84.4145212132912, 33.8060624451397], 
            [-84.4142032138135, 33.8058804457127], 
            [-84.413770213493, 33.8056434455408], 
            [-84.4132152129069, 33.8054034452344], 
            [-84.4133152130391, 33.8051854450235], 
            [-84.4133912129589, 33.8050064457209], 
            [-84.4134442127136, 33.8048794452311], 
            [-84.413616213478, 33.8044584455053], 
            [-84.4137562127629, 33.8041374450176], 
            [-84.4138302134917, 33.8040044451484], 
            [-84.413920213164, 33.8038644449542], 
            [-84.4152862134913, 33.8018384445703], 
            [-84.4155942133703, 33.8013844442099], 
            [-84.4157052140155, 33.8012144444237], 
            [-84.4157752136585, 33.8010644446663], 
            [-84.4158942137625, 33.8006494443211], 
            [-84.4159352138571, 33.8004754443522], 
            [-84.4159762139463, 33.8001994441544], 
            [-84.4160152139257, 33.7996064445589], 
            [-84.4160732138725, 33.7987314435889], 
            [-84.4161272136362, 33.797902443851], 
            [-84.4161322138628, 33.7978024437145], 
            [-84.4161482136915, 33.7975324437955], 
            [-84.4161552131102, 33.7974034432148], 
            [-84.4161492137232, 33.797255443553], 
            [-84.416132213826, 33.7971124432237], 
            [-84.4160722137257, 33.796849443632], 
            [-84.4161182131617, 33.7968384431206], 
            [-84.4161662135904, 33.7968374430725], 
            [-84.4183022137919, 33.7969864436008], 
            [-84.4184062141211, 33.7969814433654], 
            [-84.4185062142636, 33.796957443149], 
            [-84.4179212140515, 33.796106443315], 
            [-84.417606213799, 33.795650442885], 
            [-84.4174632134487, 33.795466443359], 
            [-84.4173732137649, 33.7953904434386], 
            [-84.4172532135895, 33.7953374427863], 
            [-84.4171272140368, 33.7953174427637], 
            [-84.4156912130497, 33.7952904433649], 
            [-84.4156292128709, 33.7952974427922], 
            [-84.4155712128785, 33.7953164427752], 
            [-84.415519213165, 33.7953454432214], 
            [-84.4154762129703, 33.7953834431849], 
            [-84.4152602128208, 33.7950304430265], 
            [-84.4162812134021, 33.7944224426995], 
            [-84.4164502131398, 33.7942224433199], 
            [-84.4166602138795, 33.793998442827], 
            [-84.4169582132942, 33.7935394431346], 
            [-84.4170142131893, 33.7934344427645], 
            [-84.4171042137564, 33.7932104422761], 
            [-84.4174122136242, 33.7925454429321], 
            [-84.4173052140791, 33.7929994423857], 
            [-84.4172582137094, 33.7932354425293], 
            [-84.4172342135064, 33.793449442552], 
            [-84.4172282132384, 33.7936444425932], 
            [-84.4172652140649, 33.7938104430878], 
            [-84.4173302134971, 33.7940574428375], 
            [-84.4174842134628, 33.7943214433715], 
            [-84.4176802135783, 33.7945754425412], 
            [-84.4179002139077, 33.7948204430918], 
            [-84.4203302143652, 33.7968994430921], 
            [-84.4234972158258, 33.8004454435804], 
            [-84.4237922160428, 33.8007754444688], 
            [-84.4240702163706, 33.8011114438372], 
            [-84.4247802160378, 33.8010234442304], 
            [-84.4264562164581, 33.8008154444242], 
            [-84.4267402170452, 33.8007924442473], 
            [-84.4270172173081, 33.8007844438664], 
            [-84.4274092166135, 33.8007974435548], 
            [-84.4278002167731, 33.8008374435948], 
            [-84.4281082175785, 33.8008894441938], 
            [-84.4284862171376, 33.8009794438527], 
            [-84.4287152169761, 33.8010514435826], 
            [-84.4288542171334, 33.8010954438172], 
            [-84.4292082173802, 33.8012374440875], 
            [-84.4295472178316, 33.801404443718], 
            [-84.4298752177735, 33.8015894441827], 
            [-84.4299512177059, 33.8016464441227], 
            [-84.4300502178072, 33.8017194439037], 
            [-84.4316062181259, 33.8028404445193], 
            [-84.4320272187924, 33.8031424441058], 
            [-84.4324082185008, 33.8034214444269], 
            [-84.4327012186201, 33.8036604446968], 
            [-84.4330382189869, 33.8039814442674], 
            [-84.4331992192726, 33.8041544441823], 
            [-84.4333532192339, 33.8043354444683], 
            [-84.433621219099, 33.8046964449953], 
            [-84.433747218661, 33.8048914450316], 
            [-84.4338632186586, 33.8050904443541], 
            [-84.4339932193088, 33.805345444472], 
            [-84.4341002188911, 33.8055884449341], 
            [-84.4343982192737, 33.8064134444735], 
            [-84.4346762196252, 33.8071934446269], 
            [-84.4347462192852, 33.8073624452593], 
            [-84.4348922197794, 33.8076314451259], 
            [-84.4350582194007, 33.8078604449372], 
            [-84.4350732191986, 33.8078814450102], 
            [-84.435190219239, 33.8080144448723], 
            [-84.4352982197598, 33.8081214453288], 
            [-84.435430219596, 33.8082374453021], 
            [-84.4355732199425, 33.8083484450435], 
            [-84.4352222198651, 33.8087714457679], 
            [-84.4350302199599, 33.8089804455653], 
            [-84.4348232193578, 33.8091724454749], 
            [-84.4346542196167, 33.8093084454867], 
            [-84.4345002196712, 33.8094234454243], 
            [-84.4345172195618, 33.8094444454972], 
            [-84.4348492196976, 33.8097834459019], 
            [-84.4352722195633, 33.8101944460416], 
            [-84.4357342203442, 33.8106934457602], 
            [-84.4358562197182, 33.8108414454177], 
            [-84.4359042201511, 33.8109204454787], 
            [-84.4359722197107, 33.8109464457814], 
            [-84.4360792201868, 33.8110844458755], 
            [-84.4364042199988, 33.8114444454547], 
            [-84.4365202199938, 33.8115964461971], 
            [-84.4365652202878, 33.8116784454979], 
            [-84.4366202201523, 33.811870446297], 
            [-84.4366192201091, 33.8119304463789], 
            [-84.4366192201112, 33.8119704464334], 
            [-84.4365192199809, 33.8122224464208], 
            [-84.4364942206241, 33.8123094459557], 
            [-84.4364502203854, 33.8123914461591], 
            [-84.4364292203149, 33.8124804457865], 
            [-84.4364222199949, 33.812570446359], 
            [-84.436441219982, 33.8126584459388], 
            [-84.4364412199868, 33.8127484465111], 
            [-84.436424220102, 33.8128374461383], 
            [-84.4364092203067, 33.8128634464441], 
            [-84.4363782197704, 33.8129184462953], 
            [-84.4363062200302, 33.8129854458048], 
            [-84.4362242198255, 33.8130444458433], 
            [-84.4361332201018, 33.8130914462255], 
            [-84.4360462205642, 33.8131454460326], 
            [-84.4359632203131, 33.8132034460248], 
            [-84.435899220045, 33.8132754466649], 
            [-84.4358562198526, 33.8133574459688], 
            [-84.4358492204319, 33.8134474465414], 
            [-84.43587922003, 33.813533446028], 
            [-84.4359292205559, 33.8136134461351], 
            [-84.4359962200715, 33.8136844467241], 
            [-84.4360742200969, 33.8137454459499], 
            [-84.4361682199647, 33.8137914462789], 
            [-84.4362572205001, 33.8138414467933], 
            [-84.4364232201154, 33.813956446719], 
            [-84.436476219881, 33.8140344467334], 
            [-84.4364912205818, 33.8141234463596], 
            [-84.4364902205402, 33.8142134460326], 
            [-84.4364752207483, 33.8143024465591], 
            [-84.4364422201209, 33.8143884469474], 
            [-84.4364022200678, 33.8144724463439], 
            [-84.4363552205891, 33.814553446501], 
            [-84.4362972205997, 33.8146294464269], 
            [-84.4362692202044, 33.8147164468613], 
            [-84.4362302201977, 33.8148004462577], 
            [-84.4361822206727, 33.8148814464149], 
            [-84.4360652206474, 33.8150324471196], 
            [-84.4359682206508, 33.815182446878], 
            [-84.4358612201912, 33.815349446525], 
            [-84.4358302205559, 33.8154354469132], 
            [-84.4358362199543, 33.8157964465506], 
            [-84.4358622202661, 33.815883446983], 
            [-84.4359162200781, 33.8159614469973], 
            [-84.4359792203075, 33.8160344467796], 
            [-84.4360522201012, 33.8161004471367], 
            [-84.4361402205904, 33.8161534468909], 
            [-84.4362332204118, 33.8161994472199], 
            [-84.4363352206499, 33.8162274467146], 
            [-84.4364312206103, 33.8162694468582], 
            [-84.4365202202464, 33.8163204465197], 
            [-84.4365652205368, 33.8163374473057], 
            [-84.4366042205506, 33.816388446969], 
            [-84.4366292208161, 33.8164754474014], 
            [-84.4366312209137, 33.8165654470743], 
            [-84.4366082207504, 33.8166534466556], 
            [-84.4365742200815, 33.8168314468095], 
            [-84.4365462205855, 33.8169184472438], 
            [-84.4365582202478, 33.81700744687], 
            [-84.4365882207453, 33.8170944473022], 
            [-84.4366432206036, 33.8171714472702], 
            [-84.4368062209792, 33.817289447335], 
            [-84.4368802208193, 33.8173554467927], 
            [-84.4370422202493, 33.8174744469039], 
            [-84.4372192203744, 33.8175774471725], 
            [-84.4373122210951, 33.8176234475015], 
            [-84.4373932203604, 33.817682447534], 
            [-84.437462220868, 33.8177514471309], 
            [-84.4374862210871, 33.8178394476096], 
            [-84.4375032209814, 33.8179284472356], 
            [-84.4375132205509, 33.8180184469082], 
            [-84.437514220607, 33.8181984471535], 
            [-84.4375412209797, 33.8185574475968], 
            [-84.4375642211524, 33.8186464472226], 
            [-84.4375962208433, 33.8187324476084], 
            [-84.4376362209053, 33.8188154478549], 
            [-84.4376852204854, 33.8188954470628], 
            [-84.4377762211196, 33.8190594474628], 
            [-84.4378542211508, 33.8192274471493], 
            [-84.4379132211999, 33.8194004479674], 
            [-84.4379352213263, 33.8194894475932], 
            [-84.4379502211278, 33.8195784472193], 
            [-84.4379872210506, 33.8196634475586], 
            [-84.4380182206951, 33.8197494479445], 
            [-84.4380362206359, 33.8198384475704], 
            [-84.4380602208549, 33.8199264480492], 
            [-84.4381232210896, 33.8200984479215], 
            [-84.4382052213115, 33.8203604474661], 
            [-84.4382472214712, 33.8205364475245], 
            [-84.4383162210998, 33.8209854476392], 
            [-84.4383452215508, 33.8210724480715], 
            [-84.4384382213785, 33.8212354475257], 
            [-84.4384952213296, 33.8213114483466], 
            [-84.4385442209097, 33.8213914475545], 
            [-84.4385862210646, 33.8214754478473], 
            [-84.4386182216547, 33.8215604481868], 
            [-84.4386452211137, 33.8216484477661], 
            [-84.4386622210071, 33.8217214484495], 
            [-84.4379242209211, 33.8214574479373], 
            [-84.4373102211955, 33.8212374476604], 
            [-84.4372002205852, 33.8211914482314], 
            [-84.4371252207, 33.821149448087], 
            [-84.4370762211227, 33.8211224477373], 
            [-84.4369712207427, 33.8210434476785], 
            [-84.436635220422, 33.8207174478762], 
            [-84.4365052206788, 33.8206064481345], 
            [-84.4363162208944, 33.8204714481824], 
            [-84.4361832201146, 33.8203954473643], 
            [-84.4360482201423, 33.8203394474729], 
            [-84.4359102200317, 33.8203004474699], 
            [-84.4358062206004, 33.8202784473538], 
            [-84.4354812199047, 33.8202114478592], 
            [-84.4349312204568, 33.8200984480404], 
            [-84.4347612197599, 33.8200474474826], 
            [-84.4346162202229, 33.8199914475916], 
            [-84.4346152201765, 33.8199904475453], 
            [-84.4342182197302, 33.8197974476119], 
            [-84.4341432198452, 33.8197604476991], 
            [-84.4335852200146, 33.8194344479051], 
            [-84.4335832199218, 33.8194334478589], 
            [-84.4332572200718, 33.8192314475058], 
            [-84.4331172198653, 33.81913544756], 
            [-84.4329072191052, 33.8189764473961], 
            [-84.4327892199181, 33.818852447951], 
            [-84.4327342191603, 33.8187714477977], 
            [-84.4325812192406, 33.8185014478851], 
            [-84.4320372191207, 33.8174344470358], 
            [-84.4320362190743, 33.8174334469895], 
            [-84.431897218919, 33.8174254475234], 
            [-84.4318022190052, 33.817387447565], 
            [-84.4317402188234, 33.8173374470496], 
            [-84.4315592194056, 33.8171144475168], 
            [-84.4316902191832, 33.8170024468197], 
            [-84.4313502186769, 33.8166764470176], 
            [-84.4313072193764, 33.8166174469837], 
            [-84.4306102185344, 33.8170914473859], 
            [-84.430572218563, 33.8169654469458], 
            [-84.4305232189809, 33.8168494469694], 
            [-84.4304522183774, 33.8167234474298], 
            [-84.4304432188582, 33.8167064475419], 
            [-84.4303572184585, 33.8165884474742], 
            [-84.4301992183114, 33.8164054470958], 
            [-84.4300462183981, 33.8162534472542], 
            [-84.4299062181904, 33.8161344471421], 
            [-84.4297242187319, 33.816019447217], 
            [-84.4293992180321, 33.8158764468993], 
            [-84.4293582179272, 33.8158584469662], 
            [-84.4288052183331, 33.8156144473737], 
            [-84.4287492184308, 33.8155844468853], 
            [-84.4286772177857, 33.8155474469725], 
            [-84.4284912181416, 33.8154324470475], 
            [-84.4284072178375, 33.8153674467372], 
            [-84.4283402183223, 33.8153024473256], 
            [-84.4281312176038, 33.8150534465893], 
            [-84.4280422179647, 33.8149474470777], 
            [-84.4278642177894, 33.8147724470707], 
            [-84.4277262176749, 33.8146614473293], 
            [-84.4274952177388, 33.8144994470272], 
            [-84.4270912178638, 33.8142454469658], 
            [-84.4270482176645, 33.8141974465423], 
            [-84.4270262175399, 33.8141414466466], 
            [-84.4268072172682, 33.8141084469245], 
            [-84.4265962173661, 33.8140444466653], 
            [-84.426453217022, 33.8139784472102], 
            [-84.4260802176886, 33.8137684464883], 
            [-84.4259542172336, 33.8136954467082], 
            [-84.4258392172887, 33.8136124464645], 
            [-84.4257232172962, 33.8135084470465], 
            [-84.4256512175477, 33.8134204465696], 
            [-84.4256012170216, 33.8133344470837], 
            [-84.4255562167254, 33.8132104467366], 
            [-84.4254902172422, 33.8128774465999], 
            [-84.4254742173892, 33.8126924461236], 
            [-84.4254842169485, 33.8125904467936], 
            [-84.4255112172958, 33.8124744468144], 
            [-84.4255552166336, 33.8123614460741], 
            [-84.4256092173355, 33.8122624468816], 
            [-84.4256692174172, 33.8121774465386], 
            [-84.425739217064, 33.8120984464733], 
            [-84.4258072175182, 33.8120364462964], 
            [-84.4259962172862, 33.811865446461], 
            [-84.4266362172766, 33.8112944460636], 
            [-84.4259492168724, 33.8112774462009], 
            [-84.424703216611, 33.8113024465062], 
            [-84.4245572170299, 33.8112904459557], 
            [-84.4244152167341, 33.8112584462771], 
            [-84.4242502162684, 33.8111914458772], 
            [-84.4241072168222, 33.8110964459779], 
            [-84.4236022167437, 33.8105954461683], 
            [-84.4234632165826, 33.8104784461488], 
            [-84.4232992161611, 33.8103714465937], 
            [-84.4230672161811, 33.8102564457711], 
            [-84.4229122161795, 33.8101894462701], 
            [-84.4227012162768, 33.8101144464006], 
            [-84.4224562156962, 33.8100494460963], 
            [-84.4223212157258, 33.8100284460277], 
            [-84.4221852157095, 33.8100164463762], 
            [-84.4218492163056, 33.8100194465276]
          ]
        ]
      }, 
      "properties" : null
    }, 
    {
      "type" : "Feature", 
      "geometry" : 
      {
        "type" : "Polygon", 
        "coordinates" : 
        [
          [
            [-84.4078112111058, 33.802672444816], 
            [-84.4079582116345, 33.8027214452819], 
            [-84.4088512117215, 33.8030394446928], 
            [-84.4094942118947, 33.8032814450887], 
            [-84.4094982120803, 33.8032814450885], 
            [-84.4095792122433, 33.8033114455761], 
            [-84.4105512124023, 33.8036934452512], 
            [-84.4108382122382, 33.8038384456629], 
            [-84.4113712127042, 33.8041064454688], 
            [-84.4125232131335, 33.8047034452054], 
            [-84.4133152130391, 33.8051854450235], 
            [-84.4132152129069, 33.8054034452344], 
            [-84.413770213493, 33.8056434455408], 
            [-84.4142032138135, 33.8058804457127], 
            [-84.4145212132912, 33.8060624451397], 
            [-84.4148542134662, 33.8062674456314], 
            [-84.4152572141943, 33.8065224457392], 
            [-84.4156172138252, 33.8067584458675], 
            [-84.4157582140801, 33.8068934458215], 
            [-84.4163152138724, 33.807371445463], 
            [-84.4169342147459, 33.8079034458053], 
            [-84.4173702143162, 33.8083254455548], 
            [-84.4176652145345, 33.8086794457565], 
            [-84.4177902149471, 33.8088294464059], 
            [-84.4180952147315, 33.8092104460594], 
            [-84.4183802144886, 33.8096184460653], 
            [-84.4187452152693, 33.8101984459429], 
            [-84.4190812146725, 33.8101844461811], 
            [-84.4195532150385, 33.8110664465561], 
            [-84.4200082155152, 33.8119504470246], 
            [-84.4203222157265, 33.8125044465988], 
            [-84.4207672157412, 33.813425446983], 
            [-84.4210082161646, 33.8140224467535], 
            [-84.4211432161508, 33.8143404470919], 
            [-84.4212462155473, 33.8145794473688], 
            [-84.4214882160154, 33.8151454475017], 
            [-84.4215992157866, 33.8154484471461], 
            [-84.4220732162721, 33.8168274471642], 
            [-84.4222082162647, 33.8172644476198], 
            [-84.4225142161282, 33.8182554476549], 
            [-84.4226612166906, 33.8189344476306], 
            [-84.4227542165327, 33.8193674479024], 
            [-84.4230302168328, 33.8209224479879], 
            [-84.4233302173461, 33.8224534487591], 
            [-84.4234972170416, 33.8232024492791], 
            [-84.4236002173439, 33.8235614488202], 
            [-84.4237412167096, 33.8238854494364], 
            [-84.4240572170345, 33.8248274489996], 
            [-84.4238862171923, 33.8248094490714], 
            [-84.423787217094, 33.8247914491405], 
            [-84.4238292172514, 33.8249244490054], 
            [-84.4237492171355, 33.8249064490738], 
            [-84.4235462167054, 33.8248444489069], 
            [-84.4234482175517, 33.824807448995], 
            [-84.4233522166919, 33.8247654488515], 
            [-84.4231692171881, 33.8246704489536], 
            [-84.4230822167454, 33.8246164491531], 
            [-84.4229992173874, 33.8245584491671], 
            [-84.4228442164833, 33.8244334487776], 
            [-84.4227062172667, 33.824295449584], 
            [-84.4226432170373, 33.824221448856], 
            [-84.4217962163464, 33.8231454485003], 
            [-84.4211742162289, 33.8225384491801], 
            [-84.4207332164278, 33.8221404487441], 
            [-84.4206222157699, 33.8220714491488], 
            [-84.4205292159485, 33.8220254488198], 
            [-84.4204312158955, 33.8219874488616], 
            [-84.4203292156573, 33.8219574483749], 
            [-84.4202242161796, 33.8219364483052], 
            [-84.4201172157103, 33.8219234486062], 
            [-84.4200092160944, 33.8219194484249], 
            [-84.4199022156261, 33.8219244486605], 
            [-84.4197952160574, 33.8219374483675], 
            [-84.4196622161811, 33.8219404485114], 
            [-84.4192302159196, 33.8219394484812], 
            [-84.4187992157036, 33.8219234486553], 
            [-84.4184762151031, 33.8219014485474], 
            [-84.4181542154478, 33.8218704489219], 
            [-84.4175912154007, 33.8218334490273], 
            [-84.4174842149327, 33.8218454486879], 
            [-84.4173792154572, 33.8218644486727], 
            [-84.4172762151757, 33.8218914490281], 
            [-84.4171752149873, 33.8219244487621], 
            [-84.4170782149848, 33.8219644488202], 
            [-84.4169862152147, 33.8220104491561], 
            [-84.4168982147312, 33.8220624488705], 
            [-84.4168192146659, 33.8221244490479], 
            [-84.4167512151114, 33.8221944486962], 
            [-84.416693215122, 33.8222704486221], 
            [-84.4166482148369, 33.8223524488254], 
            [-84.4166142150623, 33.8224374491673], 
            [-84.4165772151535, 33.8226154493214], 
            [-84.4165582151807, 33.8227944486217], 
            [-84.4165592152368, 33.8229754489133], 
            [-84.4165822154144, 33.8231544491115], 
            [-84.4166252147212, 33.8233304491698], 
            [-84.416688214956, 33.8235034490885], 
            [-84.4167742153573, 33.8236514496468], 
            [-84.4168092151873, 33.8237364490868], 
            [-84.4168352154992, 33.8238244495655], 
            [-84.4168532154399, 33.8239124491452], 
            [-84.416862214963, 33.8240024497171], 
            [-84.4168612149214, 33.8240924493902], 
            [-84.4168482152223, 33.8241824490636], 
            [-84.4168242150126, 33.8242704495442], 
            [-84.4167892151917, 33.8243554489868], 
            [-84.4167422148137, 33.8244364491439], 
            [-84.4166772153985, 33.8245084497841], 
            [-84.4165952151939, 33.8245674498226], 
            [-84.4165022153772, 33.8246114491666], 
            [-84.4163992150957, 33.8246384495219], 
            [-84.4163752148815, 33.8246414496618], 
            [-84.4161842150123, 33.8246574495109], 
            [-84.4159692149284, 33.8246644498432], 
            [-84.4157532147973, 33.8246584495733], 
            [-84.415538214712, 33.8246394496003], 
            [-84.4153262147651, 33.824606449878], 
            [-84.4151172149568, 33.8245604495533], 
            [-84.4148282150319, 33.8244874497793], 
            [-84.4146182142781, 33.8244464496863], 
            [-84.4144052142848, 33.8244134490647], 
            [-84.4141912142456, 33.8243904498058], 
            [-84.4139762141606, 33.8243764491652], 
            [-84.4137602140296, 33.8243714498409], 
            [-84.4135442138991, 33.8243764491813], 
            [-84.4132712138203, 33.8243594493031], 
            [-84.4129472140738, 33.8243564491763], 
            [-84.4128432137431, 33.8243344499596], 
            [-84.4127482138291, 33.8242914497695], 
            [-84.4126692137572, 33.8242304496445], 
            [-84.4126102137132, 33.8241544497229], 
            [-84.4125032141304, 33.8239004496505], 
            [-84.412452213553, 33.8237254496387], 
            [-84.4124332135659, 33.8236364491135], 
            [-84.4124132135275, 33.8234564497682], 
            [-84.4124142135643, 33.8232764495229], 
            [-84.4124222139308, 33.8231864489503], 
            [-84.4125242141247, 33.8223894488945], 
            [-84.4126762139439, 33.8216484487333], 
            [-84.4127102137159, 33.8215134487729], 
            [-84.4127182140823, 33.8214234490996], 
            [-84.4127152139383, 33.8213334485274], 
            [-84.4127012141831, 33.821243448855], 
            [-84.4126752138713, 33.8211564484226], 
            [-84.4126392139948, 33.8210714489826], 
            [-84.4125952137473, 33.8209894487825], 
            [-84.4125422139816, 33.8209104487218], 
            [-84.412481213845, 33.820836448893], 
            [-84.4124142134301, 33.8207654492035], 
            [-84.4123392135436, 33.8207004488929], 
            [-84.412258213379, 33.8206414488604], 
            [-84.4121712138356, 33.8205874490599], 
            [-84.4120802132076, 33.8205404486844], 
            [-84.4119832132008, 33.8204994485872], 
            [-84.4118832139545, 33.8204654488144], 
            [-84.4108642134183, 33.8201814482854], 
            [-84.41065521361, 33.8201364489064], 
            [-84.4104422127175, 33.8201044483311], 
            [-84.4102282126784, 33.8200844483118], 
            [-84.4100122125476, 33.8200824491265], 
            [-84.4097972133635, 33.8200984489764], 
            [-84.4096902128956, 33.8201124487297], 
            [-84.409164212774, 33.8202124488855], 
            [-84.4088442123163, 33.8202574491836], 
            [-84.4085232127108, 33.8202894488794], 
            [-84.4082002121124, 33.8203084488724], 
            [-84.4078762123664, 33.8203154492088], 
            [-84.4076182120853, 33.8203144491721], 
            [-84.4076192121263, 33.8202154490821], 
            [-84.4076332118242, 33.8192334485527], 
            [-84.4076682124287, 33.8169824485862], 
            [-84.4076982119308, 33.8152714475572], 
            [-84.4077032121482, 33.8149984474997], 
            [-84.4077082123632, 33.8146784479627], 
            [-84.4077322116061, 33.8133284474709], 
            [-84.4077382118665, 33.8129914471464], 
            [-84.4077432120824, 33.8126884474976], 
            [-84.4077472122562, 33.812466447105], 
            [-84.4077532116197, 33.8121754471128], 
            [-84.407773211582, 33.8109294469428], 
            [-84.407786212146, 33.8101954471111], 
            [-84.4077952115644, 33.8083244458647], 
            [-84.4077972116215, 33.8076574464395], 
            [-84.4078022117551, 33.8058124454985], 
            [-84.4078062118531, 33.8041714450155], 
            [-84.4078082110194, 33.8036624457157], 
            [-84.4078092110493, 33.8033524448434], 
            [-84.4078102110793, 33.8030464450559], 
            [-84.4078102110736, 33.8029384454483], 
            [-84.4078102110681, 33.8028364452193], 
            [-84.4078112111058, 33.802672444816]
          ]
        ]
      }, 
      "properties" : null
    }, 
    {
      "type" : "Feature", 
      "geometry" : 
      {
        "type" : "Polygon", 
        "coordinates" : 
        [
          [
            [-84.4396782237016, 33.8648954575122], 
            [-84.4380662234467, 33.8631184570845], 
            [-84.4378612229231, 33.8630454573075], 
            [-84.437621223472, 33.8629474572728], 
            [-84.4366902224805, 33.8618754562066], 
            [-84.4359382226118, 33.8610104566298], 
            [-84.4358862228934, 33.8609464563647], 
            [-84.4341812219168, 33.8591084558123], 
            [-84.4339272218052, 33.858807456266], 
            [-84.4336822221113, 33.8585064558201], 
            [-84.4330952218111, 33.857747455752], 
            [-84.4327862218341, 33.8572394556109], 
            [-84.432516221869, 33.8567444560706], 
            [-84.4321592214536, 33.8560554556397], 
            [-84.4320062215306, 33.8557234555528], 
            [-84.4319282214962, 33.8554964558309], 
            [-84.4317292212124, 33.8547014549799], 
            [-84.4314122208321, 33.8535954550134], 
            [-84.4313932208463, 33.8535294546544], 
            [-84.4313812211865, 33.8534864553607], 
            [-84.431275220744, 33.8531084549395], 
            [-84.4311762206296, 33.8527914546461], 
            [-84.4310402205965, 33.8524664548828], 
            [-84.4309792204485, 33.8521824552175], 
            [-84.4309152210524, 33.8517434546666], 
            [-84.430873220881, 33.8513494544011], 
            [-84.4308472205369, 33.8506604548571], 
            [-84.4308262204155, 33.8497974544464], 
            [-84.4308302205681, 33.8491804537404], 
            [-84.4308152207575, 33.8489234544249], 
            [-84.4307992209119, 33.8488764540467], 
            [-84.4307402208554, 33.8485664540761], 
            [-84.4306682201887, 33.8481274535256], 
            [-84.4305942203325, 33.8477594535665], 
            [-84.4304982203538, 33.8473774538589], 
            [-84.4304292207308, 33.8470344541585], 
            [-84.4303592201729, 33.8468924538777], 
            [-84.4299102199429, 33.8454174530085], 
            [-84.4299072198025, 33.8453964538344], 
            [-84.4297522197389, 33.8441724528917], 
            [-84.4297712197187, 33.8441254534115], 
            [-84.4297802200778, 33.8430314530895], 
            [-84.4298182200284, 33.8427684525948], 
            [-84.429882220269, 33.842184452516], 
            [-84.4299032202925, 33.841219452774], 
            [-84.4298882195548, 33.8404404526573], 
            [-84.4298462193837, 33.8400534518167], 
            [-84.4297772197645, 33.8397814518083], 
            [-84.4295542192522, 33.8387214521708], 
            [-84.4295462197789, 33.8386944518195], 
            [-84.4295132200401, 33.8385804519352], 
            [-84.4294422194301, 33.8383334521858], 
            [-84.4291452190904, 33.8374454515264], 
            [-84.428703219214, 33.8365064512076], 
            [-84.4285942195395, 33.8362754513015], 
            [-84.4281732188429, 33.8354104517123], 
            [-84.4279092191568, 33.8349264508827], 
            [-84.4277272187871, 33.8345904515107], 
            [-84.4275802191435, 33.8342754513118], 
            [-84.4275022191151, 33.8341594513365], 
            [-84.4273742185539, 33.8338354507198], 
            [-84.4266212186049, 33.8323344504561], 
            [-84.4264962181877, 33.8320974502726], 
            [-84.4263562179721, 33.8318314505449], 
            [-84.4265542181549, 33.8316064509054], 
            [-84.4269482184267, 33.8311414500322], 
            [-84.4270152188344, 33.8310774506619], 
            [-84.4271762182052, 33.830959450585], 
            [-84.4273772185334, 33.8308504500244], 
            [-84.427510218407, 33.8307974502619], 
            [-84.4276492185602, 33.8307654505728], 
            [-84.4279602186007, 33.8307264505531], 
            [-84.4283862185822, 33.8306984501393], 
            [-84.4285492189516, 33.8307014502722], 
            [-84.4292552193392, 33.8307374501152], 
            [-84.4296612192939, 33.8307444504243], 
            [-84.429828218949, 33.8307354500011], 
            [-84.4300362196061, 33.8307034503095], 
            [-84.4313332195222, 33.8304154504083], 
            [-84.4319612198736, 33.8301924499461], 
            [-84.4327562198767, 33.8298944496003], 
            [-84.433454219879, 33.8296674498495], 
            [-84.4338662201054, 33.8295504498095], 
            [-84.4376332212865, 33.8285454498734], 
            [-84.4377542215027, 33.8284934492584], 
            [-84.4378572217825, 33.8284334491728], 
            [-84.4383702212874, 33.8280844491727], 
            [-84.4386662215234, 33.8279034497694], 
            [-84.4393332218737, 33.8274494493957], 
            [-84.4400752221043, 33.8269454494006], 
            [-84.4403012217922, 33.8268054492014], 
            [-84.4396702221515, 33.826107449263], 
            [-84.4396932222989, 33.8257214484663], 
            [-84.4397552215272, 33.8247584488153], 
            [-84.4397612218003, 33.8246594487252], 
            [-84.4394592221698, 33.8245554484148], 
            [-84.4392562217398, 33.8244944482943], 
            [-84.4390492220239, 33.8244424485909], 
            [-84.43883922127, 33.8243994484052], 
            [-84.4387322217001, 33.8243894488453], 
            [-84.4386242211851, 33.824388448803], 
            [-84.4385172216163, 33.8243974483245], 
            [-84.4384822217911, 33.8244034486038], 
            [-84.4384352214048, 33.8243304488209], 
            [-84.4384972215833, 33.824319448309], 
            [-84.4385612218547, 33.8243104487889], 
            [-84.4386682214236, 33.824301448368], 
            [-84.4387762219384, 33.8242974481786], 
            [-84.4388842215542, 33.8243004483136], 
            [-84.4389922211704, 33.8243094487265], 
            [-84.4390972215474, 33.8243304487963], 
            [-84.4397712222566, 33.8245144483024], 
            [-84.4398512214734, 33.8245364484193], 
            [-84.4400412222001, 33.8246074490036], 
            [-84.4403312221733, 33.8247164486467], 
            [-84.4404802218963, 33.8247804489083], 
            [-84.4405822221345, 33.8248104484956], 
            [-84.4406872225115, 33.8248324486117], 
            [-84.4407942220814, 33.8248444482643], 
            [-84.4408422225102, 33.8248454483088], 
            [-84.4409022225966, 33.8248484484456], 
            [-84.4411162226358, 33.8248704485575], 
            [-84.4413292226289, 33.8249014481872], 
            [-84.4414152221241, 33.8249204481649], 
            [-84.4415372223909, 33.8249474485119], 
            [-84.4417392227747, 33.8250114487715], 
            [-84.4418372228277, 33.8250494487297], 
            [-84.4419312226954, 33.8250934489659], 
            [-84.4420212223778, 33.8251434485811], 
            [-84.4420962222634, 33.8251904489571], 
            [-84.4421072227742, 33.8251974483817], 
            [-84.4421882229389, 33.8252574484604], 
            [-84.4422642228717, 33.8253214487247], 
            [-84.4424712225959, 33.8255294484608], 
            [-84.4425992222481, 33.8256744488785], 
            [-84.4427182223824, 33.8258254486751], 
            [-84.4428282229985, 33.8259804486575], 
            [-84.4429282231509, 33.8261404488717], 
            [-84.4429982228091, 33.8262764488746], 
            [-84.4428712232122, 33.826297448953], 
            [-84.4429412228683, 33.8263934489013], 
            [-84.4430692225268, 33.8266554484442], 
            [-84.4431262224779, 33.8267314492651], 
            [-84.4431952229856, 33.8268014489082], 
            [-84.4432752231038, 33.826861448987], 
            [-84.4433632226935, 33.8269134486949], 
            [-84.4434602227003, 33.8269544487921], 
            [-84.4435902233388, 33.8269904486564], 
            [-84.4436862232992, 33.8270314487537], 
            [-84.4437732228426, 33.8270844494073], 
            [-84.4438502228218, 33.8271474487258], 
            [-84.4439152231439, 33.8272194493611], 
            [-84.4439662228168, 33.8272984494219], 
            [-84.4440022235926, 33.8273834488619], 
            [-84.4440232227731, 33.8274714493408], 
            [-84.4440282230099, 33.8275614490136], 
            [-84.4440152233108, 33.827651448687], 
            [-84.4439952232868, 33.8277394491675], 
            [-84.4439672228914, 33.8278264487025], 
            [-84.4439332231169, 33.8279124490907], 
            [-84.4438922230175, 33.8279954493403], 
            [-84.4438442234924, 33.8280764494974], 
            [-84.4437612232443, 33.8281924494787], 
            [-84.4431222233257, 33.8292364493065], 
            [-84.4429452232184, 33.8294674492232], 
            [-84.442657223364, 33.8298424495201], 
            [-84.4426132231252, 33.8299244497234], 
            [-84.4425812225442, 33.8300104492123], 
            [-84.4425622225666, 33.830099449739], 
            [-84.4425572232387, 33.8301894494122], 
            [-84.4425652227154, 33.8302794499842], 
            [-84.4425862227954, 33.8303674495637], 
            [-84.4426212226255, 33.8304534499493], 
            [-84.4426682230121, 33.830534450103], 
            [-84.4427262230096, 33.8306094499782], 
            [-84.4428642231247, 33.8307324493763], 
            [-84.4431782233196, 33.8309794500159], 
            [-84.4435042231715, 33.8312164501918], 
            [-84.4438412235333, 33.8314414498114], 
            [-84.4441882234592, 33.8316564498666], 
            [-84.4445642238313, 33.8318694498281], 
            [-84.4446402237642, 33.831932450046], 
            [-84.4447282233539, 33.8319854498002], 
            [-84.4448242233142, 33.8320244498048], 
            [-84.444928223645, 33.8320504501062], 
            [-84.4450352241142, 33.8320624497588], 
            [-84.4451432237298, 33.8320594496158], 
            [-84.4452482241046, 33.8320414496772], 
            [-84.4453492233938, 33.8320094499896], 
            [-84.445424224174, 33.8319704499786], 
            [-84.4460422240413, 33.8313704500373], 
            [-84.4468442243278, 33.8303004498982], 
            [-84.4469902239011, 33.830167449127], 
            [-84.4471232246693, 33.8300254497379], 
            [-84.4472432239346, 33.8298764491257], 
            [-84.4473492243484, 33.8297194490427], 
            [-84.4474412241122, 33.8295564495815], 
            [-84.4474812241653, 33.8294724492857], 
            [-84.4475422242901, 33.829326449714], 
            [-84.4477132240971, 33.8286874488818], 
            [-84.4477502240059, 33.8285094487278], 
            [-84.4477722241178, 33.8283304494273], 
            [-84.4477782243867, 33.8281504491818], 
            [-84.4477692239594, 33.8279704489368], 
            [-84.4477402244016, 33.8277704486654], 
            [-84.4477162241503, 33.8270794490287], 
            [-84.4477232244703, 33.8269894484561], 
            [-84.4477392243086, 33.8269004488289], 
            [-84.4477632245183, 33.8268124483482], 
            [-84.4477952242, 33.8267264488594], 
            [-84.447835224253, 33.8266424485636], 
            [-84.4478832246775, 33.8265614484064], 
            [-84.4479972245634, 33.8264094485548], 
            [-84.4480712243965, 33.8263434481923], 
            [-84.4481582239341, 33.8262894483852], 
            [-84.4482542247895, 33.8262494483272], 
            [-84.4483572241718, 33.8262234489174], 
            [-84.4484652246862, 33.8262124484038], 
            [-84.4485722242552, 33.8262074481682], 
            [-84.4486802247703, 33.8262074481642], 
            [-84.4488952248555, 33.82622544899], 
            [-84.4490012243793, 33.8262424488744], 
            [-84.4491062247563, 33.8262644489903], 
            [-84.4492092250408, 33.8262914484387], 
            [-84.4493102243333, 33.8263234490182], 
            [-84.4494082243863, 33.82636044893], 
            [-84.449589224696, 33.826443448272], 
            [-84.4495982251138, 33.826447448457], 
            [-84.449731224994, 33.8265154489044], 
            [-84.449782224664, 33.8265414483084], 
            [-84.4501552248975, 33.8267654487796], 
            [-84.450339225347, 33.8268594486311], 
            [-84.4505312252678, 33.8269414488256], 
            [-84.4507312246597, 33.8270104484175], 
            [-84.4509362251822, 33.82706544826], 
            [-84.4510412255593, 33.8270884484223], 
            [-84.4512742255815, 33.8271244482829], 
            [-84.4514852254824, 33.8271664484222], 
            [-84.4516972254291, 33.8271964489048], 
            [-84.4519122255145, 33.8272154488777], 
            [-84.4521282256456, 33.8272224482946], 
            [-84.452344225776, 33.8272174489543], 
            [-84.4525592258595, 33.8272024482513], 
            [-84.4527722258495, 33.8271744487448], 
            [-84.4528942261138, 33.8271534486667], 
            [-84.4538602259682, 33.8270474482164], 
            [-84.4542712261506, 33.8269744484164], 
            [-84.4548072258371, 33.8268804485381], 
            [-84.4551352266644, 33.8268044486022], 
            [-84.455497226376, 33.8268144481526], 
            [-84.4554352262071, 33.8270034488173], 
            [-84.4554322260689, 33.8270224487982], 
            [-84.4554182263228, 33.8271034489541], 
            [-84.4554022264851, 33.8272034481917], 
            [-84.4553762261866, 33.8273654485033], 
            [-84.455349226741, 33.827527448815], 
            [-84.4551712266312, 33.8285784489499], 
            [-84.4551422261974, 33.8288124490001], 
            [-84.4565182272271, 33.8312484493905], 
            [-84.4565922270708, 33.8313804492079], 
            [-84.4579682272012, 33.8338164495983], 
            [-84.4603282281719, 33.8389544510259], 
            [-84.4605032283145, 33.8411164513574], 
            [-84.4604992290289, 33.8411294510606], 
            [-84.4601882290433, 33.8421904516636], 
            [-84.4597432282651, 33.8438044518111], 
            [-84.4595622288826, 33.8442414522784], 
            [-84.4595362285788, 33.8443044516008], 
            [-84.4589982288642, 33.8456054525394], 
            [-84.4588352285397, 33.8464404525591], 
            [-84.4586622286881, 33.8479774527264], 
            [-84.4586552283658, 33.8480254531518], 
            [-84.4586152283227, 33.8482934529789], 
            [-84.4585382283639, 33.8486114533251], 
            [-84.4586472289392, 33.8488694526834], 
            [-84.4586642288309, 33.8489104527835], 
            [-84.4587182286458, 33.8490414534547], 
            [-84.4591332290696, 33.8500104533656], 
            [-84.4599182287003, 33.8514224540013], 
            [-84.4601332288054, 33.8518104539824], 
            [-84.4598332293484, 33.8532104541026], 
            [-84.4560272283229, 33.8573184548061], 
            [-84.4552892282813, 33.8578854550217], 
            [-84.4552822279568, 33.8578904552536], 
            [-84.4550902280484, 33.8580384549229], 
            [-84.4548892277253, 33.8582424553882], 
            [-84.4546962277731, 33.8584394555289], 
            [-84.4546822280236, 33.8584534552787], 
            [-84.4545302281731, 33.8586084552708], 
            [-84.4543712279981, 33.8587704555874], 
            [-84.4542332278971, 33.8589104557833], 
            [-84.4542432275049, 33.8597134552134], 
            [-84.4542432275062, 33.8597374554259], 
            [-84.4542432275093, 33.859795455415], 
            [-84.4542432275224, 33.8600404559737], 
            [-84.4542432275351, 33.860275456069], 
            [-84.45424322754, 33.8603674558347], 
            [-84.4542332280098, 33.8610104559468], 
            [-84.4558522286191, 33.8633384558208], 
            [-84.4559332288541, 33.864709456382], 
            [-84.4555602286714, 33.8654354567556], 
            [-84.45555522844, 33.8654454563197], 
            [-84.4553972283192, 33.8657524570587], 
            [-84.4548732283343, 33.8666684572472], 
            [-84.4539132279058, 33.8676464576264], 
            [-84.4537082282995, 33.8679074571353], 
            [-84.4536212278649, 33.8680054571822], 
            [-84.4536102282544, 33.8680174577385], 
            [-84.4535682281066, 33.8680644572196], 
            [-84.4533632284987, 33.8682944570909], 
            [-84.4530592278998, 33.8686314574266], 
            [-84.452535227897, 33.8692144574761], 
            [-84.4518852274509, 33.8699384577674], 
            [-84.4517192278516, 33.8701224582042], 
            [-84.4516812278892, 33.8701654574998], 
            [-84.4511272273955, 33.8707824582263], 
            [-84.4511112275655, 33.8710274578862], 
            [-84.4500402273931, 33.8722134580134], 
            [-84.4497572268681, 33.8725254580893], 
            [-84.4479972271102, 33.8739204589317], 
            [-84.4475442267923, 33.8742704589758], 
            [-84.447092226521, 33.8746234591589], 
            [-84.4470692263545, 33.8746494585657], 
            [-84.447065226169, 33.8746524587048], 
            [-84.4468782264926, 33.8747994592269], 
            [-84.4467982263736, 33.8747264594452], 
            [-84.4457992258322, 33.8738104584142], 
            [-84.4452392258939, 33.873207458378], 
            [-84.4448272256383, 33.8727804583962], 
            [-84.4446412259873, 33.8725384588827], 
            [-84.44428722572, 33.8720164580947], 
            [-84.443823225732, 33.8712664584391], 
            [-84.4434462252947, 33.8707054585432], 
            [-84.4431542252059, 33.8701714580963], 
            [-84.4427212248572, 33.8694094578835], 
            [-84.4422802250392, 33.8686984582353], 
            [-84.441931225004, 33.8681754574008], 
            [-84.441409225019, 33.8673614574802], 
            [-84.4411312246871, 33.8669494572889], 
            [-84.4395482239779, 33.865148457547], 
            [-84.4396782237016, 33.8648954575122]
          ]
        ]
      }, 
      "properties" : null
    }, 
    {
      "type" : "Feature", 
      "geometry" : 
      {
        "type" : "Polygon", 
        "coordinates" : 
        [
          [
            [-84.4546812259851, 33.8212674475037], 
            [-84.4565012268617, 33.8223574475723], 
            [-84.4566612261997, 33.8224924475254], 
            [-84.4568032265009, 33.822626447433], 
            [-84.4569362263848, 33.8227644475261], 
            [-84.4571432270106, 33.8230154474558], 
            [-84.4573282266167, 33.8232864474135], 
            [-84.4574292268163, 33.8234634475161], 
            [-84.4575222266456, 33.8236554474145], 
            [-84.4576872271306, 33.8240854475447], 
            [-84.4577182267744, 33.8241574481812], 
            [-84.4578852273521, 33.8245844481723], 
            [-84.4576332273455, 33.8245104474513], 
            [-84.4558802261068, 33.8257764486124], 
            [-84.4558332266256, 33.8258104483907], 
            [-84.4556622268118, 33.826322448735], 
            [-84.4555482260366, 33.8266624483034], 
            [-84.455497226376, 33.8268144481526], 
            [-84.4551352266644, 33.8268044486022], 
            [-84.4548072258371, 33.8268804485381], 
            [-84.4542712261506, 33.8269744484164], 
            [-84.4538602259682, 33.8270474482164], 
            [-84.4528942261138, 33.8271534486667], 
            [-84.4527722258495, 33.8271744487448], 
            [-84.4525592258595, 33.8272024482513], 
            [-84.452344225776, 33.8272174489543], 
            [-84.4521282256456, 33.8272224482946], 
            [-84.4519122255145, 33.8272154488777], 
            [-84.4516972254291, 33.8271964489048], 
            [-84.4514852254824, 33.8271664484222], 
            [-84.4512742255815, 33.8271244482829], 
            [-84.4510412255593, 33.8270884484223], 
            [-84.4509362251822, 33.82706544826], 
            [-84.4507312246597, 33.8270104484175], 
            [-84.4505312252678, 33.8269414488256], 
            [-84.450339225347, 33.8268594486311], 
            [-84.4501552248975, 33.8267654487796], 
            [-84.449782224664, 33.8265414483084], 
            [-84.449731224994, 33.8265154489044], 
            [-84.4495982251138, 33.826447448457], 
            [-84.449589224696, 33.826443448272], 
            [-84.4494082243863, 33.82636044893], 
            [-84.4493102243333, 33.8263234490182], 
            [-84.4492092250408, 33.8262914484387], 
            [-84.4491062247563, 33.8262644489903], 
            [-84.4490012243793, 33.8262424488744], 
            [-84.4488952248555, 33.82622544899], 
            [-84.4486802247703, 33.8262074481642], 
            [-84.4485722242552, 33.8262074481682], 
            [-84.4484652246862, 33.8262124484038], 
            [-84.4483572241718, 33.8262234489174], 
            [-84.4482542247895, 33.8262494483272], 
            [-84.4481582239341, 33.8262894483852], 
            [-84.4480712243965, 33.8263434481923], 
            [-84.4479972245634, 33.8264094485548], 
            [-84.4478832246775, 33.8265614484064], 
            [-84.447835224253, 33.8266424485636], 
            [-84.4477952242, 33.8267264488594], 
            [-84.4477632245183, 33.8268124483482], 
            [-84.4477392243086, 33.8269004488289], 
            [-84.4477232244703, 33.8269894484561], 
            [-84.4477162241503, 33.8270794490287], 
            [-84.4477402244016, 33.8277704486654], 
            [-84.4477692239594, 33.8279704489368], 
            [-84.4477782243867, 33.8281504491818], 
            [-84.4477722241178, 33.8283304494273], 
            [-84.4477502240059, 33.8285094487278], 
            [-84.4477132240971, 33.8286874488818], 
            [-84.4475422242901, 33.829326449714], 
            [-84.4474812241653, 33.8294724492857], 
            [-84.4474412241122, 33.8295564495815], 
            [-84.4473492243484, 33.8297194490427], 
            [-84.4472432239346, 33.8298764491257], 
            [-84.4471232246693, 33.8300254497379], 
            [-84.4469902239011, 33.830167449127], 
            [-84.4468442243278, 33.8303004498982], 
            [-84.4460422240413, 33.8313704500373], 
            [-84.445424224174, 33.8319704499786], 
            [-84.4453492233938, 33.8320094499896], 
            [-84.4452482241046, 33.8320414496772], 
            [-84.4451432237298, 33.8320594496158], 
            [-84.4450352241142, 33.8320624497588], 
            [-84.444928223645, 33.8320504501062], 
            [-84.4448242233142, 33.8320244498048], 
            [-84.4447282233539, 33.8319854498002], 
            [-84.4446402237642, 33.831932450046], 
            [-84.4445642238313, 33.8318694498281], 
            [-84.4441882234592, 33.8316564498666], 
            [-84.4438412235333, 33.8314414498114], 
            [-84.4435042231715, 33.8312164501918], 
            [-84.4431782233196, 33.8309794500159], 
            [-84.4428642231247, 33.8307324493763], 
            [-84.4427262230096, 33.8306094499782], 
            [-84.4426682230121, 33.830534450103], 
            [-84.4426212226255, 33.8304534499493], 
            [-84.4425862227954, 33.8303674495637], 
            [-84.4425652227154, 33.8302794499842], 
            [-84.4425572232387, 33.8301894494122], 
            [-84.4425622225666, 33.830099449739], 
            [-84.4425812225442, 33.8300104492123], 
            [-84.4426132231252, 33.8299244497234], 
            [-84.442657223364, 33.8298424495201], 
            [-84.4429452232184, 33.8294674492232], 
            [-84.4431222233257, 33.8292364493065], 
            [-84.4437612232443, 33.8281924494787], 
            [-84.4438442234924, 33.8280764494974], 
            [-84.4438922230175, 33.8279954493403], 
            [-84.4439332231169, 33.8279124490907], 
            [-84.4439672228914, 33.8278264487025], 
            [-84.4439952232868, 33.8277394491675], 
            [-84.4440152233108, 33.827651448687], 
            [-84.4440282230099, 33.8275614490136], 
            [-84.4440232227731, 33.8274714493408], 
            [-84.4440022235926, 33.8273834488619], 
            [-84.4439662228168, 33.8272984494219], 
            [-84.4439152231439, 33.8272194493611], 
            [-84.4438502228218, 33.8271474487258], 
            [-84.4437732228426, 33.8270844494073], 
            [-84.4436862232992, 33.8270314487537], 
            [-84.4435902233388, 33.8269904486564], 
            [-84.4434602227003, 33.8269544487921], 
            [-84.4433632226935, 33.8269134486949], 
            [-84.4432752231038, 33.826861448987], 
            [-84.4431952229856, 33.8268014489082], 
            [-84.4431262224779, 33.8267314492651], 
            [-84.4430692225268, 33.8266554484442], 
            [-84.4429412228683, 33.8263934489013], 
            [-84.4428712232122, 33.826297448953], 
            [-84.4429982228091, 33.8262764488746], 
            [-84.4429282231509, 33.8261404488717], 
            [-84.4428282229985, 33.8259804486575], 
            [-84.4427182223824, 33.8258254486751], 
            [-84.4425992222481, 33.8256744488785], 
            [-84.4424712225959, 33.8255294484608], 
            [-84.4422642228717, 33.8253214487247], 
            [-84.4421882229389, 33.8252574484604], 
            [-84.4421072227742, 33.8251974483817], 
            [-84.4420962222634, 33.8251904489571], 
            [-84.4420212223778, 33.8251434485811], 
            [-84.4419312226954, 33.8250934489659], 
            [-84.4418372228277, 33.8250494487297], 
            [-84.4417392227747, 33.8250114487715], 
            [-84.4415372223909, 33.8249474485119], 
            [-84.4414152221241, 33.8249204481649], 
            [-84.4413292226289, 33.8249014481872], 
            [-84.4411162226358, 33.8248704485575], 
            [-84.4409022225966, 33.8248484484456], 
            [-84.4408422225102, 33.8248454483088], 
            [-84.4407942220814, 33.8248444482643], 
            [-84.4406872225115, 33.8248324486117], 
            [-84.4405822221345, 33.8248104484956], 
            [-84.4404802218963, 33.8247804489083], 
            [-84.4403312221733, 33.8247164486467], 
            [-84.4400412222001, 33.8246074490036], 
            [-84.4398512214734, 33.8245364484193], 
            [-84.4397712222566, 33.8245144483024], 
            [-84.4390972215474, 33.8243304487963], 
            [-84.4389922211704, 33.8243094487265], 
            [-84.4388842215542, 33.8243004483136], 
            [-84.4387762219384, 33.8242974481786], 
            [-84.4386682214236, 33.824301448368], 
            [-84.4385612218547, 33.8243104487889], 
            [-84.4384972215833, 33.824319448309], 
            [-84.4384352214048, 33.8243304488209], 
            [-84.4384822217911, 33.8244034486038], 
            [-84.4385172216163, 33.8243974483245], 
            [-84.4386242211851, 33.824388448803], 
            [-84.4387322217001, 33.8243894488453], 
            [-84.43883922127, 33.8243994484052], 
            [-84.4390492220239, 33.8244424485909], 
            [-84.4392562217398, 33.8244944482943], 
            [-84.4394592221698, 33.8245554484148], 
            [-84.4397612218003, 33.8246594487252], 
            [-84.4397552215272, 33.8247584488153], 
            [-84.4396932222989, 33.8257214484663], 
            [-84.4396702221515, 33.826107449263], 
            [-84.4403012217922, 33.8268054492014], 
            [-84.4400752221043, 33.8269454494006], 
            [-84.4393332218737, 33.8274494493957], 
            [-84.4386662215234, 33.8279034497694], 
            [-84.4383702212874, 33.8280844491727], 
            [-84.4378572217825, 33.8284334491728], 
            [-84.4377542215027, 33.8284934492584], 
            [-84.4376332212865, 33.8285454498734], 
            [-84.4338662201054, 33.8295504498095], 
            [-84.433454219879, 33.8296674498495], 
            [-84.4327562198767, 33.8298944496003], 
            [-84.4319612198736, 33.8301924499461], 
            [-84.4313332195222, 33.8304154504083], 
            [-84.4300362196061, 33.8307034503095], 
            [-84.429828218949, 33.8307354500011], 
            [-84.4296612192939, 33.8307444504243], 
            [-84.4292552193392, 33.8307374501152], 
            [-84.4285492189516, 33.8307014502722], 
            [-84.4283862185822, 33.8306984501393], 
            [-84.4279602186007, 33.8307264505531], 
            [-84.4276492185602, 33.8307654505728], 
            [-84.427510218407, 33.8307974502619], 
            [-84.4273772185334, 33.8308504500244], 
            [-84.4271762182052, 33.830959450585], 
            [-84.4270152188344, 33.8310774506619], 
            [-84.4269482184267, 33.8311414500322], 
            [-84.4265542181549, 33.8316064509054], 
            [-84.4255712182904, 33.8294634505847], 
            [-84.4253452176592, 33.8287814495737], 
            [-84.4251742177905, 33.8282664500024], 
            [-84.4250942176625, 33.8280244495856], 
            [-84.4246012171975, 33.8267004494185], 
            [-84.4243962175378, 33.8259654495486], 
            [-84.4241802173658, 33.8251934488643], 
            [-84.4241542170545, 33.8251154488489], 
            [-84.4240782171255, 33.8251234492223], 
            [-84.4239702175101, 33.8251284494581], 
            [-84.4238862172092, 33.8251244492758], 
            [-84.4238692173158, 33.8250514494917], 
            [-84.4238292172514, 33.8249244490054], 
            [-84.4238532174661, 33.8249304492825], 
            [-84.4239582169436, 33.8249494492595], 
            [-84.424065217413, 33.8249624489585], 
            [-84.4241042174243, 33.824965449096], 
            [-84.424173217029, 33.8249684492324], 
            [-84.424281217544, 33.8249684492284], 
            [-84.4243892171594, 33.8249614489001], 
            [-84.4244952175808, 33.8249474491469], 
            [-84.4246002170563, 33.8249274491157], 
            [-84.4247042173843, 33.8249014488066], 
            [-84.4249022175752, 33.8248304491072], 
            [-84.4250922173942, 33.8247444487131], 
            [-84.4252702175548, 33.8246424493768], 
            [-84.4253762179731, 33.8245704487351], 
            [-84.4255342181038, 33.8244474493261], 
            [-84.4257032178462, 33.8243354486276], 
            [-84.4258812180068, 33.8242334492913], 
            [-84.4260672176398, 33.8241414486194], 
            [-84.4262602175983, 33.8240614494025], 
            [-84.4263822178613, 33.8240184492045], 
            [-84.4265042181238, 33.8239634493498], 
            [-84.4269982176531, 33.8237404488926], 
            [-84.4270992178415, 33.8237074491586], 
            [-84.4272952179394, 33.8236314492276], 
            [-84.4274832185648, 33.8235434487409], 
            [-84.4276622178724, 33.8234424485517], 
            [-84.4278312185142, 33.8233304487525], 
            [-84.4279882185984, 33.8232064483978], 
            [-84.4281332181253, 33.8230734485259], 
            [-84.4282632187542, 33.8229294490443], 
            [-84.4283762185938, 33.822776448247], 
            [-84.4284542186091, 33.8226474485629], 
            [-84.4285222181636, 33.8225784489609], 
            [-84.4286002181824, 33.8225154487373], 
            [-84.428686218573, 33.8224614489303], 
            [-84.428780218436, 33.8224164486406], 
            [-84.4288802185779, 33.8223814488141], 
            [-84.4289832188596, 33.8223574485977], 
            [-84.4290902184282, 33.8223434488443], 
            [-84.429198218943, 33.8223404487013], 
            [-84.4292842184375, 33.8223474481231], 
            [-84.4292832183849, 33.8222294480523], 
            [-84.4292792190834, 33.8219464484312], 
            [-84.4292562188503, 33.8207274477151], 
            [-84.4292502185526, 33.820367448124], 
            [-84.4292472184044, 33.8202004475818], 
            [-84.4292642182852, 33.8200354480307], 
            [-84.4292902185868, 33.8199324477546], 
            [-84.4293272184998, 33.8198324476168], 
            [-84.4294492187531, 33.8196074479802], 
            [-84.429545218704, 33.8194724480175], 
            [-84.4296592185915, 33.8193464475717], 
            [-84.4297972186932, 33.819219447978], 
            [-84.4305242191188, 33.8185604479971], 
            [-84.4306592190814, 33.8184364476433], 
            [-84.4307632185064, 33.8183414477347], 
            [-84.4308022185145, 33.8182844477905], 
            [-84.4308272187718, 33.8182184474298], 
            [-84.4308352191397, 33.8181564472551], 
            [-84.4308312189514, 33.8181054475905], 
            [-84.4307962191173, 33.8179454473737], 
            [-84.4307472186299, 33.8177174476044], 
            [-84.4306342187546, 33.8172014470853], 
            [-84.4306102185344, 33.8170914473859], 
            [-84.4313072193764, 33.8166174469837], 
            [-84.4313502186769, 33.8166764470176], 
            [-84.4316902191832, 33.8170024468197], 
            [-84.4315592194056, 33.8171144475168], 
            [-84.4317402188234, 33.8173374470496], 
            [-84.4318022190052, 33.817387447565], 
            [-84.431897218919, 33.8174254475234], 
            [-84.4320362190743, 33.8174334469895], 
            [-84.4320372191207, 33.8174344470358], 
            [-84.4325812192406, 33.8185014478851], 
            [-84.4327342191603, 33.8187714477977], 
            [-84.4327892199181, 33.818852447951], 
            [-84.4329072191052, 33.8189764473961], 
            [-84.4331172198653, 33.81913544756], 
            [-84.4332572200718, 33.8192314475058], 
            [-84.4335832199218, 33.8194334478589], 
            [-84.4335852200146, 33.8194344479051], 
            [-84.4341432198452, 33.8197604476991], 
            [-84.4342182197302, 33.8197974476119], 
            [-84.4346152201765, 33.8199904475453], 
            [-84.4346162202229, 33.8199914475916], 
            [-84.4347612197599, 33.8200474474826], 
            [-84.4349312204568, 33.8200984480404], 
            [-84.4354812199047, 33.8202114478592], 
            [-84.4358062206004, 33.8202784473538], 
            [-84.4359102200317, 33.8203004474699], 
            [-84.4360482201423, 33.8203394474729], 
            [-84.4361832201146, 33.8203954473643], 
            [-84.4363162208944, 33.8204714481824], 
            [-84.4365052206788, 33.8206064481345], 
            [-84.436635220422, 33.8207174478762], 
            [-84.4369712207427, 33.8210434476785], 
            [-84.4370762211227, 33.8211224477373], 
            [-84.4371252207, 33.821149448087], 
            [-84.4372002205852, 33.8211914482314], 
            [-84.4373102211955, 33.8212374476604], 
            [-84.4379242209211, 33.8214574479373], 
            [-84.4386622210071, 33.8217214484495], 
            [-84.4386452211137, 33.8216484477661], 
            [-84.4386182216547, 33.8215604481868], 
            [-84.4385862210646, 33.8214754478473], 
            [-84.4385442209097, 33.8213914475545], 
            [-84.4384952213296, 33.8213114483466], 
            [-84.4384382213785, 33.8212354475257], 
            [-84.4383452215508, 33.8210724480715], 
            [-84.4383162210998, 33.8209854476392], 
            [-84.4382472214712, 33.8205364475245], 
            [-84.4382052213115, 33.8203604474661], 
            [-84.4381232210896, 33.8200984479215], 
            [-84.4380602208549, 33.8199264480492], 
            [-84.4380362206359, 33.8198384475704], 
            [-84.4380182206951, 33.8197494479445], 
            [-84.4379872210506, 33.8196634475586], 
            [-84.4379502211278, 33.8195784472193], 
            [-84.4379352213263, 33.8194894475932], 
            [-84.4379132211999, 33.8194004479674], 
            [-84.4378542211508, 33.8192274471493], 
            [-84.4377762211196, 33.8190594474628], 
            [-84.4376852204854, 33.8188954470628], 
            [-84.4376362209053, 33.8188154478549], 
            [-84.4375962208433, 33.8187324476084], 
            [-84.4375642211524, 33.8186464472226], 
            [-84.4375412209797, 33.8185574475968], 
            [-84.437514220607, 33.8181984471535], 
            [-84.4375132205509, 33.8180184469082], 
            [-84.4375032209814, 33.8179284472356], 
            [-84.4374862210871, 33.8178394476096], 
            [-84.437462220868, 33.8177514471309], 
            [-84.4373932203604, 33.817682447534], 
            [-84.4373122210951, 33.8176234475015], 
            [-84.4372192203744, 33.8175774471725], 
            [-84.4370422202493, 33.8174744469039], 
            [-84.4368802208193, 33.8173554467927], 
            [-84.4368062209792, 33.817289447335], 
            [-84.4366432206036, 33.8171714472702], 
            [-84.4365882207453, 33.8170944473022], 
            [-84.4365582202478, 33.81700744687], 
            [-84.4365462205855, 33.8169184472438], 
            [-84.4365742200815, 33.8168314468095], 
            [-84.4366082207504, 33.8166534466556], 
            [-84.4366312209137, 33.8165654470743], 
            [-84.4366292208161, 33.8164754474014], 
            [-84.4366042205506, 33.816388446969], 
            [-84.4365652205368, 33.8163374473057], 
            [-84.4365202202464, 33.8163204465197], 
            [-84.4364312206103, 33.8162694468582], 
            [-84.4363352206499, 33.8162274467146], 
            [-84.4362332204118, 33.8161994472199], 
            [-84.4361402205904, 33.8161534468909], 
            [-84.4360522201012, 33.8161004471367], 
            [-84.4359792203075, 33.8160344467796], 
            [-84.4359162200781, 33.8159614469973], 
            [-84.4358622202661, 33.815883446983], 
            [-84.4358362199543, 33.8157964465506], 
            [-84.4358302205559, 33.8154354469132], 
            [-84.4358612201912, 33.815349446525], 
            [-84.4359682206508, 33.815182446878], 
            [-84.4362412207431, 33.8154524467861], 
            [-84.4367972204821, 33.8158024467928], 
            [-84.437652220628, 33.8165634469437], 
            [-84.4398052216957, 33.8181584470136], 
            [-84.4406392217562, 33.8187274472634], 
            [-84.4409562220892, 33.8189524468838], 
            [-84.4411682220414, 33.8190854476417], 
            [-84.4423422225859, 33.8195634472601], 
            [-84.4470452241861, 33.8214094480717], 
            [-84.4471042233227, 33.8213364473855], 
            [-84.4472172240633, 33.8212154471714], 
            [-84.447382223618, 33.8210644473642], 
            [-84.4467952233418, 33.8207524473206], 
            [-84.4460602233897, 33.8203894476177], 
            [-84.4460342230787, 33.8203184470273], 
            [-84.4463402237644, 33.8198674477052], 
            [-84.4463432238973, 33.8197494476343], 
            [-84.4465262233739, 33.819335447333], 
            [-84.4463562235611, 33.8190004471077], 
            [-84.4462192234917, 33.818863447061], 
            [-84.446146223696, 33.8187594467421], 
            [-84.4461042235368, 33.818593447147], 
            [-84.4455742231921, 33.8179904471094], 
            [-84.4461772232634, 33.8174044469178], 
            [-84.4466072234227, 33.8172314469808], 
            [-84.4469512232138, 33.8175284472379], 
            [-84.4470162235283, 33.8174554465514], 
            [-84.4471422239651, 33.8171914469064], 
            [-84.4472432232486, 33.8170544468508], 
            [-84.4485462243963, 33.8177744468842], 
            [-84.4528522255887, 33.8201484469912], 
            [-84.4533292252567, 33.8204554468072], 
            [-84.4536062255283, 33.8206094476363], 
            [-84.4538612256788, 33.8207704469918], 
            [-84.4540252261, 33.8208744473074], 
            [-84.4546812259851, 33.8212674475037]
          ]
        ]
      }, 
      "properties" : null
    }, 
    {
      "type" : "Feature", 
      "geometry" : 
      {
        "type" : "Polygon", 
        "coordinates" : 
        [
          [
            [-84.4211432161508, 33.8143404470919], 
            [-84.4210082161646, 33.8140224467535], 
            [-84.4207672157412, 33.813425446983], 
            [-84.4203222157265, 33.8125044465988], 
            [-84.4200082155152, 33.8119504470246], 
            [-84.4195532150385, 33.8110664465561], 
            [-84.4190812146725, 33.8101844461811], 
            [-84.4193162147847, 33.810167446284], 
            [-84.421010216045, 33.8100474460575], 
            [-84.4218492163056, 33.8100194465276], 
            [-84.4221852157095, 33.8100164463762], 
            [-84.4223212157258, 33.8100284460277], 
            [-84.4224562156962, 33.8100494460963], 
            [-84.4227012162768, 33.8101144464006], 
            [-84.4229122161795, 33.8101894462701], 
            [-84.4230672161811, 33.8102564457711], 
            [-84.4232992161611, 33.8103714465937], 
            [-84.4234632165826, 33.8104784461488], 
            [-84.4236022167437, 33.8105954461683], 
            [-84.4241072168222, 33.8110964459779], 
            [-84.4242502162684, 33.8111914458772], 
            [-84.4244152167341, 33.8112584462771], 
            [-84.4245572170299, 33.8112904459557], 
            [-84.424703216611, 33.8113024465062], 
            [-84.4259492168724, 33.8112774462009], 
            [-84.4266362172766, 33.8112944460636], 
            [-84.4259962172862, 33.811865446461], 
            [-84.4258072175182, 33.8120364462964], 
            [-84.425739217064, 33.8120984464733], 
            [-84.4256692174172, 33.8121774465386], 
            [-84.4256092173355, 33.8122624468816], 
            [-84.4255552166336, 33.8123614460741], 
            [-84.4255112172958, 33.8124744468144], 
            [-84.4254842169485, 33.8125904467936], 
            [-84.4254742173892, 33.8126924461236], 
            [-84.4254902172422, 33.8128774465999], 
            [-84.4255562167254, 33.8132104467366], 
            [-84.4256012170216, 33.8133344470837], 
            [-84.4256512175477, 33.8134204465696], 
            [-84.4257232172962, 33.8135084470465], 
            [-84.4258392172887, 33.8136124464645], 
            [-84.4259542172336, 33.8136954467082], 
            [-84.4260802176886, 33.8137684464883], 
            [-84.426453217022, 33.8139784472102], 
            [-84.4265962173661, 33.8140444466653], 
            [-84.4268072172682, 33.8141084469245], 
            [-84.4270262175399, 33.8141414466466], 
            [-84.4270482176645, 33.8141974465423], 
            [-84.4270912178638, 33.8142454469658], 
            [-84.4274952177388, 33.8144994470272], 
            [-84.4277262176749, 33.8146614473293], 
            [-84.4278642177894, 33.8147724470707], 
            [-84.4280422179647, 33.8149474470777], 
            [-84.4281312176038, 33.8150534465893], 
            [-84.4283402183223, 33.8153024473256], 
            [-84.4284072178375, 33.8153674467372], 
            [-84.4284912181416, 33.8154324470475], 
            [-84.4286772177857, 33.8155474469725], 
            [-84.4287492184308, 33.8155844468853], 
            [-84.4288052183331, 33.8156144473737], 
            [-84.4293582179272, 33.8158584469662], 
            [-84.4293992180321, 33.8158764468993], 
            [-84.4297242187319, 33.816019447217], 
            [-84.4299062181904, 33.8161344471421], 
            [-84.4300462183981, 33.8162534472542], 
            [-84.4301992183114, 33.8164054470958], 
            [-84.4303572184585, 33.8165884474742], 
            [-84.4304432188582, 33.8167064475419], 
            [-84.4304522183774, 33.8167234474298], 
            [-84.4305232189809, 33.8168494469694], 
            [-84.430572218563, 33.8169654469458], 
            [-84.4306102185344, 33.8170914473859], 
            [-84.4306342187546, 33.8172014470853], 
            [-84.4307472186299, 33.8177174476044], 
            [-84.4307962191173, 33.8179454473737], 
            [-84.4308312189514, 33.8181054475905], 
            [-84.4308352191397, 33.8181564472551], 
            [-84.4308272187718, 33.8182184474298], 
            [-84.4308022185145, 33.8182844477905], 
            [-84.4307632185064, 33.8183414477347], 
            [-84.4306592190814, 33.8184364476433], 
            [-84.4305242191188, 33.8185604479971], 
            [-84.4297972186932, 33.819219447978], 
            [-84.4296592185915, 33.8193464475717], 
            [-84.429545218704, 33.8194724480175], 
            [-84.4294492187531, 33.8196074479802], 
            [-84.4293272184998, 33.8198324476168], 
            [-84.4292902185868, 33.8199324477546], 
            [-84.4292642182852, 33.8200354480307], 
            [-84.4292472184044, 33.8202004475818], 
            [-84.4292502185526, 33.820367448124], 
            [-84.4292562188503, 33.8207274477151], 
            [-84.4292792190834, 33.8219464484312], 
            [-84.4292832183849, 33.8222294480523], 
            [-84.4292842184375, 33.8223474481231], 
            [-84.429198218943, 33.8223404487013], 
            [-84.4290902184282, 33.8223434488443], 
            [-84.4289832188596, 33.8223574485977], 
            [-84.4288802185779, 33.8223814488141], 
            [-84.428780218436, 33.8224164486406], 
            [-84.428686218573, 33.8224614489303], 
            [-84.4286002181824, 33.8225154487373], 
            [-84.4285222181636, 33.8225784489609], 
            [-84.4284542186091, 33.8226474485629], 
            [-84.4283762185938, 33.822776448247], 
            [-84.4282632187542, 33.8229294490443], 
            [-84.4281332181253, 33.8230734485259], 
            [-84.4279882185984, 33.8232064483978], 
            [-84.4278312185142, 33.8233304487525], 
            [-84.4276622178724, 33.8234424485517], 
            [-84.4274832185648, 33.8235434487409], 
            [-84.4272952179394, 33.8236314492276], 
            [-84.4270992178415, 33.8237074491586], 
            [-84.4269982176531, 33.8237404488926], 
            [-84.4265042181238, 33.8239634493498], 
            [-84.4263822178613, 33.8240184492045], 
            [-84.4262602175983, 33.8240614494025], 
            [-84.4260672176398, 33.8241414486194], 
            [-84.4258812180068, 33.8242334492913], 
            [-84.4257032178462, 33.8243354486276], 
            [-84.4255342181038, 33.8244474493261], 
            [-84.4253762179731, 33.8245704487351], 
            [-84.4252702175548, 33.8246424493768], 
            [-84.4250922173942, 33.8247444487131], 
            [-84.4249022175752, 33.8248304491072], 
            [-84.4247042173843, 33.8249014488066], 
            [-84.4246002170563, 33.8249274491157], 
            [-84.4244952175808, 33.8249474491469], 
            [-84.4243892171594, 33.8249614489001], 
            [-84.424281217544, 33.8249684492284], 
            [-84.424173217029, 33.8249684492324], 
            [-84.4241042174243, 33.824965449096], 
            [-84.424065217413, 33.8249624489585], 
            [-84.4239582169436, 33.8249494492595], 
            [-84.4238532174661, 33.8249304492825], 
            [-84.4238292172514, 33.8249244490054], 
            [-84.423787217094, 33.8247914491405], 
            [-84.4238862171923, 33.8248094490714], 
            [-84.4240572170345, 33.8248274489996], 
            [-84.4237412167096, 33.8238854494364], 
            [-84.4236002173439, 33.8235614488202], 
            [-84.4234972170416, 33.8232024492791], 
            [-84.4233302173461, 33.8224534487591], 
            [-84.4230302168328, 33.8209224479879], 
            [-84.4227542165327, 33.8193674479024], 
            [-84.4226612166906, 33.8189344476306], 
            [-84.4225142161282, 33.8182554476549], 
            [-84.4222082162647, 33.8172644476198], 
            [-84.4220732162721, 33.8168274471642], 
            [-84.4215992157866, 33.8154484471461], 
            [-84.4214882160154, 33.8151454475017], 
            [-84.4212462155473, 33.8145794473688], 
            [-84.4211432161508, 33.8143404470919]
          ]
        ]
      }, 
      "properties" : null
    }, 
    {
      "type" : "Feature", 
      "geometry" : 
      {
        "type" : "Polygon", 
        "coordinates" : 
        [
          [
            [-84.3986992029482, 33.6858724208317], 
            [-84.3987082024722, 33.6859814204853], 
            [-84.39878320238, 33.6864484205347], 
            [-84.398990203032, 33.6871974210536], 
            [-84.3991342025418, 33.6876164206753], 
            [-84.3993382030349, 33.6879934210469], 
            [-84.3996012026686, 33.6883714205633], 
            [-84.4001152031743, 33.6890594209428], 
            [-84.4017702036437, 33.691198421055], 
            [-84.4022022039347, 33.6917574217562], 
            [-84.4035562048014, 33.693437422198], 
            [-84.4042792042365, 33.6945574218996], 
            [-84.404489205012, 33.695008422102], 
            [-84.4046332045168, 33.695332421819], 
            [-84.4046182047237, 33.6954024223647], 
            [-84.4047322046397, 33.6958144225624], 
            [-84.4047642052474, 33.6962314220956], 
            [-84.4047452052857, 33.6966224222246], 
            [-84.4047082044808, 33.6968634225996], 
            [-84.4046812050339, 33.6970004226524], 
            [-84.4046562047798, 33.6971264221956], 
            [-84.404337204371, 33.6972214230115], 
            [-84.4039672042953, 33.697346422521], 
            [-84.4037142042498, 33.6974124228902], 
            [-84.4027572039228, 33.697692422408], 
            [-84.4023952042171, 33.6977934226041], 
            [-84.4020122044355, 33.697881423098], 
            [-84.4016502038287, 33.6979514227572], 
            [-84.4013692042815, 33.6979964230538], 
            [-84.4013182037139, 33.6980044225269], 
            [-84.4010522039626, 33.6980354230737], 
            [-84.4005262038384, 33.6980844226653], 
            [-84.3995402030529, 33.698135423266], 
            [-84.3990092035943, 33.6981514231276], 
            [-84.3971122028005, 33.698159422669], 
            [-84.3966352022502, 33.6981704231963], 
            [-84.396111202219, 33.6982234229732], 
            [-84.3958612023108, 33.698253423473], 
            [-84.3956582027846, 33.6982774227938], 
            [-84.3950582019249, 33.6983344236581], 
            [-84.3938182019473, 33.6984614232926], 
            [-84.3937832021214, 33.6984544229696], 
            [-84.3937092013848, 33.698440423223], 
            [-84.3936342015005, 33.6984174230595], 
            [-84.3936072020456, 33.6984064234502], 
            [-84.3935732013658, 33.6983794230999], 
            [-84.3935492020492, 33.6983504235559], 
            [-84.3935332013052, 33.698320423066], 
            [-84.3935212016457, 33.6982824231045], 
            [-84.3935182015047, 33.6982484233281], 
            [-84.3935212016417, 33.6982074232271], 
            [-84.3935322021502, 33.6981714233575], 
            [-84.3935452018529, 33.6981484231907], 
            [-84.3935602016484, 33.6981244229775], 
            [-84.3931082013779, 33.6984964231418], 
            [-84.3929882012105, 33.6985944231899], 
            [-84.3927742011817, 33.6987654230262], 
            [-84.3923882012725, 33.6990744238665], 
            [-84.3921012014566, 33.699304423741], 
            [-84.3916132012839, 33.6991044234864], 
            [-84.3913372010594, 33.6989624232131], 
            [-84.3913152009371, 33.6989474234182], 
            [-84.3910282010983, 33.6987464231099], 
            [-84.3907342009306, 33.6984674236847], 
            [-84.3906962009639, 33.6984294237242], 
            [-84.3898752005938, 33.6976004231189], 
            [-84.3896092008267, 33.697332423303], 
            [-84.3894912007381, 33.6971664228112], 
            [-84.3893912005827, 33.6969464234143], 
            [-84.3893592008889, 33.6968034230856], 
            [-84.3883301999031, 33.6967874232817], 
            [-84.3851371992214, 33.6967394229747], 
            [-84.3850511988348, 33.6968694236047], 
            [-84.3849681994835, 33.6969384232072], 
            [-84.3848571988315, 33.6969804233585], 
            [-84.3847761995699, 33.6969884237322], 
            [-84.3829741986875, 33.6969894229458], 
            [-84.3825251985365, 33.6969894229624], 
            [-84.382356198788, 33.6969874237754], 
            [-84.3803611979417, 33.6969654237292], 
            [-84.3790471972209, 33.6969564233608], 
            [-84.3790311973746, 33.6968964232796], 
            [-84.3789361974549, 33.6967464235283], 
            [-84.378916197421, 33.696650423578], 
            [-84.3790311972911, 33.695319423063], 
            [-84.3790311972091, 33.693769423198], 
            [-84.3790671970363, 33.692924422719], 
            [-84.3791321972843, 33.6915964223449], 
            [-84.377473196741, 33.6915684220083], 
            [-84.3765911962813, 33.6915534222452], 
            [-84.3766091961616, 33.6905014220693], 
            [-84.3739011955033, 33.6904624221612], 
            [-84.3739281957707, 33.6888344222787], 
            [-84.3712701947367, 33.6888344223769], 
            [-84.3699601942012, 33.6888204217767], 
            [-84.3692941938722, 33.688803421913], 
            [-84.3685231940666, 33.6887844219606], 
            [-84.3678351936159, 33.6887674220977], 
            [-84.3673331937028, 33.6887554224597], 
            [-84.3640081922935, 33.6887424219802], 
            [-84.3640171926959, 33.6884554221732], 
            [-84.3640491923665, 33.6881574218556], 
            [-84.3640991928737, 33.687886421889], 
            [-84.3642041923275, 33.6874584218411], 
            [-84.3643701928009, 33.6867924215564], 
            [-84.3644221925049, 33.6865854218568], 
            [-84.3645941923562, 33.6858984214982], 
            [-84.3648441931171, 33.6849854214582], 
            [-84.3654291931638, 33.6827164206361], 
            [-84.3654671931281, 33.6827084211633], 
            [-84.3655241930612, 33.6824444206214], 
            [-84.3655441930878, 33.6824034205198], 
            [-84.3656041931678, 33.6822844212996], 
            [-84.3657181930519, 33.6820954206329], 
            [-84.3659601925738, 33.6817784203267], 
            [-84.3674141934152, 33.680261420138], 
            [-84.3679521932184, 33.6806174204237], 
            [-84.3685781935109, 33.6810324207416], 
            [-84.3691171933565, 33.6813134202504], 
            [-84.3694811940669, 33.6814474201499], 
            [-84.369870194137, 33.6815494203646], 
            [-84.3702341939442, 33.6816114205256], 
            [-84.3704511941223, 33.6816294204522], 
            [-84.3706411939466, 33.6816434201945], 
            [-84.3709821944819, 33.6816434201819], 
            [-84.3713321945341, 33.6816184208094], 
            [-84.3716521940924, 33.681569420326], 
            [-84.3719781948268, 33.6814924203439], 
            [-84.3722701948823, 33.6814034207063], 
            [-84.3725121944159, 33.6813104199861], 
            [-84.3728331949144, 33.681156420034], 
            [-84.3732331945789, 33.6809434200436], 
            [-84.3736401954701, 33.6807754203391], 
            [-84.3738841950973, 33.6806964202673], 
            [-84.3741181951608, 33.6806364201769], 
            [-84.3746511956077, 33.6805474205304], 
            [-84.3750831958679, 33.6805254203945], 
            [-84.3803901966253, 33.6806434202694], 
            [-84.3803541968223, 33.6819454203373], 
            [-84.3802881974713, 33.6841094207723], 
            [-84.3803211972093, 33.6842094209074], 
            [-84.3820781977719, 33.6836384204686], 
            [-84.3823921979452, 33.6834794202851], 
            [-84.3840401979055, 33.6821344199642], 
            [-84.3841791980534, 33.6820034201851], 
            [-84.3842371980412, 33.6818954196759], 
            [-84.3843041984386, 33.6816364202647], 
            [-84.3843301978314, 33.6813524196966], 
            [-84.3843281977225, 33.6810454198626], 
            [-84.3876371992896, 33.6810804195632], 
            [-84.3887711997518, 33.6810944201699], 
            [-84.3902871999534, 33.6811004194925], 
            [-84.393067200354, 33.6811124199457], 
            [-84.3937122006071, 33.6811154191616], 
            [-84.3963332017231, 33.6811214193427], 
            [-84.3978702019997, 33.6811244194249], 
            [-84.3983792022369, 33.6811254194523], 
            [-84.3984092018302, 33.6811204192196], 
            [-84.3986542024075, 33.6811254194421], 
            [-84.3988462023899, 33.6823734196977], 
            [-84.3989172021191, 33.6829754197066], 
            [-84.398960202348, 33.683582419948], 
            [-84.3988992023155, 33.6854764204643], 
            [-84.3988862026195, 33.6856254201732], 
            [-84.3989132029861, 33.6858724208238], 
            [-84.3988412023428, 33.6858684206411], 
            [-84.3987342027736, 33.6858694206913], 
            [-84.3986992029482, 33.6858724208317]
          ]
        ]
      }, 
      "properties" : null
    }, 
    {
      "type" : "Feature", 
      "geometry" : 
      {
        "type" : "Polygon", 
        "coordinates" : 
        [
          [
            [-84.3801191982484, 33.7110254267198], 
            [-84.3798951985984, 33.7101304266321], 
            [-84.3813111986232, 33.709512425827], 
            [-84.3809281987889, 33.7086054260885], 
            [-84.3810391985421, 33.7085744255475], 
            [-84.3828241995357, 33.70858842613], 
            [-84.3834671996962, 33.7085934254386], 
            [-84.3848821997079, 33.7086044258958], 
            [-84.3848791996119, 33.7094204259293], 
            [-84.3848631997844, 33.7097154261072], 
            [-84.3848492000371, 33.7097734260969], 
            [-84.3846131998932, 33.7100664261903], 
            [-84.3844812000753, 33.7102954260128], 
            [-84.3844481994505, 33.7104314260195], 
            [-84.3844561998458, 33.7108874264611], 
            [-84.3845661995745, 33.7112684261221], 
            [-84.385216200053, 33.7111444266484], 
            [-84.3860682000187, 33.7111384263389], 
            [-84.3871532009045, 33.7111404263914], 
            [-84.3872202004163, 33.711140426389], 
            [-84.3882782009486, 33.7111464266278], 
            [-84.3882912006084, 33.71031242576], 
            [-84.3882932006931, 33.7101614259588], 
            [-84.3883022010799, 33.7095794259744], 
            [-84.3883072003929, 33.7092064257804], 
            [-84.3883902006478, 33.7092194254803], 
            [-84.3884652005314, 33.7092304259872], 
            [-84.388533200989, 33.709231426031], 
            [-84.3886252007612, 33.7092264257959], 
            [-84.3886812006618, 33.7092244257012], 
            [-84.3887812008057, 33.7092264257901], 
            [-84.3888372007066, 33.7092314260197], 
            [-84.3889162007763, 33.7092504259977], 
            [-84.3889622011135, 33.7092744262086], 
            [-84.3890002010701, 33.7091224254604], 
            [-84.389026201375, 33.7090784261189], 
            [-84.3890562009659, 33.7090314257389], 
            [-84.3890922008359, 33.708994425822], 
            [-84.3894562015421, 33.7090504257051], 
            [-84.3897562010755, 33.7090764259992], 
            [-84.3900582015997, 33.7090754259417], 
            [-84.3911822015935, 33.709008425494], 
            [-84.3912892020625, 33.7090134257217], 
            [-84.3913682021339, 33.7090674255226], 
            [-84.3914252020877, 33.7091934259621], 
            [-84.3914372017491, 33.709268425839], 
            [-84.3914332015672, 33.709338425485], 
            [-84.3914132015423, 33.7094094260771], 
            [-84.3913802018135, 33.7094834259094], 
            [-84.3913002017041, 33.7095904254737], 
            [-84.3911832016745, 33.7096594259769], 
            [-84.3911042016071, 33.7096844262386], 
            [-84.3910352020032, 33.7096974259441], 
            [-84.3909782011571, 33.7097024261779], 
            [-84.3908862013848, 33.7097064254673], 
            [-84.3908192018731, 33.7097074255162], 
            [-84.3907152015432, 33.7096994260487], 
            [-84.3908822012004, 33.70973042568], 
            [-84.3910442015259, 33.7097794261456], 
            [-84.3910712018851, 33.7098844256132], 
            [-84.3910642015626, 33.7099294258997], 
            [-84.3910582012868, 33.7099794255184], 
            [-84.3910512018641, 33.7100324261754], 
            [-84.391043201496, 33.7100904261649], 
            [-84.3910292017488, 33.7101494262009], 
            [-84.3910102017695, 33.7102074261907], 
            [-84.3909822013724, 33.710262426042], 
            [-84.3908992020227, 33.7103594260424], 
            [-84.390846201364, 33.7104004261452], 
            [-84.390789201419, 33.7104384261091], 
            [-84.3907322014738, 33.7104734259342], 
            [-84.3906852019913, 33.7104844255462], 
            [-84.3906332013788, 33.7105194262703], 
            [-84.3905602015918, 33.7105794263548], 
            [-84.3905212015829, 33.7106204264572], 
            [-84.3904842016671, 33.710667425938], 
            [-84.3904162012155, 33.7107784256872], 
            [-84.3903862016252, 33.7108394258164], 
            [-84.3903602013215, 33.7109044261309], 
            [-84.3903262015497, 33.7110424262303], 
            [-84.3903172011356, 33.7111104257838], 
            [-84.3903072015743, 33.7111734260049], 
            [-84.3902982011596, 33.7112284258554], 
            [-84.3902732018032, 33.7113244258074], 
            [-84.3902352018423, 33.7113954264002], 
            [-84.3902012011661, 33.7114394266413], 
            [-84.390142201128, 33.7114724263737], 
            [-84.3901892015114, 33.7114924263992], 
            [-84.390443201614, 33.7116264263027], 
            [-84.3906882012986, 33.7117564260212], 
            [-84.3907512015256, 33.7117844264169], 
            [-84.3910072017199, 33.7118984262929], 
            [-84.3911152013374, 33.7119314260192], 
            [-84.3913212019067, 33.7119944262324], 
            [-84.3915512017906, 33.7120484260277], 
            [-84.3917132021147, 33.7120704261416], 
            [-84.3923922021475, 33.7120854259121], 
            [-84.3934962021171, 33.7121044258521], 
            [-84.3934822024323, 33.7133384263659], 
            [-84.3934732029564, 33.7141394266039], 
            [-84.3934532030172, 33.715828426614], 
            [-84.3934332030544, 33.7170714275449], 
            [-84.3934122030504, 33.7184144277129], 
            [-84.3934112030091, 33.718510427664], 
            [-84.3934032026887, 33.7194694280274], 
            [-84.393262202443, 33.7195084280408], 
            [-84.3928972025987, 33.71962242794], 
            [-84.392249202218, 33.7198384280787], 
            [-84.3912412022267, 33.7201994277537], 
            [-84.3907182022495, 33.7203964279068], 
            [-84.3904152016863, 33.7205364281089], 
            [-84.390150201985, 33.7206344281623], 
            [-84.3888512019937, 33.721256428249], 
            [-84.3883052018507, 33.7214914283648], 
            [-84.3880802013082, 33.7216034281661], 
            [-84.3880662015702, 33.7218354281232], 
            [-84.384822200275, 33.720929428537], 
            [-84.3833351995966, 33.7204764282892], 
            [-84.3830531999944, 33.7203614283677], 
            [-84.3828992000395, 33.7202984281527], 
            [-84.3824821995627, 33.7200724284895], 
            [-84.3824301998459, 33.7200384287149], 
            [-84.3822221991797, 33.7198984285317], 
            [-84.3817811993826, 33.7195724278338], 
            [-84.3816521996854, 33.7194534286206], 
            [-84.3814801997889, 33.7192864280845], 
            [-84.3809301994149, 33.7186674282053], 
            [-84.3801931993424, 33.7177814276542], 
            [-84.3798841984718, 33.7173744276953], 
            [-84.3806061987071, 33.7174964279248], 
            [-84.3806081987965, 33.7174314276113], 
            [-84.3805921989507, 33.7173814279934], 
            [-84.3798731987903, 33.7160474273704], 
            [-84.3793991983189, 33.714922427428], 
            [-84.379121198865, 33.7141024272197], 
            [-84.3808311990595, 33.7138004266547], 
            [-84.3806991992028, 33.7132974267382], 
            [-84.380425199023, 33.7122474266658], 
            [-84.3803471989844, 33.7119394267884], 
            [-84.3801191982484, 33.7110254267198]
          ]
        ]
      }, 
      "properties" : null
    }, 
    {
      "type" : "Feature", 
      "geometry" : 
      {
        "type" : "Polygon", 
        "coordinates" : 
        [
          [
            [-84.3798951985984, 33.7101304266321], 
            [-84.3801191982484, 33.7110254267198], 
            [-84.3803471989844, 33.7119394267884], 
            [-84.380425199023, 33.7122474266658], 
            [-84.3806991992028, 33.7132974267382], 
            [-84.3808311990595, 33.7138004266547], 
            [-84.379121198865, 33.7141024272197], 
            [-84.3793991983189, 33.714922427428], 
            [-84.3798731987903, 33.7160474273704], 
            [-84.3805921989507, 33.7173814279934], 
            [-84.3806081987965, 33.7174314276113], 
            [-84.3806061987071, 33.7174964279248], 
            [-84.3798841984718, 33.7173744276953], 
            [-84.3794621986449, 33.7168174279858], 
            [-84.3792121987189, 33.7165124273544], 
            [-84.3790721985081, 33.7163324280134], 
            [-84.3786321987437, 33.7157474279067], 
            [-84.3785431982035, 33.7156064276728], 
            [-84.3783981986561, 33.7153524276016], 
            [-84.3781281977914, 33.714848427644], 
            [-84.3776931982434, 33.7139674273133], 
            [-84.3772321974845, 33.7130034267355], 
            [-84.3771431978415, 33.7128224273464], 
            [-84.3768251974398, 33.7121734269679], 
            [-84.3766111973812, 33.7117844269402], 
            [-84.3764301970648, 33.7115724270175], 
            [-84.3762261974782, 33.7113334267442], 
            [-84.3758511971457, 33.7109894270085], 
            [-84.3753701972896, 33.7106364268599], 
            [-84.3750361970685, 33.7104344265069], 
            [-84.374537197284, 33.710222426596], 
            [-84.3737851965483, 33.7099564268907], 
            [-84.3719571962236, 33.7093074265681], 
            [-84.3717581959788, 33.7092394261231], 
            [-84.371434196226, 33.7091184268244], 
            [-84.3710001958642, 33.708976426557], 
            [-84.3701781954739, 33.7086434264481], 
            [-84.3699901957385, 33.708554425929], 
            [-84.3694681948781, 33.7081794265612], 
            [-84.3693301956643, 33.7080924261329], 
            [-84.3689311951197, 33.707793425785], 
            [-84.3686501946561, 33.7075184265446], 
            [-84.3686301946269, 33.707511426221], 
            [-84.3682281948352, 33.7070764258677], 
            [-84.3680361949049, 33.7068114261879], 
            [-84.3678531944919, 33.7065294257203], 
            [-84.3676601945097, 33.7061634258579], 
            [-84.3672851941526, 33.7053564253561], 
            [-84.3669191942215, 33.7047074258787], 
            [-84.3690851948406, 33.7034364253698], 
            [-84.3684581944749, 33.7025164250379], 
            [-84.3681501945205, 33.7015524253537], 
            [-84.3681071942443, 33.7000494249698], 
            [-84.3681071942372, 33.6999164242039], 
            [-84.3676101945583, 33.6999444246202], 
            [-84.3686391945254, 33.6977054242723], 
            [-84.3706311952327, 33.6977284243649], 
            [-84.3715281955423, 33.6987494239701], 
            [-84.372396195402, 33.699704424116], 
            [-84.3733971959878, 33.6997174246812], 
            [-84.3735971962743, 33.6996974246466], 
            [-84.373935195767, 33.6996224238573], 
            [-84.374089196617, 33.6996034238707], 
            [-84.3751571967142, 33.6996114242018], 
            [-84.375239196929, 33.6997424239727], 
            [-84.3756291970316, 33.6995814245931], 
            [-84.3759421971561, 33.6993764240772], 
            [-84.3760651965658, 33.6993254244078], 
            [-84.3760911968725, 33.6993154239436], 
            [-84.3764451971093, 33.6992694244973], 
            [-84.3769691971428, 33.699260424061], 
            [-84.3773041973983, 33.6992344237433], 
            [-84.3775001974984, 33.6991984238668], 
            [-84.3775391975091, 33.6991924244867], 
            [-84.3777711974794, 33.6991234239794], 
            [-84.3780551971619, 33.6990024237589], 
            [-84.3781291969987, 33.6990074239879], 
            [-84.3781951973658, 33.6990524242716], 
            [-84.3781221975044, 33.6977074240143], 
            [-84.3781221974643, 33.6969484239238], 
            [-84.3790471972209, 33.6969564233608], 
            [-84.3803611979417, 33.6969654237292], 
            [-84.382356198788, 33.6969874237754], 
            [-84.3825251985365, 33.6969894229624], 
            [-84.3829741986875, 33.6969894229458], 
            [-84.3847761995699, 33.6969884237322], 
            [-84.3848571988315, 33.6969804233585], 
            [-84.3849681994835, 33.6969384232072], 
            [-84.3850511988348, 33.6968694236047], 
            [-84.3851371992214, 33.6967394229747], 
            [-84.3883301999031, 33.6967874232817], 
            [-84.3893592008889, 33.6968034230856], 
            [-84.3893912005827, 33.6969464234143], 
            [-84.3894912007381, 33.6971664228112], 
            [-84.3896092008267, 33.697332423303], 
            [-84.3898752005938, 33.6976004231189], 
            [-84.3906962009639, 33.6984294237242], 
            [-84.3907342009306, 33.6984674236847], 
            [-84.3910282010983, 33.6987464231099], 
            [-84.3913152009371, 33.6989474234182], 
            [-84.3913372010594, 33.6989624232131], 
            [-84.3916132012839, 33.6991044234864], 
            [-84.3921012014566, 33.699304423741], 
            [-84.3923882012725, 33.6990744238665], 
            [-84.3927742011817, 33.6987654230262], 
            [-84.3929882012105, 33.6985944231899], 
            [-84.3931082013779, 33.6984964231418], 
            [-84.3935602016484, 33.6981244229775], 
            [-84.3935452018529, 33.6981484231907], 
            [-84.3935322021502, 33.6981714233575], 
            [-84.3935212016417, 33.6982074232271], 
            [-84.3935182015047, 33.6982484233281], 
            [-84.3935212016457, 33.6982824231045], 
            [-84.3935332013052, 33.698320423066], 
            [-84.3935492020492, 33.6983504235559], 
            [-84.3935732013658, 33.6983794230999], 
            [-84.3936072020456, 33.6984064234502], 
            [-84.3936342015005, 33.6984174230595], 
            [-84.3937092013848, 33.698440423223], 
            [-84.3937832021214, 33.6984544229696], 
            [-84.3938182019473, 33.6984614232926], 
            [-84.3950582019249, 33.6983344236581], 
            [-84.3956582027846, 33.6982774227938], 
            [-84.3958612023108, 33.698253423473], 
            [-84.396111202219, 33.6982234229732], 
            [-84.3966352022502, 33.6981704231963], 
            [-84.3971122028005, 33.698159422669], 
            [-84.3990092035943, 33.6981514231276], 
            [-84.3995402030529, 33.698135423266], 
            [-84.4005262038384, 33.6980844226653], 
            [-84.4010522039626, 33.6980354230737], 
            [-84.4013182037139, 33.6980044225269], 
            [-84.4013692042815, 33.6979964230538], 
            [-84.4016502038287, 33.6979514227572], 
            [-84.4020122044355, 33.697881423098], 
            [-84.4023952042171, 33.6977934226041], 
            [-84.4027572039228, 33.697692422408], 
            [-84.4037142042498, 33.6974124228902], 
            [-84.4039672042953, 33.697346422521], 
            [-84.404337204371, 33.6972214230115], 
            [-84.4046562047798, 33.6971264221956], 
            [-84.4049532050677, 33.6970484221682], 
            [-84.4046632051849, 33.6986444232757], 
            [-84.4045762047656, 33.6990324232683], 
            [-84.4043042047291, 33.6989344232347], 
            [-84.4042962052634, 33.6990514232597], 
            [-84.4041462046341, 33.6997324233393], 
            [-84.4039742048013, 33.7007654235399], 
            [-84.4038352047332, 33.7024044239361], 
            [-84.4038422050698, 33.7026264234291], 
            [-84.4038562048434, 33.7030654239822], 
            [-84.4038522046595, 33.7030974236662], 
            [-84.4038322046514, 33.7034874237489], 
            [-84.4037852051922, 33.7039374239145], 
            [-84.4037702054031, 33.7040824243376], 
            [-84.4037302053609, 33.7043714242385], 
            [-84.4036842050425, 33.7047014242404], 
            [-84.403542204777, 33.7052414240825], 
            [-84.4031922047229, 33.7052314245315], 
            [-84.4013622043387, 33.7052094244794], 
            [-84.3995072036937, 33.7051864243817], 
            [-84.399248203366, 33.7051824242061], 
            [-84.3988732039508, 33.7051784249339], 
            [-84.3976322030225, 33.7052124247564], 
            [-84.3960192028159, 33.7051974250205], 
            [-84.3951002024263, 33.7049634250052], 
            [-84.3948762028216, 33.704923424959], 
            [-84.3947712024456, 33.7049214248702], 
            [-84.3946412027091, 33.7049334245317], 
            [-84.3943422023285, 33.7050164247908], 
            [-84.39403720257, 33.7051214242708], 
            [-84.3938792024378, 33.7052184251733], 
            [-84.3937902019091, 33.7052924250076], 
            [-84.3937422023818, 33.705332425064], 
            [-84.3936042022825, 33.7055054249902], 
            [-84.3935502024836, 33.705674424728], 
            [-84.3935352018009, 33.7059264247124], 
            [-84.3935212021817, 33.7084014251644], 
            [-84.3935192021078, 33.7087594255627], 
            [-84.3935102026403, 33.7097174258799], 
            [-84.3935092026002, 33.7098364259971], 
            [-84.393507202521, 33.7100944253597], 
            [-84.393498202155, 33.7110664263255], 
            [-84.3935002022819, 33.7117114265303], 
            [-84.3934962021171, 33.7121044258521], 
            [-84.3923922021475, 33.7120854259121], 
            [-84.3917132021147, 33.7120704261416], 
            [-84.3915512017906, 33.7120484260277], 
            [-84.3913212019067, 33.7119944262324], 
            [-84.3911152013374, 33.7119314260192], 
            [-84.3910072017199, 33.7118984262929], 
            [-84.3907512015256, 33.7117844264169], 
            [-84.3906882012986, 33.7117564260212], 
            [-84.390443201614, 33.7116264263027], 
            [-84.3901892015114, 33.7114924263992], 
            [-84.390142201128, 33.7114724263737], 
            [-84.3902012011661, 33.7114394266413], 
            [-84.3902352018423, 33.7113954264002], 
            [-84.3902732018032, 33.7113244258074], 
            [-84.3902982011596, 33.7112284258554], 
            [-84.3903072015743, 33.7111734260049], 
            [-84.3903172011356, 33.7111104257838], 
            [-84.3903262015497, 33.7110424262303], 
            [-84.3903602013215, 33.7109044261309], 
            [-84.3903862016252, 33.7108394258164], 
            [-84.3904162012155, 33.7107784256872], 
            [-84.3904842016671, 33.710667425938], 
            [-84.3905212015829, 33.7106204264572], 
            [-84.3905602015918, 33.7105794263548], 
            [-84.3906332013788, 33.7105194262703], 
            [-84.3906852019913, 33.7104844255462], 
            [-84.3907322014738, 33.7104734259342], 
            [-84.390789201419, 33.7104384261091], 
            [-84.390846201364, 33.7104004261452], 
            [-84.3908992020227, 33.7103594260424], 
            [-84.3909822013724, 33.710262426042], 
            [-84.3910102017695, 33.7102074261907], 
            [-84.3910292017488, 33.7101494262009], 
            [-84.391043201496, 33.7100904261649], 
            [-84.3910512018641, 33.7100324261754], 
            [-84.3910582012868, 33.7099794255184], 
            [-84.3910642015626, 33.7099294258997], 
            [-84.3910712018851, 33.7098844256132], 
            [-84.3910442015259, 33.7097794261456], 
            [-84.3908822012004, 33.70973042568], 
            [-84.3907152015432, 33.7096994260487], 
            [-84.3908192018731, 33.7097074255162], 
            [-84.3908862013848, 33.7097064254673], 
            [-84.3909782011571, 33.7097024261779], 
            [-84.3910352020032, 33.7096974259441], 
            [-84.3911042016071, 33.7096844262386], 
            [-84.3911832016745, 33.7096594259769], 
            [-84.3913002017041, 33.7095904254737], 
            [-84.3913802018135, 33.7094834259094], 
            [-84.3914132015423, 33.7094094260771], 
            [-84.3914332015672, 33.709338425485], 
            [-84.3914372017491, 33.709268425839], 
            [-84.3914252020877, 33.7091934259621], 
            [-84.3913682021339, 33.7090674255226], 
            [-84.3912892020625, 33.7090134257217], 
            [-84.3911822015935, 33.709008425494], 
            [-84.3900582015997, 33.7090754259417], 
            [-84.3897562010755, 33.7090764259992], 
            [-84.3894562015421, 33.7090504257051], 
            [-84.3890922008359, 33.708994425822], 
            [-84.3890562009659, 33.7090314257389], 
            [-84.389026201375, 33.7090784261189], 
            [-84.3890002010701, 33.7091224254604], 
            [-84.3889622011135, 33.7092744262086], 
            [-84.3889162007763, 33.7092504259977], 
            [-84.3888372007066, 33.7092314260197], 
            [-84.3887812008057, 33.7092264257901], 
            [-84.3886812006618, 33.7092244257012], 
            [-84.3886252007612, 33.7092264257959], 
            [-84.388533200989, 33.709231426031], 
            [-84.3884652005314, 33.7092304259872], 
            [-84.3883902006478, 33.7092194254803], 
            [-84.3883072003929, 33.7092064257804], 
            [-84.3883022010799, 33.7095794259744], 
            [-84.3882932006931, 33.7101614259588], 
            [-84.3882912006084, 33.71031242576], 
            [-84.3882782009486, 33.7111464266278], 
            [-84.3872202004163, 33.711140426389], 
            [-84.3871532009045, 33.7111404263914], 
            [-84.3860682000187, 33.7111384263389], 
            [-84.385216200053, 33.7111444266484], 
            [-84.3845661995745, 33.7112684261221], 
            [-84.3844561998458, 33.7108874264611], 
            [-84.3844481994505, 33.7104314260195], 
            [-84.3844812000753, 33.7102954260128], 
            [-84.3846131998932, 33.7100664261903], 
            [-84.3848492000371, 33.7097734260969], 
            [-84.3848631997844, 33.7097154261072], 
            [-84.3848791996119, 33.7094204259293], 
            [-84.3848821997079, 33.7086044258958], 
            [-84.3834671996962, 33.7085934254386], 
            [-84.3828241995357, 33.70858842613], 
            [-84.3810391985421, 33.7085744255475], 
            [-84.3809281987889, 33.7086054260885], 
            [-84.3813111986232, 33.709512425827], 
            [-84.3798951985984, 33.7101304266321]
          ]
        ]
      }, 
      "properties" : null
    }, 
    {
      "type" : "Feature", 
      "geometry" : 
      {
        "type" : "Polygon", 
        "coordinates" : 
        [
          [
            [-84.40534920795, 33.7440344325195], 
            [-84.4055022078518, 33.7439704322467], 
            [-84.4055952076683, 33.7439234327637], 
            [-84.4056452072889, 33.743892432225], 
            [-84.4057332077709, 33.743813432159], 
            [-84.4061442079392, 33.7434744326259], 
            [-84.406395207883, 33.7432394325211], 
            [-84.4065492078262, 33.7430824324362], 
            [-84.4067222077504, 33.7428974319528], 
            [-84.4068622079419, 33.74271243237], 
            [-84.4069642081694, 33.7425414325377], 
            [-84.4070542078411, 33.7423894317876], 
            [-84.4071162080119, 33.7422344317988], 
            [-84.4071692077647, 33.7420714323391], 
            [-84.4072082077674, 33.7419124321659], 
            [-84.4072462077157, 33.7416044322842], 
            [-84.4072302078603, 33.7413744324209], 
            [-84.4072092077745, 33.7411744321491], 
            [-84.407174207937, 33.7409474315261], 
            [-84.406988208272, 33.7404384322331], 
            [-84.4067272078214, 33.7398674318691], 
            [-84.4065022072471, 33.7393784317055], 
            [-84.4063062080259, 33.7390294317315], 
            [-84.4061522071649, 33.738840431075], 
            [-84.4060152070939, 33.7386724313906], 
            [-84.4057732075417, 33.7384154311842], 
            [-84.4055642077256, 33.7382244313362], 
            [-84.4055092069697, 33.7381794310521], 
            [-84.4048532070772, 33.7376454315175], 
            [-84.4045552067263, 33.7374124315257], 
            [-84.4037672069994, 33.7367974309414], 
            [-84.4032782067707, 33.7364154312482], 
            [-84.4032362066183, 33.7363774312879], 
            [-84.4028422063056, 33.7360754308008], 
            [-84.4023512059817, 33.7356514309605], 
            [-84.4023252065724, 33.7356254306562], 
            [-84.4019222058368, 33.7352244309788], 
            [-84.401755206171, 33.7350324310831], 
            [-84.4016592062071, 33.7349234305333], 
            [-84.4012922062417, 33.73450443092], 
            [-84.4004892058028, 33.7335884307802], 
            [-84.398559205159, 33.7313854304116], 
            [-84.3974462047025, 33.7300634303594], 
            [-84.3964892043031, 33.7289784295901], 
            [-84.3962132040716, 33.728705429543], 
            [-84.3951892041621, 33.7276524293595], 
            [-84.3946712034816, 33.7271704295309], 
            [-84.3944012035299, 33.7269224297425], 
            [-84.3944082038366, 33.7265814292323], 
            [-84.3942792032422, 33.7265024291744], 
            [-84.3938622036603, 33.7261904291243], 
            [-84.3938222036008, 33.7261534292102], 
            [-84.3935512036024, 33.7259014292364], 
            [-84.393232203173, 33.7256054290245], 
            [-84.3932512031477, 33.725461429547], 
            [-84.393338202569, 33.7232134288173], 
            [-84.3933792026217, 33.7222474281284], 
            [-84.3933692030491, 33.7220984284202], 
            [-84.3933582025309, 33.7219534279981], 
            [-84.3933862028364, 33.720172428222], 
            [-84.3933982024922, 33.720139427592], 
            [-84.3934032026887, 33.7194694280274], 
            [-84.3935072030166, 33.7194404275793], 
            [-84.3937262032845, 33.7194034276557], 
            [-84.3939552031168, 33.719358427361], 
            [-84.394164202922, 33.7193454276503], 
            [-84.3947692031167, 33.7193314278786], 
            [-84.3950182029809, 33.7193454276187], 
            [-84.395155203043, 33.7193464276599], 
            [-84.3959922032193, 33.7194774274029], 
            [-84.3963862035217, 33.7195854278952], 
            [-84.3964922039455, 33.7196144274362], 
            [-84.3967852040562, 33.7196944275344], 
            [-84.397043204341, 33.7197654281163], 
            [-84.3979712042479, 33.7199794281038], 
            [-84.3983922040029, 33.7200564280583], 
            [-84.3987892044416, 33.7201064276622], 
            [-84.3998102050582, 33.7201614274745], 
            [-84.4008242053488, 33.7201934280202], 
            [-84.4019132055232, 33.7202404274593], 
            [-84.4028162051594, 33.7202694278701], 
            [-84.4041922060607, 33.7203064277347], 
            [-84.4050322063707, 33.7203344272021], 
            [-84.406041206429, 33.7203614275163], 
            [-84.4062652069312, 33.720367427786], 
            [-84.407161207142, 33.7203974273441], 
            [-84.4078622072978, 33.7204394274653], 
            [-84.4084662074509, 33.7205154273667], 
            [-84.4088012077109, 33.7205744273897], 
            [-84.4092962073052, 33.7207024279056], 
            [-84.4093202075198, 33.7207064271907], 
            [-84.4095192077667, 33.7208144276903], 
            [-84.4102632081351, 33.7211554272732], 
            [-84.4106742083318, 33.721350427299], 
            [-84.410888208376, 33.7214704274547], 
            [-84.4110392081933, 33.7215624272148], 
            [-84.411167207843, 33.7216614273001], 
            [-84.4112552083338, 33.7217464276375], 
            [-84.4113272080818, 33.7218264277439], 
            [-84.4115562079334, 33.722144428079], 
            [-84.4117212084076, 33.7223744279368], 
            [-84.4123632085863, 33.7235994280092], 
            [-84.4124272088642, 33.7237124278461], 
            [-84.4129002083749, 33.7245524280744], 
            [-84.4134212092144, 33.7254084281428], 
            [-84.4135112089, 33.7255194287854], 
            [-84.4135562091925, 33.7255744286339], 
            [-84.4136022086321, 33.7256304285287], 
            [-84.4136912091706, 33.7257404282257], 
            [-84.4140872095802, 33.7261194286827], 
            [-84.4143312092246, 33.7263634282868], 
            [-84.414479208905, 33.7264994282869], 
            [-84.4147342090577, 33.7267034287354], 
            [-84.4151192098487, 33.7269414289556], 
            [-84.4151832092234, 33.7269814290078], 
            [-84.4160562101898, 33.7274694291011], 
            [-84.4165242103364, 33.7277194289749], 
            [-84.416550209745, 33.7277334287232], 
            [-84.4166152100653, 33.7277714286827], 
            [-84.4166742101069, 33.727805428457], 
            [-84.4168202096925, 33.7279014284027], 
            [-84.4159452096155, 33.7289764287764], 
            [-84.4148792096846, 33.7303494294735], 
            [-84.4144632092998, 33.7309814290915], 
            [-84.414380209054, 33.7311404292664], 
            [-84.414106209848, 33.7314954295356], 
            [-84.4139092097133, 33.7317524297584], 
            [-84.4136612090141, 33.7320744293971], 
            [-84.4135482091798, 33.7323274294315], 
            [-84.4133882089666, 33.7326444297346], 
            [-84.413238209219, 33.7329914296287], 
            [-84.4132192092393, 33.7330424301936], 
            [-84.4131172090175, 33.7333204304864], 
            [-84.4130122095597, 33.7336714305641], 
            [-84.4129402089336, 33.7339934301963], 
            [-84.4129382088414, 33.7340044298067], 
            [-84.4128872091903, 33.7343344307081], 
            [-84.412847209157, 33.734790430252], 
            [-84.4128472091841, 33.7352994304513], 
            [-84.4128472092769, 33.7370474304959], 
            [-84.4128482093865, 33.7382364307227], 
            [-84.4127872092784, 33.7387004315374], 
            [-84.4127202097847, 33.7390394310577], 
            [-84.4126122092907, 33.7394344313754], 
            [-84.4125082089765, 33.7397214311859], 
            [-84.4124752092486, 33.7398124318058], 
            [-84.4123092096591, 33.7401824318667], 
            [-84.4121042091597, 33.7405614314467], 
            [-84.4118362093362, 33.7409814320291], 
            [-84.4117102088944, 33.7411534319085], 
            [-84.4116832094418, 33.7411844315471], 
            [-84.4115152088502, 33.7413674319377], 
            [-84.4112182094716, 33.7416344317281], 
            [-84.4111492089708, 33.7416924317198], 
            [-84.4108322086644, 33.7419664318353], 
            [-84.410542208709, 33.7421904323313], 
            [-84.4102002090388, 33.7424204322078], 
            [-84.4098402085323, 33.7426294320114], 
            [-84.4094892084417, 33.7428054320845], 
            [-84.4091462087207, 33.7429534326587], 
            [-84.4088352086844, 33.7430694326485], 
            [-84.4082872084455, 33.7432484319686], 
            [-84.4075492083863, 33.7434874322768], 
            [-84.4055842080678, 33.7441234330367], 
            [-84.4054472080085, 33.744175432753], 
            [-84.40529920744, 33.7442524327286], 
            [-84.4051692077075, 33.7443424324064], 
            [-84.404737207467, 33.7447354326434], 
            [-84.4046272077517, 33.7446094331052], 
            [-84.4045342070263, 33.7444754331958], 
            [-84.4044652074153, 33.7443534329422], 
            [-84.40534920795, 33.7440344325195]
          ]
        ]
      }, 
      "properties" : null
    }, 
    {
      "type" : "Feature", 
      "geometry" : 
      {
        "type" : "Polygon", 
        "coordinates" : 
        [
          [
            [-84.4038252073309, 33.7431604325537], 
            [-84.4037652072357, 33.7429914328201], 
            [-84.4036412068677, 33.7428064323478], 
            [-84.4024602069509, 33.7433274322474], 
            [-84.4024002068661, 33.7433544326012], 
            [-84.4012242062846, 33.7439244329722], 
            [-84.4001332060479, 33.7444534332391], 
            [-84.3994052055562, 33.7447454333044], 
            [-84.3989502060343, 33.7448994332615], 
            [-84.3987122057852, 33.7449594333521], 
            [-84.3984472060822, 33.7450254328223], 
            [-84.3980762059591, 33.7451344333894], 
            [-84.3966792049961, 33.7453504335558], 
            [-84.3963432046942, 33.7453774330205], 
            [-84.3955712048489, 33.7454844335097], 
            [-84.3950442046777, 33.7455224334911], 
            [-84.3949812044525, 33.7455264336788], 
            [-84.3944602045599, 33.7455704330387], 
            [-84.394462204644, 33.7454054334881], 
            [-84.394470204113, 33.745351433684], 
            [-84.3941662043965, 33.7453724337689], 
            [-84.3941442042747, 33.7453684335844], 
            [-84.393827203954, 33.7453734329285], 
            [-84.3936762041418, 33.745376433073], 
            [-84.3935292045144, 33.7453664335146], 
            [-84.3933432039769, 33.7453614332897], 
            [-84.3931402044493, 33.7453584331583], 
            [-84.3923452035285, 33.7453134338009], 
            [-84.3921582038433, 33.7452964330203], 
            [-84.3916922038008, 33.7452594331221], 
            [-84.3914722034834, 33.7452404331492], 
            [-84.3908942036365, 33.7451464333124], 
            [-84.3902502034253, 33.7450594338022], 
            [-84.3900442028561, 33.7449984336817], 
            [-84.3898252034817, 33.7449254330057], 
            [-84.3900032027407, 33.7447824335687], 
            [-84.3901632029638, 33.7446524329358], 
            [-84.3902982029274, 33.7445444333232], 
            [-84.3905242035081, 33.7442794336281], 
            [-84.3907922033336, 33.7438984330537], 
            [-84.3909302034316, 33.7437004328686], 
            [-84.3911932030154, 33.7431364328095], 
            [-84.3912072036626, 33.7430904333758], 
            [-84.3913692030591, 33.7425814331705], 
            [-84.391394203311, 33.7424124325346], 
            [-84.3914312032163, 33.7421674328737], 
            [-84.3914652038828, 33.7419444324335], 
            [-84.3915502032991, 33.7413524328824], 
            [-84.3916082032599, 33.7407374322667], 
            [-84.3916802038628, 33.7399804322662], 
            [-84.391806203363, 33.7390104322883], 
            [-84.3918622031779, 33.7373964321543], 
            [-84.3918652032875, 33.7368394315298], 
            [-84.3918862032815, 33.7353094316916], 
            [-84.3919002029801, 33.734335430633], 
            [-84.391924203102, 33.7325944309117], 
            [-84.3920242032044, 33.7318134306976], 
            [-84.3920662033407, 33.7315504302027], 
            [-84.3920952028781, 33.7313674307165], 
            [-84.3921962030446, 33.7309214307343], 
            [-84.3922812033699, 33.7305124297689], 
            [-84.3924232027434, 33.7301094299787], 
            [-84.3925572035465, 33.7297494303822], 
            [-84.3927102034693, 33.7300824305158], 
            [-84.3927532027581, 33.7299184301107], 
            [-84.3935312036886, 33.7280674297618], 
            [-84.3936332030112, 33.7277904295154], 
            [-84.3937262037097, 33.7274174293181], 
            [-84.3937602034577, 33.7268314291475], 
            [-84.393802203584, 33.7263794288895], 
            [-84.3938222036008, 33.7261534292102], 
            [-84.3938622036603, 33.7261904291243], 
            [-84.3942792032422, 33.7265024291744], 
            [-84.3944082038366, 33.7265814292323], 
            [-84.3944012035299, 33.7269224297425], 
            [-84.3946712034816, 33.7271704295309], 
            [-84.3951892041621, 33.7276524293595], 
            [-84.3962132040716, 33.728705429543], 
            [-84.3964892043031, 33.7289784295901], 
            [-84.3974462047025, 33.7300634303594], 
            [-84.398559205159, 33.7313854304116], 
            [-84.4004892058028, 33.7335884307802], 
            [-84.4012922062417, 33.73450443092], 
            [-84.4016592062071, 33.7349234305333], 
            [-84.401755206171, 33.7350324310831], 
            [-84.4019222058368, 33.7352244309788], 
            [-84.4023252065724, 33.7356254306562], 
            [-84.4023512059817, 33.7356514309605], 
            [-84.4028422063056, 33.7360754308008], 
            [-84.4032362066183, 33.7363774312879], 
            [-84.4032782067707, 33.7364154312482], 
            [-84.4037672069994, 33.7367974309414], 
            [-84.4045552067263, 33.7374124315257], 
            [-84.4048532070772, 33.7376454315175], 
            [-84.4055092069697, 33.7381794310521], 
            [-84.4055642077256, 33.7382244313362], 
            [-84.4057732075417, 33.7384154311842], 
            [-84.4060152070939, 33.7386724313906], 
            [-84.4061522071649, 33.738840431075], 
            [-84.4063062080259, 33.7390294317315], 
            [-84.4065022072471, 33.7393784317055], 
            [-84.4067272078214, 33.7398674318691], 
            [-84.406988208272, 33.7404384322331], 
            [-84.407174207937, 33.7409474315261], 
            [-84.4072092077745, 33.7411744321491], 
            [-84.4072302078603, 33.7413744324209], 
            [-84.4072462077157, 33.7416044322842], 
            [-84.4072082077674, 33.7419124321659], 
            [-84.4071692077647, 33.7420714323391], 
            [-84.4071162080119, 33.7422344317988], 
            [-84.4070542078411, 33.7423894317876], 
            [-84.4069642081694, 33.7425414325377], 
            [-84.4068622079419, 33.74271243237], 
            [-84.4067222077504, 33.7428974319528], 
            [-84.4065492078262, 33.7430824324362], 
            [-84.406395207883, 33.7432394325211], 
            [-84.4061442079392, 33.7434744326259], 
            [-84.4057332077709, 33.743813432159], 
            [-84.4056452072889, 33.743892432225], 
            [-84.4055952076683, 33.7439234327637], 
            [-84.4055022078518, 33.7439704322467], 
            [-84.40534920795, 33.7440344325195], 
            [-84.4044652074153, 33.7443534329422], 
            [-84.4044232072611, 33.7442794331126], 
            [-84.4040152071755, 33.7435554328603], 
            [-84.4038752069609, 33.7433064321214], 
            [-84.4038252073309, 33.7431604325537]
          ]
        ]
      }, 
      "properties" : null
    }, 
    {
      "type" : "Feature", 
      "geometry" : 
      {
        "type" : "Polygon", 
        "coordinates" : 
        [
          [
            [-84.3933982024922, 33.720139427592], 
            [-84.3933862028364, 33.720172428222], 
            [-84.3933582025309, 33.7219534279981], 
            [-84.3933692030491, 33.7220984284202], 
            [-84.3933792026217, 33.7222474281284], 
            [-84.393338202569, 33.7232134288173], 
            [-84.3932512031477, 33.725461429547], 
            [-84.393232203173, 33.7256054290245], 
            [-84.3935512036024, 33.7259014292364], 
            [-84.3938222036008, 33.7261534292102], 
            [-84.393802203584, 33.7263794288895], 
            [-84.3937602034577, 33.7268314291475], 
            [-84.3937262037097, 33.7274174293181], 
            [-84.3936332030112, 33.7277904295154], 
            [-84.3935312036886, 33.7280674297618], 
            [-84.3927532027581, 33.7299184301107], 
            [-84.3927102034693, 33.7300824305158], 
            [-84.3925572035465, 33.7297494303822], 
            [-84.3924232027434, 33.7301094299787], 
            [-84.3922812033699, 33.7305124297689], 
            [-84.3921962030446, 33.7309214307343], 
            [-84.3920952028781, 33.7313674307165], 
            [-84.3920662033407, 33.7315504302027], 
            [-84.3920242032044, 33.7318134306976], 
            [-84.3917192034392, 33.7317934306817], 
            [-84.3912992028347, 33.7317814301414], 
            [-84.3912982027883, 33.7317814301414], 
            [-84.3910852027978, 33.7318014301765], 
            [-84.3909222024281, 33.7317934307113], 
            [-84.3894392019587, 33.7317804301639], 
            [-84.3879372015063, 33.7317544308136], 
            [-84.3863472014656, 33.7317034303084], 
            [-84.3843612010354, 33.7316554308561], 
            [-84.3832312007581, 33.7316284305464], 
            [-84.3809862000002, 33.7315744308258], 
            [-84.3799291995131, 33.7315484305597], 
            [-84.3785061991289, 33.7315144308359], 
            [-84.37851619953, 33.7303294307938], 
            [-84.3785271990766, 33.7291124301685], 
            [-84.3785341993651, 33.7284274299088], 
            [-84.3785471990154, 33.7274164298341], 
            [-84.3785581985795, 33.7265304301546], 
            [-84.3785891989998, 33.7242874296586], 
            [-84.3789211991173, 33.7242854295537], 
            [-84.3797701989444, 33.7242894297075], 
            [-84.3809501997421, 33.7242944289962], 
            [-84.3815171999715, 33.7242694296156], 
            [-84.3820181998351, 33.7242244293109], 
            [-84.3821441993858, 33.7242054293253], 
            [-84.3822641995578, 33.7241934296642], 
            [-84.3824671999824, 33.7241534296021], 
            [-84.3826991999534, 33.7240984288441], 
            [-84.3829511999525, 33.724031429328], 
            [-84.3835832004915, 33.7238434286885], 
            [-84.3836512000486, 33.7238234286587], 
            [-84.3837872000617, 33.7237744290815], 
            [-84.3850572005093, 33.7232154292167], 
            [-84.3868692009081, 33.7223044283123], 
            [-84.3878062011984, 33.721874428141], 
            [-84.387920201091, 33.7218454285919], 
            [-84.3880662015702, 33.7218354281232], 
            [-84.3880802013082, 33.7216034281661], 
            [-84.3883052018507, 33.7214914283648], 
            [-84.3888512019937, 33.721256428249], 
            [-84.390150201985, 33.7206344281623], 
            [-84.3904152016863, 33.7205364281089], 
            [-84.3907182022495, 33.7203964279068], 
            [-84.3912412022267, 33.7201994277537], 
            [-84.392249202218, 33.7198384280787], 
            [-84.3928972025987, 33.71962242794], 
            [-84.393262202443, 33.7195084280408], 
            [-84.3934032026887, 33.7194694280274], 
            [-84.3933982024922, 33.720139427592]
          ]
        ]
      }, 
      "properties" : null
    }, 
    {
      "type" : "Feature", 
      "geometry" : 
      {
        "type" : "Polygon", 
        "coordinates" : 
        [
          [
            [-84.3814962011259, 33.7474314343026], 
            [-84.3806992010134, 33.7474194346755], 
            [-84.3807172009207, 33.7468794339387], 
            [-84.3804522003147, 33.7468764338096], 
            [-84.3804642008048, 33.7456214341217], 
            [-84.3804772004231, 33.7440104332291], 
            [-84.3804772004055, 33.7436774330899], 
            [-84.3804772003941, 33.7434624330217], 
            [-84.3804772003927, 33.7434364336157], 
            [-84.3804782004292, 33.743249433046], 
            [-84.3804802004874, 33.7425994335088], 
            [-84.3813442010035, 33.7424704328963], 
            [-84.381541200251, 33.7424414333441], 
            [-84.3815392010146, 33.7416324327359], 
            [-84.3815412002037, 33.7415504325341], 
            [-84.3815372008798, 33.740842433008], 
            [-84.3815352007418, 33.7399914322526], 
            [-84.3815342006671, 33.7394584327401], 
            [-84.3815302003979, 33.7378834326166], 
            [-84.3809191999238, 33.7378794324539], 
            [-84.3798222002794, 33.737871432124], 
            [-84.3798491997327, 33.7378514320957], 
            [-84.3798602002414, 33.7378184323651], 
            [-84.3798681996562, 33.7367434320234], 
            [-84.3798622002121, 33.7355194319738], 
            [-84.3798792000388, 33.7343354310785], 
            [-84.3798961998641, 33.7331254316765], 
            [-84.3799081994806, 33.7323504308444], 
            [-84.3799291995131, 33.7315484305597], 
            [-84.3809862000002, 33.7315744308258], 
            [-84.3832312007581, 33.7316284305464], 
            [-84.3843612010354, 33.7316554308561], 
            [-84.3863472014656, 33.7317034303084], 
            [-84.3879372015063, 33.7317544308136], 
            [-84.3894392019587, 33.7317804301639], 
            [-84.3909222024281, 33.7317934307113], 
            [-84.3910852027978, 33.7318014301765], 
            [-84.3912982027883, 33.7317814301414], 
            [-84.3912992028347, 33.7317814301414], 
            [-84.3917192034392, 33.7317934306817], 
            [-84.3920242032044, 33.7318134306976], 
            [-84.391924203102, 33.7325944309117], 
            [-84.3919002029801, 33.734335430633], 
            [-84.3918862032815, 33.7353094316916], 
            [-84.3918652032875, 33.7368394315298], 
            [-84.3918622031779, 33.7373964321543], 
            [-84.391806203363, 33.7390104322883], 
            [-84.3916802038628, 33.7399804322662], 
            [-84.3916082032599, 33.7407374322667], 
            [-84.3915502032991, 33.7413524328824], 
            [-84.3914652038828, 33.7419444324335], 
            [-84.3914312032163, 33.7421674328737], 
            [-84.391394203311, 33.7424124325346], 
            [-84.3913692030591, 33.7425814331705], 
            [-84.3912072036626, 33.7430904333758], 
            [-84.3911932030154, 33.7431364328095], 
            [-84.3909302034316, 33.7437004328686], 
            [-84.3907922033336, 33.7438984330537], 
            [-84.3905242035081, 33.7442794336281], 
            [-84.3902982029274, 33.7445444333232], 
            [-84.3901632029638, 33.7446524329358], 
            [-84.3900032027407, 33.7447824335687], 
            [-84.3898252034817, 33.7449254330057], 
            [-84.3900442028561, 33.7449984336817], 
            [-84.3902502034253, 33.7450594338022], 
            [-84.3900562034268, 33.7452584331363], 
            [-84.3897932029219, 33.7454114339392], 
            [-84.3894692031887, 33.7456614338424], 
            [-84.3883752028295, 33.7465044333684], 
            [-84.3881092030865, 33.7466934340406], 
            [-84.3880502030488, 33.7467344341436], 
            [-84.3877972030094, 33.7469154335454], 
            [-84.3877122026619, 33.7469064340309], 
            [-84.3877202030372, 33.7469824339543], 
            [-84.3867342022852, 33.7476654341576], 
            [-84.3853762022556, 33.7483154346443], 
            [-84.3849942016097, 33.7481914343096], 
            [-84.3849452020333, 33.7481794346548], 
            [-84.38431420152, 33.7479804344518], 
            [-84.3840012013794, 33.7478814343735], 
            [-84.3838242012584, 33.7478544340285], 
            [-84.3835972015142, 33.7478104337971], 
            [-84.3822792014886, 33.7474544344398], 
            [-84.3821872008161, 33.7474424338873], 
            [-84.3814962011259, 33.7474314343026]
          ]
        ]
      }, 
      "properties" : null
    }, 
    {
      "type" : "Feature", 
      "geometry" : 
      {
        "type" : "Polygon", 
        "coordinates" : 
        [
          [
            [-84.3765911962813, 33.6915534222452], 
            [-84.377473196741, 33.6915684220083], 
            [-84.3791321972843, 33.6915964223449], 
            [-84.3790671970363, 33.692924422719], 
            [-84.3790311972091, 33.693769423198], 
            [-84.3790311972911, 33.695319423063], 
            [-84.378916197421, 33.696650423578], 
            [-84.3789361974549, 33.6967464235283], 
            [-84.3790311973746, 33.6968964232796], 
            [-84.3790471972209, 33.6969564233608], 
            [-84.3781221974643, 33.6969484239238], 
            [-84.3781221975044, 33.6977074240143], 
            [-84.3781951973658, 33.6990524242716], 
            [-84.3781291969987, 33.6990074239879], 
            [-84.3780551971619, 33.6990024237589], 
            [-84.3777711974794, 33.6991234239794], 
            [-84.3775391975091, 33.6991924244867], 
            [-84.3775001974984, 33.6991984238668], 
            [-84.3773041973983, 33.6992344237433], 
            [-84.3769691971428, 33.699260424061], 
            [-84.3764451971093, 33.6992694244973], 
            [-84.3760911968725, 33.6993154239436], 
            [-84.3760651965658, 33.6993254244078], 
            [-84.3759421971561, 33.6993764240772], 
            [-84.3756291970316, 33.6995814245931], 
            [-84.375239196929, 33.6997424239727], 
            [-84.3751571967142, 33.6996114242018], 
            [-84.374089196617, 33.6996034238707], 
            [-84.373935195767, 33.6996224238573], 
            [-84.3735971962743, 33.6996974246466], 
            [-84.3733971959878, 33.6997174246812], 
            [-84.372396195402, 33.699704424116], 
            [-84.3715281955423, 33.6987494239701], 
            [-84.3706311952327, 33.6977284243649], 
            [-84.3686391945254, 33.6977054242723], 
            [-84.3676101945583, 33.6999444246202], 
            [-84.3681071942372, 33.6999164242039], 
            [-84.3681071942443, 33.7000494249698], 
            [-84.3681501945205, 33.7015524253537], 
            [-84.3684581944749, 33.7025164250379], 
            [-84.3690851948406, 33.7034364253698], 
            [-84.3669191942215, 33.7047074258787], 
            [-84.3668671945015, 33.7046144251693], 
            [-84.3665271939847, 33.7040864259009], 
            [-84.3660841940847, 33.7035694253473], 
            [-84.3658101939464, 33.7033034256243], 
            [-84.3654791938597, 33.7030114255981], 
            [-84.3650291936458, 33.7026994255491], 
            [-84.3645861937562, 33.7023794251292], 
            [-84.3638541930336, 33.701816425153], 
            [-84.3638481936541, 33.7018084247827], 
            [-84.3637381930391, 33.7016734248275], 
            [-84.3636491933988, 33.7015434251032], 
            [-84.3635641930466, 33.701446425109], 
            [-84.3634481930537, 33.7013324252276], 
            [-84.3626401932904, 33.7005714250743], 
            [-84.3620931930579, 33.6999944244427], 
            [-84.3618891925737, 33.6997864247062], 
            [-84.361303192327, 33.6991524250326], 
            [-84.3604201917764, 33.6982954249309], 
            [-84.3602731921415, 33.6981444242358], 
            [-84.3598541915648, 33.6977814245209], 
            [-84.3597561915094, 33.6976974242301], 
            [-84.3594271915185, 33.697463424193], 
            [-84.3591281920239, 33.6972934244219], 
            [-84.3591251918846, 33.6972924243757], 
            [-84.3587231912055, 33.6970824245539], 
            [-84.3585161914871, 33.6969824244252], 
            [-84.358184191361, 33.6968224242193], 
            [-84.3571681909526, 33.6963194243354], 
            [-84.3567961907667, 33.6961174239839], 
            [-84.3563871906629, 33.6959224239579], 
            [-84.3557211903186, 33.6956164241948], 
            [-84.3547051899121, 33.6951504242265], 
            [-84.3526091897222, 33.6941334239515], 
            [-84.3505431891283, 33.6931654241469], 
            [-84.3497251889183, 33.6927304238089], 
            [-84.3494171890068, 33.6925764238801], 
            [-84.3493711886509, 33.6921994235026], 
            [-84.3493221890394, 33.6915244237082], 
            [-84.3492951886648, 33.6911264232564], 
            [-84.3492461881415, 33.6902174234128], 
            [-84.3492281881896, 33.6899134228191], 
            [-84.3492281881578, 33.6893134229003], 
            [-84.3492281881084, 33.6883784227496], 
            [-84.349227187828, 33.683950421748], 
            [-84.3492271877915, 33.6832594221098], 
            [-84.3492271877838, 33.683113421641], 
            [-84.34923718824, 33.6829654219784], 
            [-84.3498831885391, 33.6829614217692], 
            [-84.3525581894641, 33.6829834217903], 
            [-84.3563671899516, 33.6830154213335], 
            [-84.356753189879, 33.6830494210958], 
            [-84.3576081908901, 33.6831724213669], 
            [-84.3579081904235, 33.683198421661], 
            [-84.3579411909265, 33.6807564209381], 
            [-84.3580211900535, 33.6790774204893], 
            [-84.3581071904473, 33.6790844208105], 
            [-84.358430190148, 33.6790964204552], 
            [-84.3586451902331, 33.6791124202892], 
            [-84.3587521907024, 33.6791244208412], 
            [-84.3588371910524, 33.6791794206882], 
            [-84.3589411904836, 33.6792024208506], 
            [-84.3590641907959, 33.67921242041], 
            [-84.3591521903886, 33.6793204209138], 
            [-84.3593291905137, 33.6794234202833], 
            [-84.3595121909167, 33.6795184201813], 
            [-84.3597021907447, 33.679603420515], 
            [-84.3598011908441, 33.6796404204269], 
            [-84.3600031912278, 33.6797024205938], 
            [-84.3601971912411, 33.6797804206031], 
            [-84.3604781907978, 33.6799144205057], 
            [-84.3607521909296, 33.6800574208254], 
            [-84.3610201916827, 33.6802094206631], 
            [-84.3614511919121, 33.6804794205657], 
            [-84.3615421916408, 33.6805284210337], 
            [-84.3616361915085, 33.6805724203709], 
            [-84.3618321916144, 33.680646421094], 
            [-84.3619281915748, 33.6806884203384], 
            [-84.3620191913035, 33.6807364207602], 
            [-84.3621011915144, 33.6807954207926], 
            [-84.3621721921147, 33.6808624202968], 
            [-84.3622541914263, 33.6809214203293], 
            [-84.362344192008, 33.6809704207975], 
            [-84.3624411920147, 33.6810104208485], 
            [-84.3625431922528, 33.6810394203895], 
            [-84.3626481917302, 33.681056420274], 
            [-84.3627501919685, 33.681087420807], 
            [-84.3628481920214, 33.681124420719], 
            [-84.3629421918891, 33.6811684209554], 
            [-84.3630311924244, 33.6812184205706], 
            [-84.3631301916244, 33.6812554204825], 
            [-84.3632321918626, 33.681284420923], 
            [-84.3633291918692, 33.6813234209277], 
            [-84.3634231917369, 33.681367421164], 
            [-84.3635131923186, 33.6814174207792], 
            [-84.3635991918156, 33.6814714205798], 
            [-84.3636801919802, 33.6815314206587], 
            [-84.3637651923301, 33.6815864205057], 
            [-84.3640311920913, 33.6817404204361], 
            [-84.364216192587, 33.6818324210942], 
            [-84.3644991922364, 33.6819634208577], 
            [-84.3651761930897, 33.6822414211218], 
            [-84.3654621928782, 33.6823684206999], 
            [-84.3655441930878, 33.6824034205198], 
            [-84.3655241930612, 33.6824444206214], 
            [-84.3654671931281, 33.6827084211633], 
            [-84.3654291931638, 33.6827164206361], 
            [-84.3648441931171, 33.6849854214582], 
            [-84.3645941923562, 33.6858984214982], 
            [-84.3644221925049, 33.6865854218568], 
            [-84.3643701928009, 33.6867924215564], 
            [-84.3642041923275, 33.6874584218411], 
            [-84.3640991928737, 33.687886421889], 
            [-84.3640491923665, 33.6881574218556], 
            [-84.3640171926959, 33.6884554221732], 
            [-84.3640081922935, 33.6887424219802], 
            [-84.3673331937028, 33.6887554224597], 
            [-84.3678351936159, 33.6887674220977], 
            [-84.3685231940666, 33.6887844219606], 
            [-84.3692941938722, 33.688803421913], 
            [-84.3699601942012, 33.6888204217767], 
            [-84.3712701947367, 33.6888344223769], 
            [-84.3739281957707, 33.6888344222787], 
            [-84.3739011955033, 33.6904624221612], 
            [-84.3766091961616, 33.6905014220693], 
            [-84.3765911962813, 33.6915534222452]
          ]
        ]
      }, 
      "properties" : null
    }, 
    {
      "type" : "Feature", 
      "geometry" : 
      {
        "type" : "Polygon", 
        "coordinates" : 
        [
          [
            [-84.4564632249541, 33.7859964393436], 
            [-84.4557952245328, 33.7859884398971], 
            [-84.4550322242001, 33.7859864398329], 
            [-84.4538332233986, 33.785578439861], 
            [-84.4532242239599, 33.7863834403063], 
            [-84.4526372237433, 33.7871864397588], 
            [-84.4523422235382, 33.7870804402548], 
            [-84.4520852232987, 33.7869884404987], 
            [-84.4517402234713, 33.786878439912], 
            [-84.4517172232779, 33.7864014402969], 
            [-84.4519262230592, 33.7859424397086], 
            [-84.4523342230607, 33.7850874396523], 
            [-84.4526972236771, 33.7843284395485], 
            [-84.4527402229695, 33.7842364397813], 
            [-84.4532402236301, 33.7831424394408], 
            [-84.4520882232541, 33.7835424391295], 
            [-84.4501502223927, 33.7842274394607], 
            [-84.4501402228168, 33.7840184396708], 
            [-84.4508332225564, 33.783218439454], 
            [-84.444929221105, 33.78364843981], 
            [-84.4434932208132, 33.7797944384777], 
            [-84.4425232197294, 33.7771914384283], 
            [-84.441422219895, 33.777097438611], 
            [-84.4404212192783, 33.7765034381084], 
            [-84.4403932197456, 33.775900438052], 
            [-84.4403712196239, 33.7758984379601], 
            [-84.4401922194122, 33.775911438569], 
            [-84.4400612196307, 33.7759534378218], 
            [-84.4399612194899, 33.7760094386212], 
            [-84.4398772191931, 33.7760814383628], 
            [-84.4397952189905, 33.7761794384094], 
            [-84.4395752196136, 33.7769324382299], 
            [-84.440616219404, 33.7778184387692], 
            [-84.440829219406, 33.7780144388486], 
            [-84.4409152198049, 33.7781184382677], 
            [-84.4409822193227, 33.7782304389575], 
            [-84.4410752200551, 33.7784944385944], 
            [-84.4411722200799, 33.7788744391087], 
            [-84.4413242199794, 33.7796374384792], 
            [-84.4413662201448, 33.7799204389983], 
            [-84.441387220235, 33.7802014394255], 
            [-84.4413992199322, 33.7809454388203], 
            [-84.441427220363, 33.7815244395634], 
            [-84.4414142197689, 33.7816964394386], 
            [-84.441374219721, 33.7818754396392], 
            [-84.4410592195377, 33.7827154398964], 
            [-84.4410342201852, 33.782884439633], 
            [-84.4410442197591, 33.783055439461], 
            [-84.4410952203368, 33.7832384398434], 
            [-84.4411872201185, 33.7834094396684], 
            [-84.4418372206459, 33.7842064396963], 
            [-84.4419982200371, 33.7844704402299], 
            [-84.4420692206434, 33.784649439527], 
            [-84.4420762200706, 33.7846794400173], 
            [-84.4414022202527, 33.7843444398106], 
            [-84.4411352204451, 33.7841904398804], 
            [-84.4408822203871, 33.7840224402004], 
            [-84.4407202200578, 33.7839024400429], 
            [-84.4404902201667, 33.7837124402422], 
            [-84.4402762201179, 33.7835094398385], 
            [-84.4401432193345, 33.78336743956], 
            [-84.4400172197751, 33.7832214399953], 
            [-84.4398422197362, 33.7829934393313], 
            [-84.4396872197255, 33.7827564400483], 
            [-84.4395502196503, 33.7825114394946], 
            [-84.4394702195264, 33.7823444398545], 
            [-84.4393672192297, 33.7820874396429], 
            [-84.4393102192734, 33.7819144397241], 
            [-84.4392412196547, 33.7816494391406], 
            [-84.4391942192581, 33.781382439363], 
            [-84.4391682189366, 33.7811124394456], 
            [-84.4391632195894, 33.7808424395274], 
            [-84.4391722190984, 33.7806664394671], 
            [-84.4390722189046, 33.779729439228], 
            [-84.4390572191062, 33.7796984386916], 
            [-84.4381672191078, 33.7784284383428], 
            [-84.4379042185863, 33.7782704391264], 
            [-84.4376292184081, 33.7781274388068], 
            [-84.4373432186197, 33.7780004383296], 
            [-84.4371472185136, 33.7779244384131], 
            [-84.4368472180769, 33.777824438288], 
            [-84.4365392181692, 33.7777414389507], 
            [-84.4363302183609, 33.7776964386724], 
            [-84.4360122179908, 33.7776424388804], 
            [-84.4356922184281, 33.7776064390231], 
            [-84.4354872179077, 33.7775924383821], 
            [-84.4350552176462, 33.7775904383055], 
            [-84.4346242174301, 33.7775724383869], 
            [-84.4341942172596, 33.7775364385337], 
            [-84.4338742176969, 33.77749943863], 
            [-84.4334492177568, 33.7774354383788], 
            [-84.4330282171022, 33.7773554382854], 
            [-84.4326122175781, 33.7772584383035], 
            [-84.4323042167711, 33.7771754389663], 
            [-84.4318992168566, 33.7770514386324], 
            [-84.4315012172662, 33.7769114384564], 
            [-84.4311112171468, 33.7767564384845], 
            [-84.430825216459, 33.7766294389066], 
            [-84.4306502164278, 33.7765474387114], 
            [-84.4302062164955, 33.7762974388368], 
            [-84.4298802166439, 33.7760654388924], 
            [-84.4276702158101, 33.7778594393513], 
            [-84.4275432162044, 33.7777154389799], 
            [-84.4273392157162, 33.7774344385595], 
            [-84.4272042157362, 33.7772324390986], 
            [-84.4271222155196, 33.7770674386519], 
            [-84.4270612153795, 33.7769294385561], 
            [-84.426945215376, 33.7766184385411], 
            [-84.4268412159274, 33.7762714386567], 
            [-84.4267802157785, 33.7759664389176], 
            [-84.4267292151951, 33.7756754389276], 
            [-84.4267162154864, 33.7755864384021], 
            [-84.4266952154033, 33.7754394387871], 
            [-84.42664421572, 33.7751624385463], 
            [-84.4264452154211, 33.7740804378883], 
            [-84.4262242149875, 33.772750438332], 
            [-84.4260832147005, 33.7720134374676], 
            [-84.4261742153232, 33.7719594376604], 
            [-84.4263442151137, 33.7718814376377], 
            [-84.4265652154733, 33.7718214375477], 
            [-84.4267952153546, 33.7718254377245], 
            [-84.4281162155019, 33.7718534380732], 
            [-84.4289622160914, 33.771902437614], 
            [-84.4291282157011, 33.7719124380711], 
            [-84.4295012159236, 33.7719294379456], 
            [-84.4299412165565, 33.7719344372615], 
            [-84.4303782161497, 33.7719164373107], 
            [-84.4307912164267, 33.7718784373334], 
            [-84.4312262168241, 33.7718164380422], 
            [-84.4315302165386, 33.7717584371424], 
            [-84.4323792172555, 33.7715854371899], 
            [-84.4326652170342, 33.7715274371901], 
            [-84.4334152167556, 33.7713784374538], 
            [-84.4339672171859, 33.7713074377412], 
            [-84.433988217185, 33.7698814373256], 
            [-84.4339892172138, 33.7695524373717], 
            [-84.4339712172733, 33.7694654369391], 
            [-84.4339332173037, 33.7693744372212], 
            [-84.4338772173986, 33.7692894368825], 
            [-84.4334092172347, 33.7687164364336], 
            [-84.433170216917, 33.7683604370365], 
            [-84.4330412172139, 33.7681294371311], 
            [-84.4329342167332, 33.7679024365109], 
            [-84.4327242168532, 33.7673824367093], 
            [-84.4325582163199, 33.7669164367098], 
            [-84.4325382162881, 33.7668584367214], 
            [-84.4324712167637, 33.7666214365358], 
            [-84.432386216395, 33.7662154366151], 
            [-84.4323022160799, 33.7659444366535], 
            [-84.4322922165092, 33.7658324359616], 
            [-84.4322682162662, 33.7652944362184], 
            [-84.4322642160654, 33.7650104365509], 
            [-84.4322802167905, 33.7646834357899], 
            [-84.4323022160062, 33.7645604363858], 
            [-84.4323612160357, 33.7643644362963], 
            [-84.4324562168382, 33.7642034360284], 
            [-84.4325022162721, 33.7641534355088], 
            [-84.4326792163815, 33.7639624356466], 
            [-84.4328222167128, 33.7637874356277], 
            [-84.4329702163734, 33.7635524355266], 
            [-84.4362902175508, 33.7635704353379], 
            [-84.4364832175135, 33.7635704353307], 
            [-84.4376972180902, 33.7635744354709], 
            [-84.4394392188865, 33.7635804356843], 
            [-84.4396412183676, 33.7635814357231], 
            [-84.4410332191103, 33.7635854358566], 
            [-84.4425002197362, 33.7635944353198], 
            [-84.4434142198818, 33.7636034357028], 
            [-84.4436042197069, 33.7636344353333], 
            [-84.4437832199225, 33.7636934353621], 
            [-84.4439602200473, 33.7637914353991], 
            [-84.4444632200258, 33.7641604353888], 
            [-84.4446002200924, 33.7642464357707], 
            [-84.4447392202509, 33.764315435365], 
            [-84.4449002196314, 33.7643774355335], 
            [-84.4450762197068, 33.7644194356741], 
            [-84.4451902205005, 33.7644244359015], 
            [-84.4453032203476, 33.7644124353414], 
            [-84.4454022204437, 33.7643884351251], 
            [-84.4455302200856, 33.7643384355019], 
            [-84.4457042200608, 33.7642424355444], 
            [-84.4460942201569, 33.7639614351019], 
            [-84.4463832200698, 33.7638104352901], 
            [-84.4466972202458, 33.7637034357171], 
            [-84.4470272202673, 33.7636424355767], 
            [-84.4473732210338, 33.7636274348689], 
            [-84.4483152206792, 33.7636214354553], 
            [-84.4488612208355, 33.7636354351843], 
            [-84.4490342216699, 33.7636544351588], 
            [-84.4492512209509, 33.7637154352789], 
            [-84.4494652209944, 33.7638214347858], 
            [-84.4495992218221, 33.7639244350562], 
            [-84.4496892215069, 33.7640194349575], 
            [-84.450082221784, 33.764521435717], 
            [-84.4502202218985, 33.7646364356438], 
            [-84.4503852214661, 33.764727435357], 
            [-84.4505062216874, 33.7647714355924], 
            [-84.4506492220296, 33.7648024352246], 
            [-84.4507672221098, 33.7648114356372], 
            [-84.4509742218226, 33.7648074354441], 
            [-84.4511272217265, 33.7647804350869], 
            [-84.4514242220127, 33.7646694353293], 
            [-84.4517962221777, 33.7644794355061], 
            [-84.4527672222433, 33.7639834349739], 
            [-84.453143222595, 33.7638114350852], 
            [-84.4533862221752, 33.7637224354495], 
            [-84.4536452224995, 33.7636634354044], 
            [-84.4538652228145, 33.7636384351374], 
            [-84.4541302225207, 33.7636334348958], 
            [-84.4553722234967, 33.7636254353784], 
            [-84.4559362235879, 33.763621435172], 
            [-84.4562302237414, 33.7636324347715], 
            [-84.456353223154, 33.7636364349522], 
            [-84.4566182237617, 33.7636684346262], 
            [-84.4567652233905, 33.763707434629], 
            [-84.4568882237053, 33.7637644345672], 
            [-84.4569972233714, 33.7638404353862], 
            [-84.4572062231897, 33.7640734353813], 
            [-84.4575332239949, 33.7644534349877], 
            [-84.4576602235987, 33.7645604354436], 
            [-84.4578222239269, 33.7646614347209], 
            [-84.4580012241436, 33.7647414348233], 
            [-84.4582132240918, 33.7648024349435], 
            [-84.4583922243054, 33.7648234350104], 
            [-84.4585892244533, 33.7648144354854], 
            [-84.4586752239463, 33.7647934354087], 
            [-84.4586132239111, 33.7674944355401], 
            [-84.4586122238647, 33.7674944355401], 
            [-84.456217223346, 33.7675334356374], 
            [-84.456289223128, 33.7682494355314], 
            [-84.4564902235669, 33.7702174367674], 
            [-84.4570622240303, 33.7702314364954], 
            [-84.4571432241921, 33.7702394359637], 
            [-84.4577482243909, 33.7703024361619], 
            [-84.4580902240743, 33.7703224361765], 
            [-84.4584922247424, 33.7703264363469], 
            [-84.4588642240172, 33.7703064363058], 
            [-84.4588542244994, 33.7711864366063], 
            [-84.458843224903, 33.771462436803], 
            [-84.4588592247621, 33.7717614362656], 
            [-84.4590182249621, 33.7720694370392], 
            [-84.4590392241426, 33.7721574366188], 
            [-84.4590502246613, 33.7723104365121], 
            [-84.4580512241691, 33.772309436503], 
            [-84.4579982244093, 33.7723394369955], 
            [-84.4579672238725, 33.7723844363835], 
            [-84.4579562242756, 33.7726504370163], 
            [-84.4579432246352, 33.7738434374287], 
            [-84.4580062239698, 33.7740014366524], 
            [-84.4580722243391, 33.774087437037], 
            [-84.4581952246572, 33.7742074371959], 
            [-84.4584362241585, 33.7743794370617], 
            [-84.4586092249947, 33.7744324368127], 
            [-84.4588132245691, 33.7744444373611], 
            [-84.4590192251348, 33.7744384370755], 
            [-84.4589802252454, 33.7767214376254], 
            [-84.4583762241922, 33.7766284378359], 
            [-84.4580122243861, 33.7765874377486], 
            [-84.457600224152, 33.7765614374587], 
            [-84.4571882239193, 33.7765594373814], 
            [-84.4571982244062, 33.7769884374711], 
            [-84.4572092240228, 33.7770904376996], 
            [-84.457231224148, 33.7771594381975], 
            [-84.4572942243791, 33.7772654377101], 
            [-84.4576792242828, 33.7777254383228], 
            [-84.4577352241889, 33.7778274376503], 
            [-84.4577682248266, 33.777935438156], 
            [-84.4577942243369, 33.7798564381202], 
            [-84.4565392245553, 33.7798444385103], 
            [-84.4565342244349, 33.7819364392034], 
            [-84.458148224721, 33.7825714388846], 
            [-84.4573882245457, 33.7829124394226], 
            [-84.4570122241996, 33.7831864386409], 
            [-84.4570132242592, 33.7834334392923], 
            [-84.4568642245948, 33.7844684395843], 
            [-84.4565572248049, 33.7857224392364], 
            [-84.4564632249541, 33.7859964393436]
          ]
        ]
      }, 
      "properties" : null
    }, 
    {
      "type" : "Feature", 
      "geometry" : 
      {
        "type" : "Polygon", 
        "coordinates" : 
        [
          [
            [-84.4766622304703, 33.7841444382262], 
            [-84.4766702301235, 33.7875414391234], 
            [-84.47666223068, 33.788073439489], 
            [-84.4766562304054, 33.7881444391813], 
            [-84.4766042307064, 33.7884454396384], 
            [-84.4765122309506, 33.7887584397537], 
            [-84.4763822303302, 33.789061439407], 
            [-84.4763572300717, 33.7891044396015], 
            [-84.4762462303275, 33.7893044398782], 
            [-84.4760502302403, 33.7895814401281], 
            [-84.4746222297191, 33.7913244399937], 
            [-84.4744032303662, 33.7916554400482], 
            [-84.4742542297633, 33.7919554404626], 
            [-84.4742102304261, 33.7920774407205], 
            [-84.4741602299117, 33.7922134407278], 
            [-84.474103229976, 33.7924244406128], 
            [-84.4740652300227, 33.7926384406361], 
            [-84.474044229959, 33.792853440705], 
            [-84.474043229927, 33.7931234406234], 
            [-84.4740632299673, 33.7933394407371], 
            [-84.4741692304167, 33.7938484409322], 
            [-84.4743192302171, 33.7944934411312], 
            [-84.4743542300506, 33.7946424408384], 
            [-84.4735482295299, 33.794804441179], 
            [-84.4733502302405, 33.7949164409794], 
            [-84.4695962287546, 33.7957494410403], 
            [-84.4693892289533, 33.7940994410476], 
            [-84.4692792283474, 33.7941344408746], 
            [-84.469194228903, 33.7941964410522], 
            [-84.4688392286441, 33.7946974408938], 
            [-84.4687882289777, 33.7947384409966], 
            [-84.4687292289388, 33.7947574409797], 
            [-84.468611228859, 33.7947554408914], 
            [-84.4683202288428, 33.7947084414228], 
            [-84.4679942281036, 33.7946964408789], 
            [-84.4678122286502, 33.7946754408121], 
            [-84.4674992285119, 33.7946194409273], 
            [-84.4666712278505, 33.7944224408246], 
            [-84.4665152278034, 33.7943734412583], 
            [-84.4663792277845, 33.7943114410888], 
            [-84.4659622273064, 33.7940624412596], 
            [-84.4655482278672, 33.7938154406237], 
            [-84.4649772274347, 33.7935124409964], 
            [-84.4648112278224, 33.7934534409671], 
            [-84.4638982268122, 33.7932264412763], 
            [-84.4638422269103, 33.7932014410195], 
            [-84.4635352270426, 33.7929984406194], 
            [-84.4627592269785, 33.7924834410705], 
            [-84.4622512267688, 33.7921284408304], 
            [-84.4615352258937, 33.7916524403883], 
            [-84.4613592267113, 33.7914934411224], 
            [-84.4612732263115, 33.7913744410084], 
            [-84.4611612264977, 33.7911384408707], 
            [-84.4611412264681, 33.7911244402229], 
            [-84.4608572258461, 33.7904914405848], 
            [-84.4604422263302, 33.7896794407527], 
            [-84.4603322257139, 33.7895194405387], 
            [-84.4602382258434, 33.7894234405912], 
            [-84.4601632259574, 33.7893684398445], 
            [-84.4599532260992, 33.7892574401058], 
            [-84.4597192260274, 33.7891614401635], 
            [-84.4586982253912, 33.7887384403895], 
            [-84.4582062250306, 33.788496439988], 
            [-84.4580802254737, 33.7883974399027], 
            [-84.4579672247198, 33.7882694402721], 
            [-84.4578852254037, 33.7881264399453], 
            [-84.4578382250133, 33.7879764401923], 
            [-84.4578042252148, 33.7876134395639], 
            [-84.4577472252576, 33.7874224397105], 
            [-84.4572072244347, 33.7865524398938], 
            [-84.4571182247967, 33.7864644394175], 
            [-84.4570072250382, 33.7863974399148], 
            [-84.4564142244884, 33.786174439498], 
            [-84.4564632249541, 33.7859964393436], 
            [-84.4565572248049, 33.7857224392364], 
            [-84.4568642245948, 33.7844684395843], 
            [-84.4570132242592, 33.7834334392923], 
            [-84.4570122241996, 33.7831864386409], 
            [-84.4573882245457, 33.7829124394226], 
            [-84.458148224721, 33.7825714388846], 
            [-84.4565342244349, 33.7819364392034], 
            [-84.4565392245553, 33.7798444385103], 
            [-84.4577942243369, 33.7798564381202], 
            [-84.4577682248266, 33.777935438156], 
            [-84.4577352241889, 33.7778274376503], 
            [-84.4576792242828, 33.7777254383228], 
            [-84.4572942243791, 33.7772654377101], 
            [-84.457231224148, 33.7771594381975], 
            [-84.4572092240228, 33.7770904376996], 
            [-84.4571982244062, 33.7769884374711], 
            [-84.4571882239193, 33.7765594373814], 
            [-84.457600224152, 33.7765614374587], 
            [-84.4580122243861, 33.7765874377486], 
            [-84.4583762241922, 33.7766284378359], 
            [-84.4589802252454, 33.7767214376254], 
            [-84.4610232256368, 33.777039437893], 
            [-84.4622282258054, 33.7772234373795], 
            [-84.4623252258107, 33.7772364379781], 
            [-84.462259225588, 33.779900438194], 
            [-84.4631822261513, 33.77991143777], 
            [-84.463885226398, 33.7799184380681], 
            [-84.4658862266228, 33.7799314376967], 
            [-84.4659132269311, 33.7790824379324], 
            [-84.4665842274891, 33.7790444379457], 
            [-84.4671192271333, 33.7790284380838], 
            [-84.4667742272781, 33.7783974376414], 
            [-84.4667132271366, 33.7782324380932], 
            [-84.4667282268889, 33.7773984372258], 
            [-84.4675272270811, 33.7771674372859], 
            [-84.4677742277474, 33.77710043777], 
            [-84.4683242271785, 33.7768984373843], 
            [-84.468722227653, 33.7767524369007], 
            [-84.469631227553, 33.7765094373001], 
            [-84.470825228084, 33.7761964371438], 
            [-84.4710302286006, 33.7761424373324], 
            [-84.4714532284387, 33.7760364369024], 
            [-84.4716692285353, 33.7753964369214], 
            [-84.4720412287165, 33.7755104367932], 
            [-84.4724062285737, 33.7756404365071], 
            [-84.4728482284105, 33.7758404367633], 
            [-84.4730692287793, 33.7759544366406], 
            [-84.4727942286595, 33.7769064375886], 
            [-84.472573228341, 33.7777344372864], 
            [-84.4723112288513, 33.7791874380624], 
            [-84.4730082288194, 33.7791924373687], 
            [-84.4735292287127, 33.7791654378972], 
            [-84.4738422288462, 33.7791334373023], 
            [-84.4747932298011, 33.7789884377438], 
            [-84.4746632291552, 33.778813437735], 
            [-84.4745302292716, 33.7786774377344], 
            [-84.4744222296481, 33.778532437316], 
            [-84.4743142291223, 33.7783304369548], 
            [-84.4742202292409, 33.7780294374024], 
            [-84.4744282289942, 33.7779144374627], 
            [-84.4745162294854, 33.7780074372714], 
            [-84.4753122295929, 33.7787974378688], 
            [-84.4760692296895, 33.7795934378464], 
            [-84.4762152301803, 33.7798004375385], 
            [-84.4763662300067, 33.7800634380263], 
            [-84.4764762297283, 33.7803094377279], 
            [-84.4765632301824, 33.7805744374113], 
            [-84.476605230343, 33.7807684374044], 
            [-84.4766222302366, 33.7808444382268], 
            [-84.4766552299904, 33.7812384375934], 
            [-84.4766552300029, 33.7814744377352], 
            [-84.4766582301999, 33.7825564384004], 
            [-84.4766602303328, 33.7833084381661], 
            [-84.4766622304703, 33.7841444382262]
          ]
        ]
      }, 
      "properties" : null
    }, 
    {
      "type" : "Feature", 
      "geometry" : 
      {
        "type" : "Polygon", 
        "coordinates" : 
        [
          [
            [-84.4801382334642, 33.8173254455895], 
            [-84.4780342321909, 33.8198114457282], 
            [-84.4756342324551, 33.822011447017], 
            [-84.4713342309778, 33.8259114479954], 
            [-84.4694302308109, 33.8268954477885], 
            [-84.4694072306436, 33.8269074483453], 
            [-84.4684342304856, 33.8274104483026], 
            [-84.4632972286146, 33.8271194485023], 
            [-84.4631332290977, 33.8271104480915], 
            [-84.4593332271187, 33.8250104480693], 
            [-84.4578852273521, 33.8245844481723], 
            [-84.4577182267744, 33.8241574481812], 
            [-84.4576872271306, 33.8240854475447], 
            [-84.4575222266456, 33.8236554474145], 
            [-84.4574292268163, 33.8234634475161], 
            [-84.4573282266167, 33.8232864474135], 
            [-84.4571432270106, 33.8230154474558], 
            [-84.4569362263848, 33.8227644475261], 
            [-84.4568032265009, 33.822626447433], 
            [-84.4566612261997, 33.8224924475254], 
            [-84.4565012268617, 33.8223574475723], 
            [-84.4546812259851, 33.8212674475037], 
            [-84.4540252261, 33.8208744473074], 
            [-84.4538612256788, 33.8207704469918], 
            [-84.4536062255283, 33.8206094476363], 
            [-84.4533292252567, 33.8204554468072], 
            [-84.4528522255887, 33.8201484469912], 
            [-84.4485462243963, 33.8177744468842], 
            [-84.4472432232486, 33.8170544468508], 
            [-84.4471422239651, 33.8171914469064], 
            [-84.4470162235283, 33.8174554465514], 
            [-84.4469512232138, 33.8175284472379], 
            [-84.4466072234227, 33.8172314469808], 
            [-84.4461772232634, 33.8174044469178], 
            [-84.4455742231921, 33.8179904471094], 
            [-84.4461042235368, 33.818593447147], 
            [-84.446146223696, 33.8187594467421], 
            [-84.4462192234917, 33.818863447061], 
            [-84.4463562235611, 33.8190004471077], 
            [-84.4465262233739, 33.819335447333], 
            [-84.4463432238973, 33.8197494476343], 
            [-84.4463402237644, 33.8198674477052], 
            [-84.4460342230787, 33.8203184470273], 
            [-84.4460602233897, 33.8203894476177], 
            [-84.4467952233418, 33.8207524473206], 
            [-84.447382223618, 33.8210644473642], 
            [-84.4472172240633, 33.8212154471714], 
            [-84.4471042233227, 33.8213364473855], 
            [-84.4470452241861, 33.8214094480717], 
            [-84.4423422225859, 33.8195634472601], 
            [-84.4411682220414, 33.8190854476417], 
            [-84.4409562220892, 33.8189524468838], 
            [-84.4406392217562, 33.8187274472634], 
            [-84.4398052216957, 33.8181584470136], 
            [-84.437652220628, 33.8165634469437], 
            [-84.4367972204821, 33.8158024467928], 
            [-84.4362412207431, 33.8154524467861], 
            [-84.4359682206508, 33.815182446878], 
            [-84.4360652206474, 33.8150324471196], 
            [-84.4361822206727, 33.8148814464149], 
            [-84.4362302201977, 33.8148004462577], 
            [-84.4362692202044, 33.8147164468613], 
            [-84.4362972205997, 33.8146294464269], 
            [-84.4363552205891, 33.814553446501], 
            [-84.4364022200678, 33.8144724463439], 
            [-84.4364422201209, 33.8143884469474], 
            [-84.4364752207483, 33.8143024465591], 
            [-84.4364902205402, 33.8142134460326], 
            [-84.4364912205818, 33.8141234463596], 
            [-84.436476219881, 33.8140344467334], 
            [-84.4364232201154, 33.813956446719], 
            [-84.4362572205001, 33.8138414467933], 
            [-84.4361682199647, 33.8137914462789], 
            [-84.4360742200969, 33.8137454459499], 
            [-84.4359962200715, 33.8136844467241], 
            [-84.4359292205559, 33.8136134461351], 
            [-84.43587922003, 33.813533446028], 
            [-84.4358492204319, 33.8134474465414], 
            [-84.4358562198526, 33.8133574459688], 
            [-84.435899220045, 33.8132754466649], 
            [-84.4359632203131, 33.8132034460248], 
            [-84.4360462205642, 33.8131454460326], 
            [-84.4361332201018, 33.8130914462255], 
            [-84.4362242198255, 33.8130444458433], 
            [-84.4363062200302, 33.8129854458048], 
            [-84.4363782197704, 33.8129184462953], 
            [-84.4364092203067, 33.8128634464441], 
            [-84.436424220102, 33.8128374461383], 
            [-84.4364412199868, 33.8127484465111], 
            [-84.436441219982, 33.8126584459388], 
            [-84.4364222199949, 33.812570446359], 
            [-84.4364292203149, 33.8124804457865], 
            [-84.4364502203854, 33.8123914461591], 
            [-84.4364942206241, 33.8123094459557], 
            [-84.4365192199809, 33.8122224464208], 
            [-84.4366192201112, 33.8119704464334], 
            [-84.4366192201091, 33.8119304463789], 
            [-84.4366202201523, 33.811870446297], 
            [-84.4365652202878, 33.8116784454979], 
            [-84.4365202199938, 33.8115964461971], 
            [-84.4364042199988, 33.8114444454547], 
            [-84.4360792201868, 33.8110844458755], 
            [-84.4359722197107, 33.8109464457814], 
            [-84.4359042201511, 33.8109204454787], 
            [-84.4358562197182, 33.8108414454177], 
            [-84.4357342203442, 33.8106934457602], 
            [-84.4352722195633, 33.8101944460416], 
            [-84.4348492196976, 33.8097834459019], 
            [-84.4345172195618, 33.8094444454972], 
            [-84.4345002196712, 33.8094234454243], 
            [-84.4346542196167, 33.8093084454867], 
            [-84.4348232193578, 33.8091724454749], 
            [-84.4350302199599, 33.8089804455653], 
            [-84.4352222198651, 33.8087714457679], 
            [-84.4355732199425, 33.8083484450435], 
            [-84.4361702197875, 33.8087374450567], 
            [-84.4373012201486, 33.8094644454209], 
            [-84.4379662204531, 33.8098914453935], 
            [-84.4387622205494, 33.8104704452086], 
            [-84.4388852208647, 33.8105354455175], 
            [-84.4389902212417, 33.8105594457262], 
            [-84.4390652211266, 33.8105924454536], 
            [-84.4393472207318, 33.8107634452714], 
            [-84.4395722212857, 33.8108674455846], 
            [-84.4397342207123, 33.8109244455214], 
            [-84.4404562209527, 33.8111424457016], 
            [-84.4406252216037, 33.8112034458234], 
            [-84.4408812217984, 33.8113254460701], 
            [-84.4411152218731, 33.8114754458162], 
            [-84.441222221447, 33.8115604461528], 
            [-84.4413452217649, 33.8116754460802], 
            [-84.4432962224763, 33.8137234464603], 
            [-84.4438772224882, 33.8143004461908], 
            [-84.4443112228252, 33.8139764464525], 
            [-84.444457222401, 33.8138904460601], 
            [-84.4446402227945, 33.8138054457126], 
            [-84.4448342228002, 33.8137404462913], 
            [-84.4450362231781, 33.8136954459976], 
            [-84.4452442229363, 33.813670445731], 
            [-84.4454422231308, 33.8136664464376], 
            [-84.4454722227355, 33.813876446273], 
            [-84.4455692227515, 33.8140894462449], 
            [-84.4457252228084, 33.8143224462419], 
            [-84.4461202231792, 33.8148394458975], 
            [-84.446213222996, 33.8147994458396], 
            [-84.4463292229811, 33.8147654460587], 
            [-84.4464072230024, 33.8147484461675], 
            [-84.4464872231171, 33.8147404457939], 
            [-84.4492922237791, 33.8147654459483], 
            [-84.4505502245995, 33.8147774464574], 
            [-84.4533102249731, 33.8148224457414], 
            [-84.4534622248775, 33.8156744465371], 
            [-84.4547642259403, 33.8156754465349], 
            [-84.4547582256061, 33.8146324458782], 
            [-84.4547702252008, 33.813458445447], 
            [-84.4547792256042, 33.8131924457136], 
            [-84.4547942253779, 33.8127614455304], 
            [-84.4548172255348, 33.812554445832], 
            [-84.4548382256058, 33.8124754457686], 
            [-84.4548762255658, 33.8123884453338], 
            [-84.4549202258051, 33.8123164455938], 
            [-84.4549832251272, 33.8122404456677], 
            [-84.4550592259523, 33.8121724452125], 
            [-84.4551752259345, 33.8120844456278], 
            [-84.4555292252602, 33.8118194450286], 
            [-84.4561462260503, 33.812527445431], 
            [-84.4562722256103, 33.8126824454127], 
            [-84.4564602262551, 33.8129584456019], 
            [-84.4566082259431, 33.8132364458853], 
            [-84.457254226308, 33.8144604459105], 
            [-84.4573202266784, 33.8145684455157], 
            [-84.457395226567, 33.8146724458344], 
            [-84.4576162260411, 33.8148724460988], 
            [-84.457833226228, 33.815056445622], 
            [-84.4593422270691, 33.8162774463753], 
            [-84.4596722271077, 33.8165344456791], 
            [-84.4602452276411, 33.8169884460066], 
            [-84.4607202272223, 33.8174054464223], 
            [-84.4612822272481, 33.817913446554], 
            [-84.4616502281562, 33.8182724460853], 
            [-84.4616972276418, 33.8183204465087], 
            [-84.461752227499, 33.8183754463568], 
            [-84.4622592276363, 33.8182424464714], 
            [-84.4625262283314, 33.8181754460554], 
            [-84.4627502279308, 33.8181154459652], 
            [-84.4627652277274, 33.8181134467713], 
            [-84.4627802284235, 33.8181134467708], 
            [-84.4627952282203, 33.8181154459635], 
            [-84.4628092279708, 33.818118446102], 
            [-84.4628222276751, 33.8181244463795], 
            [-84.4628352282787, 33.8181314467033], 
            [-84.4628462278903, 33.8181394461742], 
            [-84.4628552283084, 33.8181494466372], 
            [-84.4628622277345, 33.8181604462472], 
            [-84.4628682280135, 33.8181714467566], 
            [-84.4628712281534, 33.8181834464131], 
            [-84.4628722282004, 33.818196446116], 
            [-84.4628662279245, 33.8182424464487], 
            [-84.4628542282695, 33.8182894459287], 
            [-84.4628382284288, 33.8183344462154], 
            [-84.4628172283559, 33.8183774464097], 
            [-84.462791228051, 33.8184194465579], 
            [-84.4627602284131, 33.8184584465672], 
            [-84.4627282278295, 33.8184934463912], 
            [-84.4626882277739, 33.8185294462619], 
            [-84.4626012282374, 33.8186064462352], 
            [-84.462505228283, 33.8186754467375], 
            [-84.462356227671, 33.8188054464706], 
            [-84.4621962283466, 33.8189234465474], 
            [-84.462234228317, 33.8190314461535], 
            [-84.4623902283543, 33.818897446235], 
            [-84.4631082283643, 33.818278446309], 
            [-84.4630232280038, 33.8180264463284], 
            [-84.4630062281134, 33.8180104464871], 
            [-84.4629692281877, 33.8178724463904], 
            [-84.4627532280259, 33.8172904464147], 
            [-84.4626992282111, 33.8171604457899], 
            [-84.4626462284429, 33.8170344462497], 
            [-84.4626222282254, 33.8169754462151], 
            [-84.4625322276359, 33.8167814462238], 
            [-84.4624022278871, 33.8165664461606], 
            [-84.4618922275609, 33.815770446174], 
            [-84.461573228022, 33.8153124456517], 
            [-84.4613382278876, 33.8149134460609], 
            [-84.4611282271204, 33.8146214460305], 
            [-84.4607692275203, 33.8140944459103], 
            [-84.4607032271501, 33.8139914456375], 
            [-84.4602982272105, 33.8133974451129], 
            [-84.4599302271882, 33.812783445459], 
            [-84.4597002272888, 33.8124414449115], 
            [-84.4594062271114, 33.811984445334], 
            [-84.4592202265603, 33.8117234449402], 
            [-84.4588102263925, 33.8112014450535], 
            [-84.458014226279, 33.8103004447096], 
            [-84.4566632255565, 33.8087304448686], 
            [-84.4553692256826, 33.807201444227], 
            [-84.4548182252538, 33.8064294444545], 
            [-84.4534212250968, 33.8048974436777], 
            [-84.4532942245886, 33.8046934441238], 
            [-84.4531592246101, 33.8045214433549], 
            [-84.4527292244164, 33.8040534432727], 
            [-84.4521172238651, 33.8034704432654], 
            [-84.452085224148, 33.8028944435607], 
            [-84.4522842243975, 33.8030514436324], 
            [-84.4533542246139, 33.8035544435137], 
            [-84.4540662243939, 33.803839443201], 
            [-84.4550832248482, 33.804331443474], 
            [-84.4563702252449, 33.8048934433826], 
            [-84.4572432262117, 33.8053854436609], 
            [-84.4580862257818, 33.8057924435995], 
            [-84.4586052265014, 33.8061344441362], 
            [-84.4591862264969, 33.8064064441256], 
            [-84.4596992269309, 33.806613443804], 
            [-84.4601312262993, 33.8067324439051], 
            [-84.4611462266431, 33.806891444039], 
            [-84.4617762271017, 33.8069374443481], 
            [-84.46235222775, 33.8069364442803], 
            [-84.4631482278165, 33.8069584443705], 
            [-84.4635272274165, 33.8069464438005], 
            [-84.4640172276697, 33.8069144440984], 
            [-84.465119228437, 33.8067684435885], 
            [-84.4663242285856, 33.8065784437344], 
            [-84.4665612287895, 33.80654144381], 
            [-84.4670172283622, 33.8064694440546], 
            [-84.4677372284955, 33.8064204435563], 
            [-84.4682862287881, 33.806382443574], 
            [-84.4692972289389, 33.80640344361], 
            [-84.4710452300088, 33.8063194432505], 
            [-84.4745532309068, 33.8061514434305], 
            [-84.4758232313795, 33.8060694431814], 
            [-84.4765102317803, 33.8060244428697], 
            [-84.478690232208, 33.8058614433308], 
            [-84.4798162322924, 33.8057544428282], 
            [-84.4805272329074, 33.8057054432296], 
            [-84.481262232838, 33.8056674432403], 
            [-84.4813702324535, 33.805663443051], 
            [-84.481615233031, 33.8056724425596], 
            [-84.4820212329866, 33.8056974428033], 
            [-84.4822552330548, 33.8057254431924], 
            [-84.4824222327113, 33.8057454432136], 
            [-84.4826792329484, 33.8057914426371], 
            [-84.4828752330527, 33.8058344428233], 
            [-84.4832992329483, 33.8059364430364], 
            [-84.4837612337113, 33.8061004434226], 
            [-84.4838492333001, 33.8061364432885], 
            [-84.4840432333142, 33.8062294430932], 
            [-84.4843842338595, 33.8064174427971], 
            [-84.4848192342759, 33.8067124429581], 
            [-84.4850942335593, 33.806940442719], 
            [-84.4854082337559, 33.8072184429962], 
            [-84.4857162345771, 33.8075674429657], 
            [-84.4859252343974, 33.8078374428762], 
            [-84.4861392344496, 33.8081044435468], 
            [-84.4861662339061, 33.8081454436467], 
            [-84.4865232343132, 33.8086824433309], 
            [-84.4871342348445, 33.809757443649], 
            [-84.4879302349797, 33.8110644439165], 
            [-84.4888022350535, 33.8125434440559], 
            [-84.4889682355772, 33.8128264445703], 
            [-84.4855342345488, 33.8136114441943], 
            [-84.4833342341425, 33.8147114448759], 
            [-84.4802342334163, 33.8172114457004], 
            [-84.4801382334642, 33.8173254455895]
          ]
        ]
      }, 
      "properties" : null
    }, 
    {
      "type" : "Feature", 
      "geometry" : 
      {
        "type" : "Polygon", 
        "coordinates" : 
        [
          [
            [-84.4323872175615, 33.7872294407055], 
            [-84.4323762179353, 33.7869484411773], 
            [-84.4323412171738, 33.7862594407341], 
            [-84.4322932175965, 33.7853624405476], 
            [-84.4322462171815, 33.7847494400286], 
            [-84.4320892170497, 33.7839834405192], 
            [-84.4319952171683, 33.7836814400212], 
            [-84.4318512176573, 33.7832434404188], 
            [-84.4315862170187, 33.7826294398616], 
            [-84.4312972170704, 33.7821154394416], 
            [-84.4310692172635, 33.7817654394226], 
            [-84.4306192170351, 33.7811844395018], 
            [-84.4295982163614, 33.7800594395802], 
            [-84.4284472159402, 33.7787424388622], 
            [-84.4276702158101, 33.7778594393513], 
            [-84.4298802166439, 33.7760654388924], 
            [-84.4302062164955, 33.7762974388368], 
            [-84.4306502164278, 33.7765474387114], 
            [-84.430825216459, 33.7766294389066], 
            [-84.4311112171468, 33.7767564384845], 
            [-84.4315012172662, 33.7769114384564], 
            [-84.4318992168566, 33.7770514386324], 
            [-84.4323042167711, 33.7771754389663], 
            [-84.4326122175781, 33.7772584383035], 
            [-84.4330282171022, 33.7773554382854], 
            [-84.4334492177568, 33.7774354383788], 
            [-84.4338742176969, 33.77749943863], 
            [-84.4341942172596, 33.7775364385337], 
            [-84.4346242174301, 33.7775724383869], 
            [-84.4350552176462, 33.7775904383055], 
            [-84.4354872179077, 33.7775924383821], 
            [-84.4356922184281, 33.7776064390231], 
            [-84.4360122179908, 33.7776424388804], 
            [-84.4363302183609, 33.7776964386724], 
            [-84.4365392181692, 33.7777414389507], 
            [-84.4368472180769, 33.777824438288], 
            [-84.4371472185136, 33.7779244384131], 
            [-84.4373432186197, 33.7780004383296], 
            [-84.4376292184081, 33.7781274388068], 
            [-84.4379042185863, 33.7782704391264], 
            [-84.4381672191078, 33.7784284383428], 
            [-84.4390572191062, 33.7796984386916], 
            [-84.4390722189046, 33.779729439228], 
            [-84.4391722190984, 33.7806664394671], 
            [-84.4391632195894, 33.7808424395274], 
            [-84.4391682189366, 33.7811124394456], 
            [-84.4391942192581, 33.781382439363], 
            [-84.4392412196547, 33.7816494391406], 
            [-84.4393102192734, 33.7819144397241], 
            [-84.4393672192297, 33.7820874396429], 
            [-84.4394702195264, 33.7823444398545], 
            [-84.4395502196503, 33.7825114394946], 
            [-84.4396872197255, 33.7827564400483], 
            [-84.4398422197362, 33.7829934393313], 
            [-84.4400172197751, 33.7832214399953], 
            [-84.4401432193345, 33.78336743956], 
            [-84.4402762201179, 33.7835094398385], 
            [-84.4404902201667, 33.7837124402422], 
            [-84.4407202200578, 33.7839024400429], 
            [-84.4408822203871, 33.7840224402004], 
            [-84.4411352204451, 33.7841904398804], 
            [-84.4414022202527, 33.7843444398106], 
            [-84.4420762200706, 33.7846794400173], 
            [-84.4420692206434, 33.784649439527], 
            [-84.4419982200371, 33.7844704402299], 
            [-84.4418372206459, 33.7842064396963], 
            [-84.4411872201185, 33.7834094396684], 
            [-84.4410952203368, 33.7832384398434], 
            [-84.4410442197591, 33.783055439461], 
            [-84.4410342201852, 33.782884439633], 
            [-84.4410592195377, 33.7827154398964], 
            [-84.441374219721, 33.7818754396392], 
            [-84.4414142197689, 33.7816964394386], 
            [-84.441427220363, 33.7815244395634], 
            [-84.4413992199322, 33.7809454388203], 
            [-84.441387220235, 33.7802014394255], 
            [-84.4413662201448, 33.7799204389983], 
            [-84.4413242199794, 33.7796374384792], 
            [-84.4411722200799, 33.7788744391087], 
            [-84.4410752200551, 33.7784944385944], 
            [-84.4409822193227, 33.7782304389575], 
            [-84.4409152198049, 33.7781184382677], 
            [-84.440829219406, 33.7780144388486], 
            [-84.440616219404, 33.7778184387692], 
            [-84.4395752196136, 33.7769324382299], 
            [-84.4397952189905, 33.7761794384094], 
            [-84.4398772191931, 33.7760814383628], 
            [-84.4399612194899, 33.7760094386212], 
            [-84.4400612196307, 33.7759534378218], 
            [-84.4401922194122, 33.775911438569], 
            [-84.4403712196239, 33.7758984379601], 
            [-84.4403932197456, 33.775900438052], 
            [-84.4404212192783, 33.7765034381084], 
            [-84.441422219895, 33.777097438611], 
            [-84.4425232197294, 33.7771914384283], 
            [-84.4434932208132, 33.7797944384777], 
            [-84.444929221105, 33.78364843981], 
            [-84.4508332225564, 33.783218439454], 
            [-84.4501402228168, 33.7840184396708], 
            [-84.4501502223927, 33.7842274394607], 
            [-84.4520882232541, 33.7835424391295], 
            [-84.4532402236301, 33.7831424394408], 
            [-84.4527402229695, 33.7842364397813], 
            [-84.4526972236771, 33.7843284395485], 
            [-84.4523342230607, 33.7850874396523], 
            [-84.4519262230592, 33.7859424397086], 
            [-84.4517172232779, 33.7864014402969], 
            [-84.4517402234713, 33.786878439912], 
            [-84.4520852232987, 33.7869884404987], 
            [-84.4523422235382, 33.7870804402548], 
            [-84.4526372237433, 33.7871864397588], 
            [-84.4532242239599, 33.7863834403063], 
            [-84.4538332233986, 33.785578439861], 
            [-84.4550322242001, 33.7859864398329], 
            [-84.4557952245328, 33.7859884398971], 
            [-84.4564632249541, 33.7859964393436], 
            [-84.4564142244884, 33.786174439498], 
            [-84.4570072250382, 33.7863974399148], 
            [-84.4571182247967, 33.7864644394175], 
            [-84.4572072244347, 33.7865524398938], 
            [-84.4577472252576, 33.7874224397105], 
            [-84.4578042252148, 33.7876134395639], 
            [-84.4578382250133, 33.7879764401923], 
            [-84.4578852254037, 33.7881264399453], 
            [-84.4579672247198, 33.7882694402721], 
            [-84.4580802254737, 33.7883974399027], 
            [-84.4582062250306, 33.788496439988], 
            [-84.4586982253912, 33.7887384403895], 
            [-84.4597192260274, 33.7891614401635], 
            [-84.4599532260992, 33.7892574401058], 
            [-84.4601632259574, 33.7893684398445], 
            [-84.4602382258434, 33.7894234405912], 
            [-84.4603322257139, 33.7895194405387], 
            [-84.4604422263302, 33.7896794407527], 
            [-84.4608572258461, 33.7904914405848], 
            [-84.4611412264681, 33.7911244402229], 
            [-84.4611612264977, 33.7911384408707], 
            [-84.4612732263115, 33.7913744410084], 
            [-84.4613592267113, 33.7914934411224], 
            [-84.4615352258937, 33.7916524403883], 
            [-84.4622512267688, 33.7921284408304], 
            [-84.4627592269785, 33.7924834410705], 
            [-84.4635352270426, 33.7929984406194], 
            [-84.4638422269103, 33.7932014410195], 
            [-84.4638982268122, 33.7932264412763], 
            [-84.4648112278224, 33.7934534409671], 
            [-84.4649772274347, 33.7935124409964], 
            [-84.4655482278672, 33.7938154406237], 
            [-84.4659622273064, 33.7940624412596], 
            [-84.4663792277845, 33.7943114410888], 
            [-84.4665152278034, 33.7943734412583], 
            [-84.4666712278505, 33.7944224408246], 
            [-84.4674992285119, 33.7946194409273], 
            [-84.4678122286502, 33.7946754408121], 
            [-84.4679942281036, 33.7946964408789], 
            [-84.4683202288428, 33.7947084414228], 
            [-84.468611228859, 33.7947554408914], 
            [-84.4687292289388, 33.7947574409797], 
            [-84.4687882289777, 33.7947384409966], 
            [-84.4688392286441, 33.7946974408938], 
            [-84.469194228903, 33.7941964410522], 
            [-84.4692792283474, 33.7941344408746], 
            [-84.4693892289533, 33.7940994410476], 
            [-84.4695962287546, 33.7957494410403], 
            [-84.4733502302405, 33.7949164409794], 
            [-84.4735482295299, 33.794804441179], 
            [-84.4743542300506, 33.7946424408384], 
            [-84.4750902301987, 33.7978074417519], 
            [-84.4752552306985, 33.798512442032], 
            [-84.4753712307161, 33.7990864416408], 
            [-84.4753842304235, 33.7991504419074], 
            [-84.4754742310338, 33.7997354420269], 
            [-84.4755362312444, 33.8003254423789], 
            [-84.4756352305402, 33.8021564426672], 
            [-84.4756742305991, 33.8030484426223], 
            [-84.4756852311145, 33.8031424424802], 
            [-84.4757672314041, 33.804671443167], 
            [-84.4758112307911, 33.8054804428738], 
            [-84.4758152310017, 33.8059484429719], 
            [-84.4758232313795, 33.8060694431814], 
            [-84.4745532309068, 33.8061514434305], 
            [-84.4710452300088, 33.8063194432505], 
            [-84.4692972289389, 33.80640344361], 
            [-84.4682862287881, 33.806382443574], 
            [-84.4677372284955, 33.8064204435563], 
            [-84.4670172283622, 33.8064694440546], 
            [-84.4665612287895, 33.80654144381], 
            [-84.4663242285856, 33.8065784437344], 
            [-84.465119228437, 33.8067684435885], 
            [-84.4640172276697, 33.8069144440984], 
            [-84.4635272274165, 33.8069464438005], 
            [-84.4631482278165, 33.8069584443705], 
            [-84.46235222775, 33.8069364442803], 
            [-84.4617762271017, 33.8069374443481], 
            [-84.4611462266431, 33.806891444039], 
            [-84.4601312262993, 33.8067324439051], 
            [-84.4596992269309, 33.806613443804], 
            [-84.4591862264969, 33.8064064441256], 
            [-84.4586052265014, 33.8061344441362], 
            [-84.4576352255094, 33.8052574440114], 
            [-84.4574062256646, 33.805065444118], 
            [-84.4566392260099, 33.8043974437758], 
            [-84.4566282254985, 33.8043794438416], 
            [-84.4557252249181, 33.8035104431855], 
            [-84.454797224976, 33.8026374432444], 
            [-84.4535072244072, 33.8014594426763], 
            [-84.4530492247141, 33.8010114426223], 
            [-84.4522652242685, 33.8003044431719], 
            [-84.4518072236839, 33.8000074429191], 
            [-84.4512642236513, 33.7997024431981], 
            [-84.4506782234188, 33.799338442544], 
            [-84.4504002231011, 33.7991894428458], 
            [-84.449731223512, 33.7987944425573], 
            [-84.4478382228437, 33.7976734428536], 
            [-84.4472622221746, 33.7972844428396], 
            [-84.4458502222575, 33.7964394424149], 
            [-84.4456422215927, 33.7963264425834], 
            [-84.4451422217513, 33.7959184425856], 
            [-84.4445212216903, 33.7954984420363], 
            [-84.4434962208582, 33.7948834423604], 
            [-84.4424232213907, 33.7941704417433], 
            [-84.4406272207209, 33.7929364421968], 
            [-84.4389682201171, 33.7917754415305], 
            [-84.4381502199016, 33.7912394419096], 
            [-84.4375132190987, 33.7908314410175], 
            [-84.4371122193583, 33.7904894413756], 
            [-84.4363552192675, 33.7898064412374], 
            [-84.435981218983, 33.7894954412321], 
            [-84.4355422183773, 33.7891304414255], 
            [-84.4349962181947, 33.7886234413393], 
            [-84.4346602187765, 33.7883564406732], 
            [-84.4343552181019, 33.7881464408479], 
            [-84.4340162185494, 33.7879724408932], 
            [-84.4336112177329, 33.7877964408482], 
            [-84.43316021838, 33.7876394407859], 
            [-84.4328902175386, 33.7875724412891], 
            [-84.432631218107, 33.7875074409854], 
            [-84.4323772180076, 33.7874324411174], 
            [-84.4323872175615, 33.7872294407055]
          ]
        ]
      }, 
      "properties" : null
    }, 
    {
      "type" : "Feature", 
      "geometry" : 
      {
        "type" : "Polygon", 
        "coordinates" : 
        [
          [
            [-84.4335492167536, 33.7558994343815], 
            [-84.4335742161504, 33.7565644346126], 
            [-84.4371412170997, 33.7566084338206], 
            [-84.4378622172835, 33.7566344340991], 
            [-84.4378432173438, 33.7574364343836], 
            [-84.4378402181121, 33.7575904343238], 
            [-84.4378202181305, 33.7584754348564], 
            [-84.4378132178207, 33.7587594345243], 
            [-84.4377792181229, 33.7602864351231], 
            [-84.4376972180902, 33.7635744354709], 
            [-84.4364832175135, 33.7635704353307], 
            [-84.4362902175508, 33.7635704353379], 
            [-84.4329702163734, 33.7635524355266], 
            [-84.4314022164567, 33.7635444361135], 
            [-84.429298215949, 33.7635344357284], 
            [-84.4279472153101, 33.7635284364], 
            [-84.4272332145531, 33.7635254362875], 
            [-84.4243952141586, 33.763506436412], 
            [-84.424372213984, 33.7633824360639], 
            [-84.42438321445, 33.7625474360495], 
            [-84.4243892138017, 33.7620334356184], 
            [-84.4241772138018, 33.7610034355713], 
            [-84.4241782138224, 33.7605184355847], 
            [-84.4242022140297, 33.7603854357173], 
            [-84.4242372138447, 33.7601884355824], 
            [-84.4243452143277, 33.7595874356135], 
            [-84.4245502138873, 33.7584474349513], 
            [-84.425034213774, 33.7567594349706], 
            [-84.4251192141054, 33.7564644347902], 
            [-84.425319214356, 33.7557694340603], 
            [-84.4255452140094, 33.7549804343703], 
            [-84.4255702142652, 33.7548874345574], 
            [-84.4259222143403, 33.7535474336171], 
            [-84.4262962136336, 33.7521304336052], 
            [-84.4263822140096, 33.7518024336945], 
            [-84.4266182141321, 33.7511084330096], 
            [-84.4268062138415, 33.7507074333103], 
            [-84.4273462145682, 33.7497714330936], 
            [-84.4275042146976, 33.7496244325726], 
            [-84.4278112145393, 33.7493404328935], 
            [-84.4288592145555, 33.7483664326961], 
            [-84.4300072147123, 33.7473334324594], 
            [-84.4307262147675, 33.7466874321817], 
            [-84.4313252155914, 33.7468304324893], 
            [-84.4317542157181, 33.7469144318684], 
            [-84.4321492151645, 33.7469634323252], 
            [-84.4325242154802, 33.7469884325703], 
            [-84.432844215941, 33.7470014322613], 
            [-84.4336382159133, 33.7469974320465], 
            [-84.434356215955, 33.746971432614], 
            [-84.4349752159006, 33.7469674324056], 
            [-84.4359572165037, 33.7469784319795], 
            [-84.4364022164699, 33.7469934317586], 
            [-84.4368402170115, 33.7470264323719], 
            [-84.4373662171422, 33.7471014322298], 
            [-84.4377192173388, 33.7471724319088], 
            [-84.4380452171808, 33.7472254316541], 
            [-84.4387292174534, 33.7473854318469], 
            [-84.4389542171073, 33.7474794316968], 
            [-84.4390312170841, 33.7474974325279], 
            [-84.4393582178749, 33.7476064321697], 
            [-84.439663217645, 33.7477214320903], 
            [-84.4399672173701, 33.7478614322699], 
            [-84.4402392183085, 33.748006431783], 
            [-84.440428218091, 33.7481074319586], 
            [-84.4406042181697, 33.748209432181], 
            [-84.441119217803, 33.7485294325981], 
            [-84.44135821811, 33.7486864326683], 
            [-84.4414762181938, 33.748763432634], 
            [-84.4419232182684, 33.7490714324976], 
            [-84.4421792184673, 33.7492724328071], 
            [-84.4422212186207, 33.7493294327483], 
            [-84.4426962190948, 33.7496294322403], 
            [-84.4428822187413, 33.7497914325441], 
            [-84.4432802192392, 33.7500834325677], 
            [-84.4436242190284, 33.7503484322416], 
            [-84.4438302187027, 33.7504914325637], 
            [-84.4440362192754, 33.750619432191], 
            [-84.4441482190808, 33.7506954330099], 
            [-84.444161218806, 33.751094432609], 
            [-84.4441542194427, 33.7522634328088], 
            [-84.444180218862, 33.7524794329223], 
            [-84.4443612191992, 33.7530794328341], 
            [-84.4443992191762, 33.7533114327892], 
            [-84.444414218986, 33.7535554333011], 
            [-84.4444112197501, 33.7536304331786], 
            [-84.4444072195713, 33.7537604329063], 
            [-84.4443892196427, 33.7538984330052], 
            [-84.4440352194097, 33.7540134329503], 
            [-84.4435042190587, 33.7541614335314], 
            [-84.443242219495, 33.7542284330479], 
            [-84.4421692191785, 33.7544574338046], 
            [-84.4420742183684, 33.7544754337428], 
            [-84.4415092182363, 33.7545844334177], 
            [-84.4409752186423, 33.7546734339635], 
            [-84.4400772183485, 33.754824433798], 
            [-84.4387542181228, 33.7550664333676], 
            [-84.4379972171758, 33.7551894336982], 
            [-84.4378382178928, 33.7552154340094], 
            [-84.4361342170769, 33.7555034339257], 
            [-84.4341972162414, 33.7558054344991], 
            [-84.4335492167536, 33.7558994343815]
          ]
        ]
      }, 
      "properties" : null
    }, 
    {
      "type" : "Feature", 
      "geometry" : 
      {
        "type" : "Polygon", 
        "coordinates" : 
        [
          [
            [-84.4175062117785, 33.7604314353991], 
            [-84.4175132120688, 33.7597814358618], 
            [-84.417520211458, 33.7591004357876], 
            [-84.4175302118727, 33.7581724350619], 
            [-84.4175482117892, 33.7578084352846], 
            [-84.4175132119449, 33.7574544350731], 
            [-84.4175272116521, 33.7566444353174], 
            [-84.4175272116512, 33.7566264344835], 
            [-84.4175302117829, 33.7564854351455], 
            [-84.4175322118683, 33.7563454349546], 
            [-84.4175442114845, 33.7555704350219], 
            [-84.4175582120893, 33.7547264345904], 
            [-84.4185052119672, 33.7547284346479], 
            [-84.4186942117449, 33.7547394342512], 
            [-84.4198742125431, 33.7547534339566], 
            [-84.4204032128094, 33.7547604342613], 
            [-84.4213202130957, 33.7547974341428], 
            [-84.4220652125945, 33.7548234344204], 
            [-84.4223372126253, 33.7548124339007], 
            [-84.4226762130659, 33.7547764340189], 
            [-84.4229432128628, 33.7547304345758], 
            [-84.4232702136435, 33.7546514345009], 
            [-84.4235892131524, 33.7545484342138], 
            [-84.4238952138556, 33.7544234338073], 
            [-84.4244492134686, 33.754152433822], 
            [-84.4252892137549, 33.7537364343029], 
            [-84.4255792137163, 33.7536244335999], 
            [-84.4257802140475, 33.7535714338349], 
            [-84.4259222143403, 33.7535474336171], 
            [-84.4255702142652, 33.7548874345574], 
            [-84.4255452140094, 33.7549804343703], 
            [-84.425319214356, 33.7557694340603], 
            [-84.4251192141054, 33.7564644347902], 
            [-84.425034213774, 33.7567594349706], 
            [-84.4245502138873, 33.7584474349513], 
            [-84.4243452143277, 33.7595874356135], 
            [-84.4242372138447, 33.7601884355824], 
            [-84.4242022140297, 33.7603854357173], 
            [-84.4241782138224, 33.7605184355847], 
            [-84.4241772138018, 33.7610034355713], 
            [-84.4243892138017, 33.7620334356184], 
            [-84.42438321445, 33.7625474360495], 
            [-84.424372213984, 33.7633824360639], 
            [-84.4243952141586, 33.763506436412], 
            [-84.4272332145531, 33.7635254362875], 
            [-84.4279472153101, 33.7635284364], 
            [-84.429298215949, 33.7635344357284], 
            [-84.4314022164567, 33.7635444361135], 
            [-84.4329702163734, 33.7635524355266], 
            [-84.4328222167128, 33.7637874356277], 
            [-84.4326792163815, 33.7639624356466], 
            [-84.4325022162721, 33.7641534355088], 
            [-84.4324562168382, 33.7642034360284], 
            [-84.4323612160357, 33.7643644362963], 
            [-84.4323022160062, 33.7645604363858], 
            [-84.4322802167905, 33.7646834357899], 
            [-84.4322642160654, 33.7650104365509], 
            [-84.4322682162662, 33.7652944362184], 
            [-84.4322922165092, 33.7658324359616], 
            [-84.4323022160799, 33.7659444366535], 
            [-84.432386216395, 33.7662154366151], 
            [-84.4324712167637, 33.7666214365358], 
            [-84.4325382162881, 33.7668584367214], 
            [-84.4325582163199, 33.7669164367098], 
            [-84.4327242168532, 33.7673824367093], 
            [-84.4329342167332, 33.7679024365109], 
            [-84.4330412172139, 33.7681294371311], 
            [-84.433170216917, 33.7683604370365], 
            [-84.4334092172347, 33.7687164364336], 
            [-84.4338772173986, 33.7692894368825], 
            [-84.4339332173037, 33.7693744372212], 
            [-84.4339712172733, 33.7694654369391], 
            [-84.4339892172138, 33.7695524373717], 
            [-84.433988217185, 33.7698814373256], 
            [-84.4339672171859, 33.7713074377412], 
            [-84.4334152167556, 33.7713784374538], 
            [-84.4326652170342, 33.7715274371901], 
            [-84.4323792172555, 33.7715854371899], 
            [-84.4315302165386, 33.7717584371424], 
            [-84.4312262168241, 33.7718164380422], 
            [-84.4307912164267, 33.7718784373334], 
            [-84.4303782161497, 33.7719164373107], 
            [-84.4299412165565, 33.7719344372615], 
            [-84.4295012159236, 33.7719294379456], 
            [-84.4291282157011, 33.7719124380711], 
            [-84.4289622160914, 33.771902437614], 
            [-84.4281162155019, 33.7718534380732], 
            [-84.4267952153546, 33.7718254377245], 
            [-84.4265652154733, 33.7718214375477], 
            [-84.4263442151137, 33.7718814376377], 
            [-84.4261742153232, 33.7719594376604], 
            [-84.4260832147005, 33.7720134374676], 
            [-84.4262242149875, 33.772750438332], 
            [-84.4264452154211, 33.7740804378883], 
            [-84.42664421572, 33.7751624385463], 
            [-84.4266952154033, 33.7754394387871], 
            [-84.4267162154864, 33.7755864384021], 
            [-84.4266962154573, 33.7755814381712], 
            [-84.4266022155905, 33.7755554387688], 
            [-84.4264322148972, 33.775568438478], 
            [-84.4260652149556, 33.7755984389822], 
            [-84.4258112148603, 33.7756014382314], 
            [-84.425000214999, 33.7756144388638], 
            [-84.4241842149048, 33.7756134388478], 
            [-84.4233372142713, 33.7756124388329], 
            [-84.4222822138785, 33.7756114388258], 
            [-84.4195262136925, 33.7756074387429], 
            [-84.418369213063, 33.7756054386932], 
            [-84.4180222131486, 33.7756054387061], 
            [-84.4173552127741, 33.7756044386845], 
            [-84.4173582128893, 33.7751544385207], 
            [-84.4173582128862, 33.7750954384853], 
            [-84.4173602129667, 33.7748664386677], 
            [-84.4173642122129, 33.7741134388552], 
            [-84.4173712124805, 33.7730384385139], 
            [-84.4173772127144, 33.772204438546], 
            [-84.4173852121433, 33.771396437984], 
            [-84.4173922124306, 33.7706904376509], 
            [-84.4173952125589, 33.7704854380459], 
            [-84.4174002127672, 33.7700404381136], 
            [-84.4174132124114, 33.7689184373931], 
            [-84.4174322122969, 33.767100436803], 
            [-84.4174402126355, 33.7664864371349], 
            [-84.4174402126316, 33.7664144373965], 
            [-84.4174502121489, 33.7655234365863], 
            [-84.4174562123984, 33.7649804366104], 
            [-84.4174632117874, 33.7642944363046], 
            [-84.4174722121617, 33.7634814364101], 
            [-84.4174822116805, 33.7626174359515], 
            [-84.4174862118462, 33.7622434357114], 
            [-84.4175062117785, 33.7604314353991]
          ]
        ]
      }, 
      "properties" : null
    }, 
    {
      "type" : "Feature", 
      "geometry" : 
      {
        "type" : "Polygon", 
        "coordinates" : 
        [
          [
            [-84.4222822138785, 33.7756114388258], 
            [-84.4233372142713, 33.7756124388329], 
            [-84.4241842149048, 33.7756134388478], 
            [-84.425000214999, 33.7756144388638], 
            [-84.4258112148603, 33.7756014382314], 
            [-84.4260652149556, 33.7755984389822], 
            [-84.4264322148972, 33.775568438478], 
            [-84.4266022155905, 33.7755554387688], 
            [-84.4266962154573, 33.7755814381712], 
            [-84.4267162154864, 33.7755864384021], 
            [-84.4267292151951, 33.7756754389276], 
            [-84.4267802157785, 33.7759664389176], 
            [-84.4268412159274, 33.7762714386567], 
            [-84.426945215376, 33.7766184385411], 
            [-84.4270612153795, 33.7769294385561], 
            [-84.4271222155196, 33.7770674386519], 
            [-84.4272042157362, 33.7772324390986], 
            [-84.4273392157162, 33.7774344385595], 
            [-84.4275432162044, 33.7777154389799], 
            [-84.4276702158101, 33.7778594393513], 
            [-84.4284472159402, 33.7787424388622], 
            [-84.4295982163614, 33.7800594395802], 
            [-84.4306192170351, 33.7811844395018], 
            [-84.4310692172635, 33.7817654394226], 
            [-84.4312972170704, 33.7821154394416], 
            [-84.4315862170187, 33.7826294398616], 
            [-84.4318512176573, 33.7832434404188], 
            [-84.4319952171683, 33.7836814400212], 
            [-84.4320892170497, 33.7839834405192], 
            [-84.4322462171815, 33.7847494400286], 
            [-84.4322932175965, 33.7853624405476], 
            [-84.4323412171738, 33.7862594407341], 
            [-84.4323762179353, 33.7869484411773], 
            [-84.4323872175615, 33.7872294407055], 
            [-84.4323772180076, 33.7874324411174], 
            [-84.4323782180656, 33.7876504413246], 
            [-84.4320502172288, 33.7875494411542], 
            [-84.4314072170596, 33.7873784413497], 
            [-84.4311022172924, 33.7873194413256], 
            [-84.4306492169531, 33.7872684407783], 
            [-84.4282562165127, 33.7870414411425], 
            [-84.4280972163284, 33.7870284405462], 
            [-84.4279642164535, 33.7870584410416], 
            [-84.4279772161634, 33.7871684407414], 
            [-84.4279662165521, 33.7871674406955], 
            [-84.4279372160976, 33.7870154408492], 
            [-84.4279082165437, 33.7868854411226], 
            [-84.4272722158069, 33.7868464411381], 
            [-84.4258212159177, 33.7867304412138], 
            [-84.4254272156194, 33.7867014407842], 
            [-84.4248982153512, 33.7866614407494], 
            [-84.4243452157675, 33.7866114411515], 
            [-84.4241082155588, 33.7865594414492], 
            [-84.4238052149831, 33.7864624414631], 
            [-84.4230222146103, 33.7862504406637], 
            [-84.4215262144176, 33.7858724411933], 
            [-84.4207672142594, 33.7856654406247], 
            [-84.4198032135793, 33.7854134406768], 
            [-84.4193742134505, 33.7852904412895], 
            [-84.4189532136906, 33.7851244408091], 
            [-84.4186622136688, 33.7849734410188], 
            [-84.4183702136, 33.7848104406726], 
            [-84.4180912132337, 33.78462144092], 
            [-84.4179922131329, 33.7845584407029], 
            [-84.4174932133357, 33.7841084405578], 
            [-84.4165312127142, 33.7832144405441], 
            [-84.4158702125835, 33.782566440225], 
            [-84.4144232119161, 33.7812414400467], 
            [-84.4140792121253, 33.7809474399285], 
            [-84.4133752117983, 33.7803074399816], 
            [-84.4129772112961, 33.7799354398492], 
            [-84.4132602118397, 33.7799674404219], 
            [-84.4143962124008, 33.7800954400145], 
            [-84.4146942118434, 33.7801584402242], 
            [-84.4149152122102, 33.7802334400934], 
            [-84.4149672119265, 33.780257440304], 
            [-84.4151232119748, 33.780330440083], 
            [-84.4153162128431, 33.7804474401004], 
            [-84.4155202124252, 33.7806004399866], 
            [-84.4157022127877, 33.7808054404841], 
            [-84.4172222132769, 33.7827234402539], 
            [-84.4172722128976, 33.7826934406608], 
            [-84.4173052135271, 33.7826474403271], 
            [-84.4173122129426, 33.7824594406102], 
            [-84.41735121262, 33.7761984392245], 
            [-84.4173552127741, 33.7756044386845], 
            [-84.4180222131486, 33.7756054387061], 
            [-84.418369213063, 33.7756054386932], 
            [-84.4195262136925, 33.7756074387429], 
            [-84.4222822138785, 33.7756114388258]
          ]
        ]
      }, 
      "properties" : null
    }, 
    {
      "type" : "Feature", 
      "geometry" : 
      {
        "type" : "MultiPolygon", 
        "coordinates" : 
        [
          [
            [
              [-84.5392472456942, 33.7272494242292], 
              [-84.5396042451725, 33.7272344244203], 
              [-84.5394322452684, 33.7269254236008], 
              [-84.5392022453599, 33.7264074238926], 
              [-84.5391162449405, 33.7259194237702], 
              [-84.5390582449287, 33.7255744239767], 
              [-84.5390582449087, 33.7252004237367], 
              [-84.5392022452391, 33.7241374230469], 
              [-84.5395182454236, 33.7224474229799], 
              [-84.5435032459815, 33.7224524230635], 
              [-84.543431246176, 33.7212924223843], 
              [-84.5434192464867, 33.7206964226517], 
              [-84.5434122461416, 33.7203144220413], 
              [-84.5478352472442, 33.7204144220133], 
              [-84.55096624864, 33.7203674224174], 
              [-84.5510722481858, 33.7207994226426], 
              [-84.5509352485099, 33.7280534241712], 
              [-84.5509312483449, 33.728439424068], 
              [-84.548764248512, 33.7284364240095], 
              [-84.5398952452501, 33.7284374243854], 
              [-84.5401532455597, 33.7289764241663], 
              [-84.5402252453143, 33.7291784245288], 
              [-84.5403792461936, 33.7297124249812], 
              [-84.5408392460506, 33.7314974249238], 
              [-84.5411052458582, 33.7325254248762], 
              [-84.5411392465489, 33.7327554247388], 
              [-84.5411502461728, 33.7329974251582], 
              [-84.5411492461277, 33.7330204253244], 
              [-84.5411342463426, 33.7332394255785], 
              [-84.5410962463897, 33.7334604250268], 
              [-84.5404812457321, 33.7334924256329], 
              [-84.5400222460194, 33.7335464254538], 
              [-84.5396282457267, 33.7336194252531], 
              [-84.5395492456591, 33.7336374251907], 
              [-84.5388172458749, 33.7338074258992], 
              [-84.5382922458016, 33.7339394257389], 
              [-84.5377662456834, 33.7340974258839], 
              [-84.5372842449095, 33.7342654255912], 
              [-84.5367762447295, 33.734466425929], 
              [-84.5362592450316, 33.7346764257848], 
              [-84.5361412449537, 33.734708425473], 
              [-84.5359632447888, 33.7347304255996], 
              [-84.5357042444615, 33.7347304256092], 
              [-84.5354602448284, 33.7346984259344], 
              [-84.5337452443653, 33.7343004255456], 
              [-84.5330942438261, 33.7341494257687], 
              [-84.5323062441239, 33.7339944258116], 
              [-84.5318672435331, 33.7339084254408], 
              [-84.5302962434628, 33.7336214256926], 
              [-84.5299252433301, 33.7335464258291], 
              [-84.5297382427434, 33.7334884258468], 
              [-84.5270772424087, 33.7323324254493], 
              [-84.5265892422347, 33.7321074258352], 
              [-84.5273002418668, 33.730489425492], 
              [-84.5276342420759, 33.7304664253134], 
              [-84.527700242213, 33.7261894241127], 
              [-84.5297572423382, 33.726207423971], 
              [-84.5308172429633, 33.7262174243948], 
              [-84.5318082430845, 33.726227423922], 
              [-84.5338972437954, 33.7262464238253], 
              [-84.5339032439735, 33.7243614237289], 
              [-84.5339392437912, 33.7233434233293], 
              [-84.5339472432017, 33.7221904229715], 
              [-84.5339512433567, 33.7216154233117], 
              [-84.5339632438138, 33.7197394227327], 
              [-84.5339642429591, 33.7197054229561], 
              [-84.5339442438216, 33.7195534222101], 
              [-84.5339002435701, 33.7193954229856], 
              [-84.5334082431562, 33.7181494219351], 
              [-84.5331612433482, 33.7174454226033], 
              [-84.533149242786, 33.7173434223749], 
              [-84.5331812433643, 33.7172064223218], 
              [-84.5333822427771, 33.7167954221589], 
              [-84.5334582427007, 33.7166864216027], 
              [-84.5343082434251, 33.7157874221894], 
              [-84.5344482436212, 33.7156904221869], 
              [-84.5345472437166, 33.7156534213684], 
              [-84.5346722432207, 33.7156334213364], 
              [-84.5355642432444, 33.7156394215813], 
              [-84.5360632439869, 33.7169584224164], 
              [-84.5355372438897, 33.7175134220682], 
              [-84.5361532437302, 33.7181554221111], 
              [-84.5362452445808, 33.7215144230439], 
              [-84.5362562442128, 33.721906423218], 
              [-84.5363292441443, 33.7245624239577], 
              [-84.5367292447991, 33.7260634242351], 
              [-84.5369942445128, 33.7261984241844], 
              [-84.5373752451144, 33.7263664238597], 
              [-84.5370992449297, 33.7269714240201], 
              [-84.5374712451172, 33.7272054240554], 
              [-84.5376012448572, 33.7272574237617], 
              [-84.5377412450601, 33.7272884242933], 
              [-84.5378732448905, 33.7272954237134], 
              [-84.5392472456942, 33.7272494242292]
            ]
          ], 
          [
            [
              [-84.5461502462549, 33.700850417712], 
              [-84.5464322458667, 33.7011484180178], 
              [-84.5466722462236, 33.7013714184477], 
              [-84.5467442459709, 33.7014394179981], 
              [-84.5451992453765, 33.702432418195], 
              [-84.5452162463388, 33.7056964192261], 
              [-84.5452422457734, 33.7061984191], 
              [-84.5449902457689, 33.7061624192402], 
              [-84.5446892461884, 33.7061204191041], 
              [-84.5455602462905, 33.7090194202805], 
              [-84.5456912460975, 33.7094574198833], 
              [-84.5455202462571, 33.7094734197317], 
              [-84.5451312461945, 33.7095094196153], 
              [-84.5449662457227, 33.7093264201364], 
              [-84.544937246174, 33.7092934204073], 
              [-84.5448122457675, 33.7092574196434], 
              [-84.5447052461992, 33.709275419582], 
              [-84.54464124593, 33.7093264201485], 
              [-84.5446162456703, 33.7093464201767], 
              [-84.5444732462378, 33.7095074204464], 
              [-84.5441882456032, 33.709507420457], 
              [-84.543862245759, 33.7094114205181], 
              [-84.5434572458573, 33.7095254204187], 
              [-84.5432612457583, 33.7095784201836], 
              [-84.5430652456573, 33.7095964201254], 
              [-84.5429042453771, 33.7095254204393], 
              [-84.5426372455712, 33.709400420054], 
              [-84.5415492454565, 33.7095964201817], 
              [-84.5414422449879, 33.7095964201856], 
              [-84.5413862450752, 33.7093694204629], 
              [-84.5413552454286, 33.7092424199761], 
              [-84.5411652447034, 33.709197419697], 
              [-84.5405302449069, 33.7090504201048], 
              [-84.5397922448401, 33.7091434199442], 
              [-84.5395032440164, 33.7090754204018], 
              [-84.5393232446581, 33.7090964204821], 
              [-84.538707243954, 33.7091274201426], 
              [-84.5383072442799, 33.7091574206479], 
              [-84.5380682439814, 33.7091594198502], 
              [-84.5379052436103, 33.7091244200334], 
              [-84.5367202434779, 33.7090734204125], 
              [-84.5360322430288, 33.709079420716], 
              [-84.5360782433574, 33.7089414206161], 
              [-84.5361052437035, 33.7088014204243], 
              [-84.5362182435016, 33.7078674203161], 
              [-84.5363692432482, 33.7066304196585], 
              [-84.5364522434792, 33.706193420094], 
              [-84.5364772437345, 33.7060904198178], 
              [-84.5365092434139, 33.7059604191897], 
              [-84.5365982430285, 33.7056094191127], 
              [-84.5366202431453, 33.7055194194389], 
              [-84.5366662434681, 33.7052714196386], 
              [-84.5366922437571, 33.7049304191279], 
              [-84.5366742438028, 33.7045854193328], 
              [-84.5382492440442, 33.7045994190236], 
              [-84.5385262443087, 33.7046224191795], 
              [-84.538718244227, 33.704659419088], 
              [-84.5390222439489, 33.7047404192321], 
              [-84.5392462444524, 33.7047714188613], 
              [-84.5410352447326, 33.7048024193318], 
              [-84.5422542446424, 33.7048214192675], 
              [-84.5424122447802, 33.7048334189183], 
              [-84.5425512449372, 33.7048734189676], 
              [-84.5426582454087, 33.7049284188138], 
              [-84.5428272451638, 33.7050564193417], 
              [-84.5428242449267, 33.7032144185397], 
              [-84.5428352454212, 33.7029144190297], 
              [-84.5431032452386, 33.7023824186543], 
              [-84.5446402455151, 33.7023914181149], 
              [-84.5446392454654, 33.7023304188861], 
              [-84.544635245272, 33.7021834183711], 
              [-84.5446392454563, 33.7021594181584], 
              [-84.5446512451097, 33.7020824181879], 
              [-84.5447142453303, 33.7019904184199], 
              [-84.5449502454786, 33.7017804185745], 
              [-84.5452982454231, 33.7014774180137], 
              [-84.5456382458961, 33.7011804186304], 
              [-84.5459692459529, 33.7009094177541], 
              [-84.5461502462549, 33.700850417712]
            ]
          ]
        ]
      }, 
      "properties" : null
    }, 
    {
      "type" : "Feature", 
      "geometry" : 
      {
        "type" : "MultiPolygon", 
        "coordinates" : 
        [
          [
            [
              [-84.5399332434055, 33.69440441698], 
              [-84.539685243588, 33.6943944174252], 
              [-84.5394052431858, 33.6944004168143], 
              [-84.5391792434915, 33.6944204168499], 
              [-84.5388982430449, 33.6944634170539], 
              [-84.5386782436306, 33.6945124166342], 
              [-84.5382512436084, 33.6946474175086], 
              [-84.5378992434705, 33.6948044176007], 
              [-84.5366522431977, 33.695482417582], 
              [-84.5363452424497, 33.6956344174408], 
              [-84.5358052425843, 33.6958524176681], 
              [-84.5353612426721, 33.6959764171341], 
              [-84.5350822423188, 33.6960304178476], 
              [-84.5346822426463, 33.6960894178979], 
              [-84.534273242555, 33.6961284179213], 
              [-84.5337282424458, 33.6961244177562], 
              [-84.5333142421186, 33.6960884179023], 
              [-84.5295442407201, 33.6956014179629], 
              [-84.5290842409569, 33.6955784178137], 
              [-84.5278622400099, 33.695584418137], 
              [-84.5266232400726, 33.6955904175616], 
              [-84.5261032402231, 33.6955654182213], 
              [-84.5257522401212, 33.6955274173732], 
              [-84.5246282392162, 33.6953654180034], 
              [-84.5241342396701, 33.6952714181634], 
              [-84.5236042393502, 33.6951254177142], 
              [-84.5208072381126, 33.6941934178065], 
              [-84.5190852373181, 33.6936704179219], 
              [-84.5188132372816, 33.6935724178882], 
              [-84.5184772378701, 33.6934304176172], 
              [-84.5180652376273, 33.6932364176378], 
              [-84.5180542371025, 33.6929644176272], 
              [-84.5180232374438, 33.6926104174155], 
              [-84.5179902376949, 33.6923054176755], 
              [-84.5179402371586, 33.6920274173883], 
              [-84.5177732374754, 33.6915044174459], 
              [-84.5175792374411, 33.6910294170305], 
              [-84.5173202370885, 33.6905534174704], 
              [-84.5170892371435, 33.6902234165794], 
              [-84.5168152369999, 33.6898554166275], 
              [-84.5162822365182, 33.6892854172192], 
              [-84.5160042361939, 33.6890104170795], 
              [-84.5159622369402, 33.6889594165169], 
              [-84.5148752359079, 33.6879374168727], 
              [-84.5143632364071, 33.6874884167742], 
              [-84.5139992356861, 33.6871534165558], 
              [-84.5135772358676, 33.6867514159335], 
              [-84.5123522356171, 33.6855604165587], 
              [-84.5120272349052, 33.6851854162843], 
              [-84.5120692350395, 33.6848834157811], 
              [-84.5121592355898, 33.6843424158946], 
              [-84.5122532354384, 33.6840264156402], 
              [-84.512294235538, 33.6839444154369], 
              [-84.5124052352809, 33.6837194158006], 
              [-84.5125152349807, 33.6835554153931], 
              [-84.5126962352736, 33.6833244154762], 
              [-84.5128522353093, 33.6831604159663], 
              [-84.5131362358843, 33.6829114152116], 
              [-84.5144922357977, 33.6818264152561], 
              [-84.5148462360205, 33.6815204154553], 
              [-84.514984236121, 33.6813694147497], 
              [-84.515095235868, 33.6812224151298], 
              [-84.5154192355854, 33.6806754149566], 
              [-84.5156392358891, 33.6804394148066], 
              [-84.5158912358803, 33.6802264148216], 
              [-84.5165852365784, 33.6796634147928], 
              [-84.5179722370309, 33.6785784148361], 
              [-84.5181952365764, 33.6783764144626], 
              [-84.5183022370383, 33.678250414017], 
              [-84.5183862364325, 33.6781174141474], 
              [-84.5184882366582, 33.6779114144923], 
              [-84.5185222364312, 33.6777974146054], 
              [-84.5185582362923, 33.6775924140997], 
              [-84.5185642365619, 33.6774274145491], 
              [-84.5185512368506, 33.6772894144514], 
              [-84.5185042364571, 33.6770784136708], 
              [-84.5184912367516, 33.6770484140801], 
              [-84.5182772366971, 33.6767354139761], 
              [-84.5181832368258, 33.6766214140939], 
              [-84.5180792364913, 33.6765244141004], 
              [-84.5178992362266, 33.6764134143605], 
              [-84.5177352367061, 33.6763334142575], 
              [-84.5174652367624, 33.6762344141775], 
              [-84.517108236378, 33.6761194142588], 
              [-84.5168872360112, 33.6760424142969], 
              [-84.5165012360788, 33.675908413499], 
              [-84.5156592356623, 33.6756194136309], 
              [-84.5155082358477, 33.6755764134429], 
              [-84.5155942353189, 33.6751444141098], 
              [-84.5156832358234, 33.6746124137411], 
              [-84.515796235638, 33.6739894136519], 
              [-84.5159432361293, 33.673332413785], 
              [-84.5160072354857, 33.6730284131883], 
              [-84.5160392360617, 33.6728464128491], 
              [-84.5162282357939, 33.6719994131713], 
              [-84.5162952361911, 33.6717374127217], 
              [-84.5164602357257, 33.671207413342], 
              [-84.516587236208, 33.6709234127702], 
              [-84.5167612361712, 33.6705994130416], 
              [-84.517236235694, 33.669922412236], 
              [-84.5175762361626, 33.6695404125119], 
              [-84.5179602359753, 33.6691664122576], 
              [-84.5184972365903, 33.6687504127498], 
              [-84.5190502361532, 33.6684104122658], 
              [-84.5207182370632, 33.6674864116638], 
              [-84.5211642370602, 33.6672094123038], 
              [-84.5213642373404, 33.6670724122446], 
              [-84.5214952371187, 33.6669714120571], 
              [-84.52173323736, 33.666766411544], 
              [-84.5219412371067, 33.6665264121083], 
              [-84.5220402371983, 33.6664184115978], 
              [-84.5221822374819, 33.6662194113661], 
              [-84.5224702373295, 33.6657134112951], 
              [-84.5225482373431, 33.6655514118808], 
              [-84.5226562369451, 33.6652944116613], 
              [-84.522758237161, 33.6649034115292], 
              [-84.5227872375971, 33.6647094115335], 
              [-84.5228232374531, 33.6644084110768], 
              [-84.5228262375776, 33.6641304107876], 
              [-84.5228212373426, 33.6640744108913], 
              [-84.5227262373749, 33.6630184105343], 
              [-84.5226472372741, 33.6624104111473], 
              [-84.5226162367165, 33.6620624103143], 
              [-84.5224962374003, 33.6612494104245], 
              [-84.5224412366293, 33.6609214105188], 
              [-84.5224142371567, 33.660573410585], 
              [-84.522280237176, 33.6594814103603], 
              [-84.5221782369008, 33.6587514098185], 
              [-84.5220892363287, 33.6580054094343], 
              [-84.5219912362379, 33.6572534096717], 
              [-84.5219202365115, 33.6567044094204], 
              [-84.522032236313, 33.656709409648], 
              [-84.523306236976, 33.6567214092575], 
              [-84.5259342375176, 33.6567464094191], 
              [-84.5259342375327, 33.6570324091795], 
              [-84.5259342376112, 33.6585154095376], 
              [-84.5259312374939, 33.658928409786], 
              [-84.5261132378477, 33.6589704099264], 
              [-84.5266222380884, 33.6590404095534], 
              [-84.5271022378809, 33.6590734101651], 
              [-84.5272402379898, 33.6590824096777], 
              [-84.5282242386873, 33.6591274099275], 
              [-84.5285112385164, 33.6591484099904], 
              [-84.5286132387539, 33.6591664099212], 
              [-84.5285672384733, 33.6602114097738], 
              [-84.5292862385683, 33.6603184102078], 
              [-84.5292312387291, 33.6606024098775], 
              [-84.5291102385555, 33.6614584099699], 
              [-84.5290652391767, 33.6616724099934], 
              [-84.5289372386526, 33.6620434100993], 
              [-84.5287552392185, 33.6623864107085], 
              [-84.5286702388783, 33.6625154103929], 
              [-84.5285772390653, 33.6626264110423], 
              [-84.5281122390945, 33.6630644106674], 
              [-84.5279482386852, 33.6631834107908], 
              [-84.5275842388935, 33.6634114105754], 
              [-84.5272112386832, 33.6636224104723], 
              [-84.5266232383918, 33.6638924113118], 
              [-84.5263072381239, 33.6640154107268], 
              [-84.5261102379793, 33.6640834111865], 
              [-84.5259282385294, 33.6641294106264], 
              [-84.5260472381955, 33.6724204125271], 
              [-84.5260572386978, 33.673143412748], 
              [-84.5298562396183, 33.6731594124492], 
              [-84.5315082398351, 33.6731654126659], 
              [-84.5355032417568, 33.6731814123598], 
              [-84.5358352418744, 33.6731834124402], 
              [-84.5359292419554, 33.6772504137992], 
              [-84.5358582413665, 33.6773974134177], 
              [-84.5358022414741, 33.6775534134525], 
              [-84.5357612413795, 33.6777284134678], 
              [-84.5357412413601, 33.6779044135285], 
              [-84.5356382421216, 33.6806414144307], 
              [-84.5375062424711, 33.6806874137946], 
              [-84.5376432425342, 33.6807064137704], 
              [-84.5377712421807, 33.6807474138666], 
              [-84.5379632420901, 33.6806164140855], 
              [-84.5382292427442, 33.6806524139449], 
              [-84.5386242430889, 33.6806844145135], 
              [-84.5395432425679, 33.6807134140243], 
              [-84.5405862433033, 33.680723414449], 
              [-84.5414542431114, 33.6807094137681], 
              [-84.5419012440684, 33.6807024143266], 
              [-84.5423532434596, 33.6807114138275], 
              [-84.5434312440217, 33.6807424143244], 
              [-84.544678244331, 33.6807544139348], 
              [-84.5456662443133, 33.6807724138328], 
              [-84.5456392448777, 33.6811244139539], 
              [-84.5455352446169, 33.6824154144136], 
              [-84.5453682451236, 33.6854734149012], 
              [-84.5453522453, 33.6858414148638], 
              [-84.5453152445286, 33.6867114156016], 
              [-84.545237244606, 33.6885884153302], 
              [-84.5452472451038, 33.689224416017], 
              [-84.5452232449138, 33.6896834156992], 
              [-84.5452062452386, 33.6937204165714], 
              [-84.5478642462738, 33.6937614165736], 
              [-84.5478782462396, 33.6978174174255], 
              [-84.5451542457404, 33.6978034177774], 
              [-84.5451352458061, 33.6987074173915], 
              [-84.5448112451136, 33.6978244178637], 
              [-84.5447402454084, 33.6976784173975], 
              [-84.544697245207, 33.6975894177724], 
              [-84.5445592450865, 33.6973634171997], 
              [-84.5444032450312, 33.6971574175541], 
              [-84.5442332452266, 33.6969714170371], 
              [-84.5440222453176, 33.6967774170503], 
              [-84.5435822446664, 33.6964244169002], 
              [-84.5419582447829, 33.6951624169489], 
              [-84.5417542443015, 33.6950064169236], 
              [-84.5416112439563, 33.694916417256], 
              [-84.541401244098, 33.6948014173318], 
              [-84.541170244165, 33.6946964169724], 
              [-84.5409422443722, 33.6946094174469], 
              [-84.5406972437912, 33.6945334166328], 
              [-84.5404582434895, 33.6944764166989], 
              [-84.5402032442447, 33.6944324173679], 
              [-84.5399332434055, 33.69440441698]
            ]
          ], 
          [
            [
              [-84.5056762336407, 33.6902104172996], 
              [-84.5052342338155, 33.6902254171115], 
              [-84.5051252332574, 33.6902874172901], 
              [-84.5049552334641, 33.6903144176479], 
              [-84.5038242331462, 33.6903904176136], 
              [-84.5036722332873, 33.6903884175265], 
              [-84.5036282330434, 33.6903734177326], 
              [-84.5024782327363, 33.6903214171647], 
              [-84.5017532323688, 33.6903264174233], 
              [-84.500272231993, 33.6903194180532], 
              [-84.5001552319593, 33.6903124177331], 
              [-84.5001582320882, 33.690117417692], 
              [-84.5008352320272, 33.6901164176207], 
              [-84.5012772327534, 33.6901324174462], 
              [-84.5018392327527, 33.6901464171747], 
              [-84.5027022332291, 33.6901494172817], 
              [-84.5031962327693, 33.6901334174214], 
              [-84.5045612331597, 33.6901684171937], 
              [-84.5049872331428, 33.6901704172705], 
              [-84.5056762336407, 33.6902104172996]
            ]
          ], 
          [
            [
              [-84.5059832334985, 33.6902284172228], 
              [-84.5056762336407, 33.6902104172996], 
              [-84.5062452339631, 33.6901914172975], 
              [-84.5061342342089, 33.6902054170509], 
              [-84.5059832334985, 33.6902284172228]
            ]
          ]
        ]
      }, 
      "properties" : null
    }, 
    {
      "type" : "Feature", 
      "geometry" : 
      {
        "type" : "Polygon", 
        "coordinates" : 
        [
          [
            [-84.521849236785, 33.656154409123], 
            [-84.5218682367752, 33.6563034097301], 
            [-84.5219202365115, 33.6567044094204], 
            [-84.5219912362379, 33.6572534096717], 
            [-84.5220892363287, 33.6580054094343], 
            [-84.5221782369008, 33.6587514098185], 
            [-84.522280237176, 33.6594814103603], 
            [-84.5224142371567, 33.660573410585], 
            [-84.5224412366293, 33.6609214105188], 
            [-84.5224962374003, 33.6612494104245], 
            [-84.5226162367165, 33.6620624103143], 
            [-84.5226472372741, 33.6624104111473], 
            [-84.5227262373749, 33.6630184105343], 
            [-84.5228212373426, 33.6640744108913], 
            [-84.5228262375776, 33.6641304107876], 
            [-84.5228232374531, 33.6644084110768], 
            [-84.5227872375971, 33.6647094115335], 
            [-84.522758237161, 33.6649034115292], 
            [-84.5226562369451, 33.6652944116613], 
            [-84.5225482373431, 33.6655514118808], 
            [-84.5224702373295, 33.6657134112951], 
            [-84.5221822374819, 33.6662194113661], 
            [-84.5220402371983, 33.6664184115978], 
            [-84.5219412371067, 33.6665264121083], 
            [-84.52173323736, 33.666766411544], 
            [-84.5214952371187, 33.6669714120571], 
            [-84.5213642373404, 33.6670724122446], 
            [-84.5211642370602, 33.6672094123038], 
            [-84.5207182370632, 33.6674864116638], 
            [-84.5190502361532, 33.6684104122658], 
            [-84.5184972365903, 33.6687504127498], 
            [-84.5179602359753, 33.6691664122576], 
            [-84.5175762361626, 33.6695404125119], 
            [-84.517236235694, 33.669922412236], 
            [-84.5167612361712, 33.6705994130416], 
            [-84.516587236208, 33.6709234127702], 
            [-84.5164602357257, 33.671207413342], 
            [-84.5162952361911, 33.6717374127217], 
            [-84.5162282357939, 33.6719994131713], 
            [-84.5160392360617, 33.6728464128491], 
            [-84.5160072354857, 33.6730284131883], 
            [-84.5159432361293, 33.673332413785], 
            [-84.515796235638, 33.6739894136519], 
            [-84.5156832358234, 33.6746124137411], 
            [-84.5155942353189, 33.6751444141098], 
            [-84.5155082358477, 33.6755764134429], 
            [-84.5153642354587, 33.6755364142931], 
            [-84.5150332353822, 33.6754354141226], 
            [-84.5148222354816, 33.6753974141686], 
            [-84.5147872356551, 33.675378414189], 
            [-84.5147692357185, 33.67536741368], 
            [-84.5147162350552, 33.6753184141098], 
            [-84.5147062354896, 33.6753024142682], 
            [-84.5146162358013, 33.6751404139608], 
            [-84.5145592358468, 33.675000413772], 
            [-84.5145252351628, 33.6748924141656], 
            [-84.5144362354946, 33.6742354134081], 
            [-84.5143342352166, 33.6734524131089], 
            [-84.5141442353925, 33.6734414135056], 
            [-84.5133312354273, 33.6732434133558], 
            [-84.5128782350871, 33.6731724136805], 
            [-84.5125372345508, 33.6731514136194], 
            [-84.5112382345263, 33.6731384139646], 
            [-84.5111032345576, 33.6731484135336], 
            [-84.5110492347277, 33.6727324131483], 
            [-84.510971234693, 33.672495412963], 
            [-84.5109262343995, 33.6724204130872], 
            [-84.5098482338026, 33.6717344137208], 
            [-84.5097582341204, 33.671686413299], 
            [-84.5096612341133, 33.6716384128774], 
            [-84.5091162339966, 33.6714934133744], 
            [-84.5089432340605, 33.6714524132799], 
            [-84.5086892339606, 33.671365412856], 
            [-84.5083942337568, 33.6712814134718], 
            [-84.508201233791, 33.6712224134435], 
            [-84.5080592334944, 33.6711744130236], 
            [-84.5079602333962, 33.671157413139], 
            [-84.5078352329909, 33.6711444134407], 
            [-84.5077442332659, 33.6711644134713], 
            [-84.5076492333553, 33.6711874136411], 
            [-84.5074272329556, 33.6713644128564], 
            [-84.5071912327822, 33.6711004132247], 
            [-84.5069702333058, 33.6708524134343], 
            [-84.5064492324933, 33.6705034134725], 
            [-84.5063262330801, 33.6704874127357], 
            [-84.506085232687, 33.6704564131071], 
            [-84.5056702323125, 33.6704054134576], 
            [-84.5052082324585, 33.670419413224], 
            [-84.5044842321339, 33.6703584131227], 
            [-84.5039012320593, 33.6703404132097], 
            [-84.5020662315722, 33.6727464141296], 
            [-84.5014492317438, 33.6732074139266], 
            [-84.4990352312998, 33.6743144140413], 
            [-84.4988122308488, 33.674398414344], 
            [-84.4986892304829, 33.6733764137646], 
            [-84.4986032309382, 33.67242141359], 
            [-84.4984242306685, 33.6713384137838], 
            [-84.4983872307383, 33.6711144132999], 
            [-84.4981262302481, 33.6697914131696], 
            [-84.4980512303492, 33.6694904136165], 
            [-84.4980132303728, 33.6692704133179], 
            [-84.4979952304287, 33.6691164133784], 
            [-84.4979392304931, 33.66845641338], 
            [-84.4978512299372, 33.6671414127146], 
            [-84.4978222303615, 33.6665994127862], 
            [-84.4978012302584, 33.666072412653], 
            [-84.4978962301701, 33.6660714126031], 
            [-84.5067382330886, 33.6662564118536], 
            [-84.5066862324138, 33.6651154120536], 
            [-84.5064482318869, 33.6599264108785], 
            [-84.5062092321783, 33.6540804098419], 
            [-84.506321231979, 33.6540704093744], 
            [-84.5066452317252, 33.6540674092234], 
            [-84.5070782320336, 33.6540814098561], 
            [-84.5074072320136, 33.6541134095278], 
            [-84.5079022325052, 33.6542044092288], 
            [-84.5102842333517, 33.6547754095145], 
            [-84.5111312330962, 33.6549794099411], 
            [-84.5129102338322, 33.6553984095023], 
            [-84.5143562344001, 33.6557394099586], 
            [-84.5156062348641, 33.6560414095147], 
            [-84.5156242347486, 33.6550684094016], 
            [-84.5192342359307, 33.6558154097019], 
            [-84.5210342367037, 33.6555154092262], 
            [-84.5213202364917, 33.6556354093792], 
            [-84.5215942366149, 33.6556194095272], 
            [-84.5217822363451, 33.6556094090569], 
            [-84.5217962361014, 33.655722409795], 
            [-84.5218102367577, 33.6558484093367], 
            [-84.521849236785, 33.656154409123]
          ]
        ]
      }, 
      "properties" : null
    }, 
    {
      "type" : "Feature", 
      "geometry" : 
      {
        "type" : "Polygon", 
        "coordinates" : 
        [
          [
            [-84.5083742347252, 33.6900914170823], 
            [-84.5080502340773, 33.6900494169471], 
            [-84.5076992339766, 33.6900344171645], 
            [-84.5073482338774, 33.6900474168805], 
            [-84.5062452339631, 33.6901914172975], 
            [-84.5056762336407, 33.6902104172996], 
            [-84.5049872331428, 33.6901704172705], 
            [-84.5045612331597, 33.6901684171937], 
            [-84.5031962327693, 33.6901334174214], 
            [-84.5027022332291, 33.6901494172817], 
            [-84.5018392327527, 33.6901464171747], 
            [-84.5012772327534, 33.6901324174462], 
            [-84.5008352320272, 33.6901164176207], 
            [-84.5001582320882, 33.690117417692], 
            [-84.5001612322149, 33.6898824175964], 
            [-84.5001522317885, 33.6897164171007], 
            [-84.5000722314799, 33.6860654170277], 
            [-84.5000292321238, 33.684959416151], 
            [-84.5000442318719, 33.6840404158419], 
            [-84.499999231522, 33.6829014161344], 
            [-84.4999972314094, 33.6825294159871], 
            [-84.499984231683, 33.6821044160827], 
            [-84.4999062316212, 33.6813574156517], 
            [-84.4996682312927, 33.6799194155887], 
            [-84.4994372312859, 33.6784214154437], 
            [-84.4992282314035, 33.6769754150089], 
            [-84.4991662312024, 33.6765604146703], 
            [-84.498975231265, 33.6752864141096], 
            [-84.4988212312704, 33.6744744142673], 
            [-84.4988122308488, 33.674398414344], 
            [-84.4990352312998, 33.6743144140413], 
            [-84.5014492317438, 33.6732074139266], 
            [-84.5020662315722, 33.6727464141296], 
            [-84.5039012320593, 33.6703404132097], 
            [-84.5044842321339, 33.6703584131227], 
            [-84.5052082324585, 33.670419413224], 
            [-84.5056702323125, 33.6704054134576], 
            [-84.506085232687, 33.6704564131071], 
            [-84.5063262330801, 33.6704874127357], 
            [-84.5064492324933, 33.6705034134725], 
            [-84.5069702333058, 33.6708524134343], 
            [-84.5071912327822, 33.6711004132247], 
            [-84.5074272329556, 33.6713644128564], 
            [-84.5076492333553, 33.6711874136411], 
            [-84.5077442332659, 33.6711644134713], 
            [-84.5078352329909, 33.6711444134407], 
            [-84.5079602333962, 33.671157413139], 
            [-84.5080592334944, 33.6711744130236], 
            [-84.508201233791, 33.6712224134435], 
            [-84.5083942337568, 33.6712814134718], 
            [-84.5086892339606, 33.671365412856], 
            [-84.5089432340605, 33.6714524132799], 
            [-84.5091162339966, 33.6714934133744], 
            [-84.5096612341133, 33.6716384128774], 
            [-84.5097582341204, 33.671686413299], 
            [-84.5098482338026, 33.6717344137208], 
            [-84.5109262343995, 33.6724204130872], 
            [-84.510971234693, 33.672495412963], 
            [-84.5110492347277, 33.6727324131483], 
            [-84.5111032345576, 33.6731484135336], 
            [-84.5112382345263, 33.6731384139646], 
            [-84.5125372345508, 33.6731514136194], 
            [-84.5128782350871, 33.6731724136805], 
            [-84.5133312354273, 33.6732434133558], 
            [-84.5141442353925, 33.6734414135056], 
            [-84.5143342352166, 33.6734524131089], 
            [-84.5144362354946, 33.6742354134081], 
            [-84.5145252351628, 33.6748924141656], 
            [-84.5145592358468, 33.675000413772], 
            [-84.5146162358013, 33.6751404139608], 
            [-84.5147062354896, 33.6753024142682], 
            [-84.5147162350552, 33.6753184141098], 
            [-84.5147692357185, 33.67536741368], 
            [-84.5147872356551, 33.675378414189], 
            [-84.5148222354816, 33.6753974141686], 
            [-84.5150332353822, 33.6754354141226], 
            [-84.5153642354587, 33.6755364142931], 
            [-84.5155082358477, 33.6755764134429], 
            [-84.5156592356623, 33.6756194136309], 
            [-84.5165012360788, 33.675908413499], 
            [-84.5168872360112, 33.6760424142969], 
            [-84.517108236378, 33.6761194142588], 
            [-84.5174652367624, 33.6762344141775], 
            [-84.5177352367061, 33.6763334142575], 
            [-84.5178992362266, 33.6764134143605], 
            [-84.5180792364913, 33.6765244141004], 
            [-84.5181832368258, 33.6766214140939], 
            [-84.5182772366971, 33.6767354139761], 
            [-84.5184912367516, 33.6770484140801], 
            [-84.5185042364571, 33.6770784136708], 
            [-84.5185512368506, 33.6772894144514], 
            [-84.5185642365619, 33.6774274145491], 
            [-84.5185582362923, 33.6775924140997], 
            [-84.5185222364312, 33.6777974146054], 
            [-84.5184882366582, 33.6779114144923], 
            [-84.5183862364325, 33.6781174141474], 
            [-84.5183022370383, 33.678250414017], 
            [-84.5181952365764, 33.6783764144626], 
            [-84.5179722370309, 33.6785784148361], 
            [-84.5165852365784, 33.6796634147928], 
            [-84.5158912358803, 33.6802264148216], 
            [-84.5156392358891, 33.6804394148066], 
            [-84.5154192355854, 33.6806754149566], 
            [-84.515095235868, 33.6812224151298], 
            [-84.514984236121, 33.6813694147497], 
            [-84.5148462360205, 33.6815204154553], 
            [-84.5144922357977, 33.6818264152561], 
            [-84.5131362358843, 33.6829114152116], 
            [-84.5128522353093, 33.6831604159663], 
            [-84.5126962352736, 33.6833244154762], 
            [-84.5125152349807, 33.6835554153931], 
            [-84.5124052352809, 33.6837194158006], 
            [-84.512294235538, 33.6839444154369], 
            [-84.5122532354384, 33.6840264156402], 
            [-84.5121592355898, 33.6843424158946], 
            [-84.5120692350395, 33.6848834157811], 
            [-84.5120272349052, 33.6851854162843], 
            [-84.5123522356171, 33.6855604165587], 
            [-84.5135772358676, 33.6867514159335], 
            [-84.5139992356861, 33.6871534165558], 
            [-84.5143632364071, 33.6874884167742], 
            [-84.5148752359079, 33.6879374168727], 
            [-84.5159622369402, 33.6889594165169], 
            [-84.5160042361939, 33.6890104170795], 
            [-84.5162822365182, 33.6892854172192], 
            [-84.5168152369999, 33.6898554166275], 
            [-84.5170892371435, 33.6902234165794], 
            [-84.5173202370885, 33.6905534174704], 
            [-84.5175792374411, 33.6910294170305], 
            [-84.5177732374754, 33.6915044174459], 
            [-84.5179402371586, 33.6920274173883], 
            [-84.5179902376949, 33.6923054176755], 
            [-84.5180232374438, 33.6926104174155], 
            [-84.5180542371025, 33.6929644176272], 
            [-84.5180652376273, 33.6932364176378], 
            [-84.5179662375275, 33.693190417309], 
            [-84.5174872368706, 33.6929394173893], 
            [-84.5158532365406, 33.6920084174847], 
            [-84.514527236123, 33.6912514175362], 
            [-84.5144822358321, 33.6912264172789], 
            [-84.5142312358699, 33.69111041731], 
            [-84.5139802359085, 33.6910124172757], 
            [-84.5137082358727, 33.690927416945], 
            [-84.5134392359772, 33.6908624175409], 
            [-84.5130412354914, 33.6907974172422], 
            [-84.5119462359351, 33.6906904168222], 
            [-84.511439235787, 33.6906174170562], 
            [-84.5084112346438, 33.6900964173126], 
            [-84.5083742347252, 33.6900914170823]
          ]
        ]
      }, 
      "properties" : null
    }, 
    {
      "type" : "Feature", 
      "geometry" : 
      {
        "type" : "Polygon", 
        "coordinates" : 
        [
          [
            [-84.4865622277165, 33.6845764168922], 
            [-84.4865582273587, 33.6813254164622], 
            [-84.4865812274587, 33.6800434155231], 
            [-84.4866012274314, 33.6789854159685], 
            [-84.4866212274041, 33.6779264154683], 
            [-84.4866112276484, 33.6743204147793], 
            [-84.4874332280204, 33.6743154145172], 
            [-84.4878412280682, 33.6743304142978], 
            [-84.4878412280475, 33.6739394141694], 
            [-84.492172228474, 33.6739554147502], 
            [-84.4921692291784, 33.6729024145289], 
            [-84.4921622286718, 33.6694704138072], 
            [-84.4921552281672, 33.6660744129546], 
            [-84.4933842285392, 33.6660564129746], 
            [-84.4975542304878, 33.6660714126158], 
            [-84.4978012302584, 33.666072412653], 
            [-84.4978222303615, 33.6665994127862], 
            [-84.4978512299372, 33.6671414127146], 
            [-84.4979392304931, 33.66845641338], 
            [-84.4979952304287, 33.6691164133784], 
            [-84.4980132303728, 33.6692704133179], 
            [-84.4980512303492, 33.6694904136165], 
            [-84.4981262302481, 33.6697914131696], 
            [-84.4983872307383, 33.6711144132999], 
            [-84.4984242306685, 33.6713384137838], 
            [-84.4986032309382, 33.67242141359], 
            [-84.4986892304829, 33.6733764137646], 
            [-84.4988122308488, 33.674398414344], 
            [-84.4988212312704, 33.6744744142673], 
            [-84.498975231265, 33.6752864141096], 
            [-84.4991662312024, 33.6765604146703], 
            [-84.4992282314035, 33.6769754150089], 
            [-84.4994372312859, 33.6784214154437], 
            [-84.4996682312927, 33.6799194155887], 
            [-84.4999062316212, 33.6813574156517], 
            [-84.499984231683, 33.6821044160827], 
            [-84.4999972314094, 33.6825294159871], 
            [-84.499999231522, 33.6829014161344], 
            [-84.5000442318719, 33.6840404158419], 
            [-84.5000292321238, 33.684959416151], 
            [-84.5000722314799, 33.6860654170277], 
            [-84.5001522317885, 33.6897164171007], 
            [-84.5001612322149, 33.6898824175964], 
            [-84.5001582320882, 33.690117417692], 
            [-84.5001552319593, 33.6903124177331], 
            [-84.4999382317824, 33.6903154178802], 
            [-84.4993622320338, 33.6903214172802], 
            [-84.4988482315633, 33.6902954178933], 
            [-84.4984012315043, 33.6902784180216], 
            [-84.4965862309163, 33.690237417988], 
            [-84.4962062312695, 33.6902404181411], 
            [-84.4960272310575, 33.6902464175264], 
            [-84.4959342312383, 33.6902424173445], 
            [-84.4955662303497, 33.6902444174508], 
            [-84.4951452305988, 33.6902464175591], 
            [-84.4945892308791, 33.690253417904], 
            [-84.4944822304108, 33.6902584181396], 
            [-84.4942712305132, 33.690279418221], 
            [-84.4938962301996, 33.6902914178916], 
            [-84.4931912298647, 33.6903714180267], 
            [-84.4931542299465, 33.6903724180744], 
            [-84.4931082305104, 33.6903804175474], 
            [-84.4929422300047, 33.6904334182104], 
            [-84.4924942299086, 33.6905924183988], 
            [-84.4920982295288, 33.6907734178059], 
            [-84.4918462295334, 33.6909084177744], 
            [-84.4916372297339, 33.6910274178994], 
            [-84.491415229333, 33.6911834179405], 
            [-84.491273229944, 33.6912904184064], 
            [-84.4910802290914, 33.6914684185662], 
            [-84.4901962294744, 33.6921314187384], 
            [-84.490060229451, 33.6919854182746], 
            [-84.489607229134, 33.6923514181608], 
            [-84.4889432289259, 33.692861418431], 
            [-84.4880872288081, 33.6934974191498], 
            [-84.4867672287643, 33.6945384188643], 
            [-84.4862552284075, 33.6949064188453], 
            [-84.4858932278128, 33.6952024190824], 
            [-84.4850872282147, 33.6958024190309], 
            [-84.483953227799, 33.6966604192533], 
            [-84.4837082281307, 33.6968374193688], 
            [-84.4834552271913, 33.6970054199669], 
            [-84.4831942276789, 33.6971654192954], 
            [-84.4829482270611, 33.6972724197652], 
            [-84.4829492271128, 33.6973724199014], 
            [-84.483001227733, 33.6974824195998], 
            [-84.4829372274616, 33.6974924200655], 
            [-84.4829022276372, 33.6975114200477], 
            [-84.4824742275706, 33.6976844199847], 
            [-84.4822672269619, 33.6977534195917], 
            [-84.4820572271128, 33.697812419635], 
            [-84.4816402275523, 33.6979034202691], 
            [-84.4810432268334, 33.6979874196863], 
            [-84.4809012265394, 33.6979894197842], 
            [-84.4806862264564, 33.6980134200048], 
            [-84.4802802265027, 33.6980214203904], 
            [-84.4789552261697, 33.6979864197174], 
            [-84.4774522256696, 33.6979304198766], 
            [-84.4753732254225, 33.6979104199264], 
            [-84.4748992250122, 33.6979354202029], 
            [-84.4748582248995, 33.6977714198009], 
            [-84.4764532260681, 33.6977624202242], 
            [-84.4764012254231, 33.6971854195744], 
            [-84.4763152257877, 33.6945224194096], 
            [-84.4763452252812, 33.6926364192656], 
            [-84.4785442257008, 33.692655419165], 
            [-84.4818132272112, 33.6927154191257], 
            [-84.482177227015, 33.6927174192048], 
            [-84.4821892265865, 33.6910944186556], 
            [-84.4830332270675, 33.6908484180192], 
            [-84.4835882276317, 33.6906824184018], 
            [-84.4857322281633, 33.6900654185155], 
            [-84.4859322275484, 33.6900074185189], 
            [-84.4865402278819, 33.6899874184691], 
            [-84.4865422279523, 33.6895664178501], 
            [-84.4865532283109, 33.6867014173164], 
            [-84.4865572275529, 33.6858654172557], 
            [-84.4865572275414, 33.6856484170948], 
            [-84.4865622277165, 33.6845764168922]
          ]
        ]
      }, 
      "properties" : null
    }, 
    {
      "type" : "Feature", 
      "geometry" : 
      {
        "type" : "Polygon", 
        "coordinates" : 
        [
          [
            [-84.419331206902, 33.6486154116721], 
            [-84.4234312074062, 33.648715411657], 
            [-84.4285312093428, 33.6487154114687], 
            [-84.4285312095857, 33.6533154123451], 
            [-84.4285182099002, 33.6536644123267], 
            [-84.4284812091517, 33.6549724126727], 
            [-84.4284312096057, 33.6564154129784], 
            [-84.42853120976, 33.6566154132474], 
            [-84.4285512098322, 33.6574374135581], 
            [-84.428553209928, 33.6574924134082], 
            [-84.4285562100734, 33.6576114135254], 
            [-84.4269842090725, 33.6576144137225], 
            [-84.4270052091496, 33.6576524136835], 
            [-84.4270112094975, 33.6589664134065], 
            [-84.4268932094178, 33.6589664134109], 
            [-84.4258202090883, 33.6589514136549], 
            [-84.4228862078354, 33.6589094136161], 
            [-84.4213862074762, 33.6588844134126], 
            [-84.4210362074222, 33.6588784140469], 
            [-84.4205972077349, 33.6588704136925], 
            [-84.4207122076575, 33.6585294140776], 
            [-84.4209242075696, 33.657907414031], 
            [-84.4209652076673, 33.6577884139122], 
            [-84.421259207776, 33.6569524129413], 
            [-84.4192052068246, 33.6556904130052], 
            [-84.4192092069573, 33.6546884133474], 
            [-84.4192492069031, 33.6525734124855], 
            [-84.4192282067018, 33.6501834123751], 
            [-84.4192332068541, 33.6486744117112], 
            [-84.4192322068046, 33.6486144116294], 
            [-84.419331206902, 33.6486154116721]
          ]
        ]
      }, 
      "properties" : null
    }, 
    {
      "type" : "Feature", 
      "geometry" : 
      {
        "type" : "Polygon", 
        "coordinates" : 
        [
          [
            [-84.5452982454231, 33.7014774180137], 
            [-84.5449502454786, 33.7017804185745], 
            [-84.5447142453303, 33.7019904184199], 
            [-84.5446512451097, 33.7020824181879], 
            [-84.5446392454563, 33.7021594181584], 
            [-84.544635245272, 33.7021834183711], 
            [-84.5446392454654, 33.7023304188861], 
            [-84.5446402455151, 33.7023914181149], 
            [-84.5431032452386, 33.7023824186543], 
            [-84.5428352454212, 33.7029144190297], 
            [-84.5428242449267, 33.7032144185397], 
            [-84.5428272451638, 33.7050564193417], 
            [-84.5426582454087, 33.7049284188138], 
            [-84.5425512449372, 33.7048734189676], 
            [-84.5424122447802, 33.7048334189183], 
            [-84.5422542446424, 33.7048214192675], 
            [-84.5410352447326, 33.7048024193318], 
            [-84.5392462444524, 33.7047714188613], 
            [-84.5390222439489, 33.7047404192321], 
            [-84.538718244227, 33.704659419088], 
            [-84.5385262443087, 33.7046224191795], 
            [-84.5382492440442, 33.7045994190236], 
            [-84.5366742438028, 33.7045854193328], 
            [-84.5366922437571, 33.7049304191279], 
            [-84.5366662434681, 33.7052714196386], 
            [-84.5366202431453, 33.7055194194389], 
            [-84.5365982430285, 33.7056094191127], 
            [-84.5365092434139, 33.7059604191897], 
            [-84.5355112429691, 33.705973419829], 
            [-84.5355352433897, 33.7098534206204], 
            [-84.5355382435554, 33.7103524203562], 
            [-84.5355332434443, 33.7126274214339], 
            [-84.5355172436406, 33.7133684215902], 
            [-84.535823243453, 33.7134064215407], 
            [-84.5359152432385, 33.7136504211504], 
            [-84.5361902434373, 33.7141824215055], 
            [-84.5363842434593, 33.7144254210652], 
            [-84.53638824365, 33.7145224210624], 
            [-84.5364302438529, 33.7155104218679], 
            [-84.5355642432444, 33.7156394215813], 
            [-84.5346722432207, 33.7156334213364], 
            [-84.5345472437166, 33.7156534213684], 
            [-84.5344482436212, 33.7156904221869], 
            [-84.5343082434251, 33.7157874221894], 
            [-84.5334582427007, 33.7166864216027], 
            [-84.5333822427771, 33.7167954221589], 
            [-84.5331812433643, 33.7172064223218], 
            [-84.533149242786, 33.7173434223749], 
            [-84.5331612433482, 33.7174454226033], 
            [-84.5334082431562, 33.7181494219351], 
            [-84.5339002435701, 33.7193954229856], 
            [-84.5339442438216, 33.7195534222101], 
            [-84.5339642429591, 33.7197054229561], 
            [-84.5339632438138, 33.7197394227327], 
            [-84.5339512433567, 33.7216154233117], 
            [-84.5339472432017, 33.7221904229715], 
            [-84.5339392437912, 33.7233434233293], 
            [-84.5339032439735, 33.7243614237289], 
            [-84.5338972437954, 33.7262464238253], 
            [-84.5318082430845, 33.726227423922], 
            [-84.5308172429633, 33.7262174243948], 
            [-84.5297572423382, 33.726207423971], 
            [-84.527700242213, 33.7261894241127], 
            [-84.527141241454, 33.7261844239019], 
            [-84.5267672420841, 33.7261574244635], 
            [-84.526387241535, 33.7261054238672], 
            [-84.5260462418954, 33.7260354242341], 
            [-84.5254992416861, 33.7258954240636], 
            [-84.5252802414147, 33.7258664245268], 
            [-84.5251842414566, 33.7258654244841], 
            [-84.5240912410987, 33.7258534239687], 
            [-84.5240822406032, 33.7243894235923], 
            [-84.523704241049, 33.7243894236064], 
            [-84.522826240776, 33.724389423639], 
            [-84.5228682401042, 33.7258414243575], 
            [-84.5226542400663, 33.7258394242728], 
            [-84.5226242403957, 33.7243894236465], 
            [-84.5226162400126, 33.7241664241072], 
            [-84.5225432401082, 33.7220194235667], 
            [-84.5220852404392, 33.7220224237227], 
            [-84.5192692392698, 33.7220434239008], 
            [-84.5189612393262, 33.7212824237293], 
            [-84.5191402395344, 33.7212054237526], 
            [-84.519575239024, 33.7209864234829], 
            [-84.5198852390117, 33.7208304234386], 
            [-84.5201392390977, 33.7206544233691], 
            [-84.5203972393663, 33.7204214233567], 
            [-84.5205202396694, 33.7202594230414], 
            [-84.5206162396176, 33.7200724233675], 
            [-84.5207002399061, 33.7198454227402], 
            [-84.5208492395997, 33.7193564234621], 
            [-84.5210042395809, 33.7190394231591], 
            [-84.5211562394281, 33.7188214229462], 
            [-84.5214782399625, 33.7184754230922], 
            [-84.5217072397813, 33.7181794228601], 
            [-84.5217922401202, 33.7180254229168], 
            [-84.5218552394372, 33.7178534230397], 
            [-84.5218892401062, 33.7176754228858], 
            [-84.5219002397061, 33.7174654230488], 
            [-84.5217202393823, 33.7162434221992], 
            [-84.5216882396888, 33.7161064221485], 
            [-84.5216402392531, 33.7159764224228], 
            [-84.5215362398118, 33.7157644224974], 
            [-84.5214222399087, 33.7155954218666], 
            [-84.520743238937, 33.7148324225155], 
            [-84.5206212395622, 33.7146674220703], 
            [-84.5205412394398, 33.7145264218361], 
            [-84.5204782392061, 33.7143734219447], 
            [-84.5204352390017, 33.7142274223767], 
            [-84.5204122388256, 33.7140744215845], 
            [-84.5204112387764, 33.7140224218734], 
            [-84.5204092395748, 33.7138684219333], 
            [-84.5204322388331, 33.7136754219841], 
            [-84.520737239436, 33.7125394215035], 
            [-84.5207762394341, 33.7122944218426], 
            [-84.520783238851, 33.7121324215316], 
            [-84.5207642388497, 33.7117744211342], 
            [-84.5204912386679, 33.7098164212632], 
            [-84.5204822391416, 33.7096664206095], 
            [-84.5204832391871, 33.7096494207212], 
            [-84.5204922386983, 33.7095164208543], 
            [-84.5205492386324, 33.7092714211927], 
            [-84.5206552390421, 33.7090364210932], 
            [-84.5211862393603, 33.7082754208905], 
            [-84.5213142389883, 33.7079654209129], 
            [-84.5213452395179, 33.7077854206664], 
            [-84.5213732389809, 33.7070764201935], 
            [-84.5213692387716, 33.7066314202616], 
            [-84.5214072387218, 33.7063584202028], 
            [-84.5216022387479, 33.7058044197102], 
            [-84.5219212391351, 33.7053064200087], 
            [-84.5219782390759, 33.705189419982], 
            [-84.5220222393088, 33.7049974200785], 
            [-84.5220122388338, 33.7047904194819], 
            [-84.5243962397453, 33.7048354196796], 
            [-84.5245412399793, 33.7010844194623], 
            [-84.5244872392697, 33.7010374190855], 
            [-84.5230192394624, 33.7003754190469], 
            [-84.5236152391913, 33.699458418809], 
            [-84.5237072389545, 33.6992834187919], 
            [-84.5237782395415, 33.6991004184049], 
            [-84.5238502392687, 33.6987874182903], 
            [-84.5239472392091, 33.6975784180326], 
            [-84.5241342396701, 33.6952714181634], 
            [-84.5246282392162, 33.6953654180034], 
            [-84.5257522401212, 33.6955274173732], 
            [-84.5261032402231, 33.6955654182213], 
            [-84.5266232400726, 33.6955904175616], 
            [-84.5278622400099, 33.695584418137], 
            [-84.5290842409569, 33.6955784178137], 
            [-84.5295442407201, 33.6956014179629], 
            [-84.5333142421186, 33.6960884179023], 
            [-84.5337282424458, 33.6961244177562], 
            [-84.534273242555, 33.6961284179213], 
            [-84.5346822426463, 33.6960894178979], 
            [-84.5350822423188, 33.6960304178476], 
            [-84.5353612426721, 33.6959764171341], 
            [-84.5358052425843, 33.6958524176681], 
            [-84.5363452424497, 33.6956344174408], 
            [-84.5366522431977, 33.695482417582], 
            [-84.5378992434705, 33.6948044176007], 
            [-84.5382512436084, 33.6946474175086], 
            [-84.5386782436306, 33.6945124166342], 
            [-84.5388982430449, 33.6944634170539], 
            [-84.5391792434915, 33.6944204168499], 
            [-84.5394052431858, 33.6944004168143], 
            [-84.539685243588, 33.6943944174252], 
            [-84.5399332434055, 33.69440441698], 
            [-84.5402032442447, 33.6944324173679], 
            [-84.5404582434895, 33.6944764166989], 
            [-84.5406972437912, 33.6945334166328], 
            [-84.5409422443722, 33.6946094174469], 
            [-84.541170244165, 33.6946964169724], 
            [-84.541401244098, 33.6948014173318], 
            [-84.5416112439563, 33.694916417256], 
            [-84.5417542443015, 33.6950064169236], 
            [-84.5419582447829, 33.6951624169489], 
            [-84.5435822446664, 33.6964244169002], 
            [-84.5440222453176, 33.6967774170503], 
            [-84.5442332452266, 33.6969714170371], 
            [-84.5444032450312, 33.6971574175541], 
            [-84.5445592450865, 33.6973634171997], 
            [-84.544697245207, 33.6975894177724], 
            [-84.5447402454084, 33.6976784173975], 
            [-84.5448112451136, 33.6978244178637], 
            [-84.5451352458061, 33.6987074173915], 
            [-84.5451492456507, 33.7004834178334], 
            [-84.5452982454231, 33.7014774180137]
          ]
        ]
      }, 
      "properties" : null
    }, 
    {
      "type" : "Feature", 
      "geometry" : 
      {
        "type" : "MultiPolygon", 
        "coordinates" : 
        [
          [
            [
              [-84.5098492357878, 33.7082804215429], 
              [-84.5096922356976, 33.7082924212054], 
              [-84.5072652355006, 33.7084734215871], 
              [-84.5071532347997, 33.7084684213596], 
              [-84.5071512346912, 33.7081734211824], 
              [-84.5070592348872, 33.7075804206922], 
              [-84.5068542352147, 33.7065954209309], 
              [-84.5067582352373, 33.7062334203511], 
              [-84.5065642351988, 33.7056794207722], 
              [-84.5064552346089, 33.7051444202717], 
              [-84.5061972342659, 33.7039744200355], 
              [-84.5061422343913, 33.7035924203261], 
              [-84.5061302347201, 33.7033354201111], 
              [-84.5061342348779, 33.7028104200699], 
              [-84.5062252345623, 33.7020234195782], 
              [-84.5062472346619, 33.7016104202284], 
              [-84.5062872347034, 33.7013094197717], 
              [-84.5063592344314, 33.7010114194527], 
              [-84.5065352344767, 33.700486419405], 
              [-84.5065982346939, 33.7003314194162], 
              [-84.506689234408, 33.7001064197806], 
              [-84.5068462344798, 33.6997474193304], 
              [-84.5070412345196, 33.6994504190531], 
              [-84.5072272350455, 33.699238419117], 
              [-84.5074502345922, 33.6990594189097], 
              [-84.5088432353362, 33.6982204186586], 
              [-84.5090342351995, 33.6980974192482], 
              [-84.5094432352768, 33.6977944186851], 
              [-84.5102702349459, 33.6971174187658], 
              [-84.5103362353067, 33.6970434189323], 
              [-84.5103682349884, 33.6969584185904], 
              [-84.510843235271, 33.6936524182928], 
              [-84.5109182351338, 33.693272417772], 
              [-84.5113082351543, 33.6915664178601], 
              [-84.511439235787, 33.6906174170562], 
              [-84.5119462359351, 33.6906904168222], 
              [-84.5130412354914, 33.6907974172422], 
              [-84.5134392359772, 33.6908624175409], 
              [-84.5137082358727, 33.690927416945], 
              [-84.5139802359085, 33.6910124172757], 
              [-84.5142312358699, 33.69111041731], 
              [-84.5144822358321, 33.6912264172789], 
              [-84.514527236123, 33.6912514175362], 
              [-84.5158532365406, 33.6920084174847], 
              [-84.5174872368706, 33.6929394173893], 
              [-84.5179662375275, 33.693190417309], 
              [-84.5180652376273, 33.6932364176378], 
              [-84.5184772378701, 33.6934304176172], 
              [-84.5188132372816, 33.6935724178882], 
              [-84.5190852373181, 33.6936704179219], 
              [-84.5208072381126, 33.6941934178065], 
              [-84.5236042393502, 33.6951254177142], 
              [-84.5241342396701, 33.6952714181634], 
              [-84.5239472392091, 33.6975784180326], 
              [-84.5238502392687, 33.6987874182903], 
              [-84.5237782395415, 33.6991004184049], 
              [-84.5237072389545, 33.6992834187919], 
              [-84.5236152391913, 33.699458418809], 
              [-84.5230192394624, 33.7003754190469], 
              [-84.5244872392697, 33.7010374190855], 
              [-84.5245412399793, 33.7010844194623], 
              [-84.5243962397453, 33.7048354196796], 
              [-84.5220122388338, 33.7047904194819], 
              [-84.5220222393088, 33.7049974200785], 
              [-84.5219782390759, 33.705189419982], 
              [-84.5219212391351, 33.7053064200087], 
              [-84.5216022387479, 33.7058044197102], 
              [-84.5214072387218, 33.7063584202028], 
              [-84.5213692387716, 33.7066314202616], 
              [-84.5213732389809, 33.7070764201935], 
              [-84.5213452395179, 33.7077854206664], 
              [-84.5213142389883, 33.7079654209129], 
              [-84.5211862393603, 33.7082754208905], 
              [-84.5206552390421, 33.7090364210932], 
              [-84.5205492386324, 33.7092714211927], 
              [-84.5204922386983, 33.7095164208543], 
              [-84.5204832391871, 33.7096494207212], 
              [-84.5204822391416, 33.7096664206095], 
              [-84.5204912386679, 33.7098164212632], 
              [-84.5207642388497, 33.7117744211342], 
              [-84.520783238851, 33.7121324215316], 
              [-84.5207762394341, 33.7122944218426], 
              [-84.520737239436, 33.7125394215035], 
              [-84.5204322388331, 33.7136754219841], 
              [-84.5204092395748, 33.7138684219333], 
              [-84.5204112387764, 33.7140224218734], 
              [-84.5204122388256, 33.7140744215845], 
              [-84.5204352390017, 33.7142274223767], 
              [-84.5204782392061, 33.7143734219447], 
              [-84.5205412394398, 33.7145264218361], 
              [-84.5206212395622, 33.7146674220703], 
              [-84.520743238937, 33.7148324225155], 
              [-84.5214222399087, 33.7155954218666], 
              [-84.5215362398118, 33.7157644224974], 
              [-84.5216402392531, 33.7159764224228], 
              [-84.5216882396888, 33.7161064221485], 
              [-84.5217202393823, 33.7162434221992], 
              [-84.5219002397061, 33.7174654230488], 
              [-84.5218892401062, 33.7176754228858], 
              [-84.5218552394372, 33.7178534230397], 
              [-84.5217922401202, 33.7180254229168], 
              [-84.5217072397813, 33.7181794228601], 
              [-84.5214782399625, 33.7184754230922], 
              [-84.5211562394281, 33.7188214229462], 
              [-84.5210042395809, 33.7190394231591], 
              [-84.5208492395997, 33.7193564234621], 
              [-84.5207002399061, 33.7198454227402], 
              [-84.5206162396176, 33.7200724233675], 
              [-84.5205202396694, 33.7202594230414], 
              [-84.5203972393663, 33.7204214233567], 
              [-84.5201392390977, 33.7206544233691], 
              [-84.5198852390117, 33.7208304234386], 
              [-84.519575239024, 33.7209864234829], 
              [-84.5191402395344, 33.7212054237526], 
              [-84.5189612393262, 33.7212824237293], 
              [-84.5182512387714, 33.7215884235432], 
              [-84.5179352385074, 33.7217844236423], 
              [-84.517817238433, 33.7218834237367], 
              [-84.5162262383487, 33.7218784235641], 
              [-84.5157162380648, 33.7218704241117], 
              [-84.5150042383018, 33.7219004237294], 
              [-84.5138602373777, 33.7219204237991], 
              [-84.5138572381329, 33.7218274239872], 
              [-84.5138842375634, 33.7213814240078], 
              [-84.5139382373391, 33.7207764238556], 
              [-84.5139622375421, 33.7205634238791], 
              [-84.5140312380289, 33.7202404233014], 
              [-84.5140372374066, 33.7202154239416], 
              [-84.5141552374594, 33.7197084238307], 
              [-84.5142432379275, 33.7193674233176], 
              [-84.5143062381378, 33.7190824236013], 
              [-84.5145712377856, 33.7179784228061], 
              [-84.5148442378131, 33.7170334230817], 
              [-84.5151012379956, 33.7160554227282], 
              [-84.5153322378839, 33.7153194227956], 
              [-84.5155312381033, 33.7149114218723], 
              [-84.515655237551, 33.7147024220775], 
              [-84.5157662381954, 33.7145164224493], 
              [-84.5162442378611, 33.7139114222814], 
              [-84.5163242379708, 33.7138104220958], 
              [-84.5154332379941, 33.7138154223605], 
              [-84.513234236687, 33.7140144217691], 
              [-84.5138332374179, 33.7124104220785], 
              [-84.5125292369383, 33.7081984212418], 
              [-84.510655236315, 33.7082424206518], 
              [-84.5098492357878, 33.7082804215429]
            ]
          ], 
          [
            [
              [-84.5060442348149, 33.7125264223459], 
              [-84.5065872348379, 33.7126544219606], 
              [-84.5072092349277, 33.7127474217495], 
              [-84.510403236574, 33.7131664221571], 
              [-84.5061142354017, 33.7132134226952], 
              [-84.5060612347304, 33.7130144224708], 
              [-84.5060422347386, 33.7128364223188], 
              [-84.5060442348149, 33.7125264223459]
            ]
          ]
        ]
      }, 
      "properties" : null
    }, 
    {
      "type" : "Feature", 
      "geometry" : 
      {
        "type" : "Polygon", 
        "coordinates" : 
        [
          [
            [-84.5154542408033, 33.7651624333054], 
            [-84.5154542410322, 33.7694514341595], 
            [-84.5155132412482, 33.7727524351038], 
            [-84.5154452408223, 33.7733444346541], 
            [-84.515435241293, 33.7740074347937], 
            [-84.5144092404477, 33.7740114350172], 
            [-84.5116292402917, 33.778573436032], 
            [-84.5114242397676, 33.778488435699], 
            [-84.5109432399717, 33.7792604364093], 
            [-84.5105172400202, 33.7798504367796], 
            [-84.5100002394445, 33.7804614363275], 
            [-84.5094022396066, 33.7810734368241], 
            [-84.508630239795, 33.7818084367304], 
            [-84.5068962385592, 33.7834564376019], 
            [-84.5079952391926, 33.7834114372748], 
            [-84.5090532397237, 33.7833984375325], 
            [-84.5107662400739, 33.7834144373106], 
            [-84.5122082404401, 33.7834464369408], 
            [-84.5125042406854, 33.7834384374585], 
            [-84.5128682404872, 33.7833994374367], 
            [-84.5131492409331, 33.7833434366305], 
            [-84.5132142412507, 33.7833304369251], 
            [-84.5135552408817, 33.7832384371467], 
            [-84.5140312413755, 33.7830374368102], 
            [-84.5141352408043, 33.7830134365937], 
            [-84.5142422412723, 33.7830044370721], 
            [-84.5144452408012, 33.7830304364705], 
            [-84.5148152408907, 33.7831664373615], 
            [-84.5151012415757, 33.7832414372282], 
            [-84.5154522416786, 33.7832974371116], 
            [-84.5154352418272, 33.7840124369624], 
            [-84.5153352420094, 33.7901124380847], 
            [-84.5120352409532, 33.7918124387257], 
            [-84.5089352402004, 33.7938124397682], 
            [-84.5073222400709, 33.7952364401501], 
            [-84.5073162397927, 33.7952414394826], 
            [-84.5073112395609, 33.7952464397144], 
            [-84.5079152397255, 33.7955384397302], 
            [-84.5078412398927, 33.7956104394713], 
            [-84.5072362396815, 33.795312440077], 
            [-84.5065242398993, 33.7949834401498], 
            [-84.5056652395898, 33.7946314400619], 
            [-84.5051252388053, 33.7944814394278], 
            [-84.5048622391902, 33.7944544399854], 
            [-84.5046432389185, 33.7944204393177], 
            [-84.5036612383126, 33.7943564399865], 
            [-84.5024552381042, 33.7942954399034], 
            [-84.5017472385198, 33.7941924396545], 
            [-84.5011022382568, 33.7940034399156], 
            [-84.5005292377362, 33.7937864397761], 
            [-84.5003622380768, 33.7937154400903], 
            [-84.5002102373152, 33.7936504397825], 
            [-84.5000082378295, 33.7935634393567], 
            [-84.4994332372118, 33.7932664400075], 
            [-84.4991302375316, 33.7930984394302], 
            [-84.4985462373876, 33.79265343952], 
            [-84.4981002373559, 33.7922784392504], 
            [-84.4975622366439, 33.7917464398044], 
            [-84.4971532365281, 33.7913274392937], 
            [-84.4968192362944, 33.7908924389381], 
            [-84.496581236026, 33.7905894392984], 
            [-84.4961062364314, 33.7899194388527], 
            [-84.4960752358899, 33.789875438614], 
            [-84.495490235685, 33.7891594387392], 
            [-84.4949082356202, 33.7884584386599], 
            [-84.494543235748, 33.7880474385181], 
            [-84.49436323548, 33.7878744386038], 
            [-84.4937282356635, 33.7873564389107], 
            [-84.4936872355581, 33.7873294385607], 
            [-84.4932632356532, 33.7870534383802], 
            [-84.4930852354816, 33.7869484389182], 
            [-84.4929372349044, 33.7868604384441], 
            [-84.4930172350145, 33.7867694387217], 
            [-84.4947532354139, 33.7845584378473], 
            [-84.4949402359821, 33.7842704379873], 
            [-84.4951732359784, 33.7838204378151], 
            [-84.4954882352748, 33.7832154376533], 
            [-84.4957492356565, 33.7824944375153], 
            [-84.4958632355347, 33.7821974372412], 
            [-84.4959292358828, 33.7818864372196], 
            [-84.4959872358451, 33.7813034371873], 
            [-84.4959842356951, 33.7811004367759], 
            [-84.4960022356057, 33.780625437252], 
            [-84.4960372353308, 33.7787444364408], 
            [-84.4960562350689, 33.774167435733], 
            [-84.4960162349801, 33.7735824356118], 
            [-84.4959562348631, 33.7730044358155], 
            [-84.4959092353611, 33.7726504356046], 
            [-84.4958612349163, 33.7723504351975], 
            [-84.4957742353555, 33.7719684354894], 
            [-84.4955502348106, 33.7711624350288], 
            [-84.4953152346657, 33.7705664353045], 
            [-84.4950242346039, 33.7696644348954], 
            [-84.4949212352075, 33.7694254346184], 
            [-84.4947362346937, 33.7689944344426], 
            [-84.4946592347083, 33.7688144342001], 
            [-84.4940932344747, 33.7678894345343], 
            [-84.4938982344005, 33.7675374344215], 
            [-84.4936092344455, 33.7668984345057], 
            [-84.4934342343955, 33.7664624340977], 
            [-84.493260234392, 33.7660294338288], 
            [-84.4930782340118, 33.765492434138], 
            [-84.4928862340594, 33.7648154342566], 
            [-84.4928822338715, 33.7647744341559], 
            [-84.4928352334767, 33.7645394340622], 
            [-84.4930402340021, 33.7646484337085], 
            [-84.4930722336897, 33.7646744340126], 
            [-84.4932532339987, 33.7647454336979], 
            [-84.4935632340023, 33.7648854338771], 
            [-84.4938682346722, 33.765011433408], 
            [-84.4939232345394, 33.7652534338257], 
            [-84.4942282343087, 33.7653524339043], 
            [-84.4946372344097, 33.7654944341726], 
            [-84.4950462345102, 33.7656264339776], 
            [-84.4954802348711, 33.76575343355], 
            [-84.4960432349238, 33.7658984339515], 
            [-84.4963422353133, 33.7659824342348], 
            [-84.4966372355156, 33.7660394341665], 
            [-84.4974402350138, 33.7661794343275], 
            [-84.4980302354157, 33.7662424336269], 
            [-84.4987932357513, 33.7662994335414], 
            [-84.4997862359668, 33.7663344342266], 
            [-84.499871236315, 33.7663574334904], 
            [-84.499932236448, 33.7663634337661], 
            [-84.5000822362147, 33.7663764334635], 
            [-84.5001032362766, 33.7661284336643], 
            [-84.5005572366582, 33.7661024342415], 
            [-84.5011402367297, 33.7660604340726], 
            [-84.5023872370317, 33.7659314334457], 
            [-84.5054402374984, 33.7657324331058], 
            [-84.506950238314, 33.7656144338781], 
            [-84.507441238613, 33.7655714336663], 
            [-84.5087292381222, 33.7654904334631], 
            [-84.509712238767, 33.7654154335491], 
            [-84.5107112392557, 33.7653544333838], 
            [-84.5108452391881, 33.7655334335778], 
            [-84.5109972390452, 33.7655014329889], 
            [-84.5129252394697, 33.7653294330425], 
            [-84.5153462402888, 33.7651704327807], 
            [-84.5154542408033, 33.7651624333054]
          ]
        ]
      }, 
      "properties" : null
    }, 
    {
      "type" : "Feature", 
      "geometry" : 
      {
        "type" : "Polygon", 
        "coordinates" : 
        [
          [
            [-84.4691952270651, 33.7588714331513], 
            [-84.469113226831, 33.7583764336038], 
            [-84.4690562268655, 33.7580304328645], 
            [-84.4689092262899, 33.7571024330441], 
            [-84.4690242262336, 33.7571614330752], 
            [-84.4690922266924, 33.757187433378], 
            [-84.4693562263603, 33.7573334329376], 
            [-84.4695092271694, 33.7574174332263], 
            [-84.4702182268114, 33.7577294332654], 
            [-84.470719227588, 33.7579414331761], 
            [-84.4712522271486, 33.7580984332353], 
            [-84.4716642273884, 33.7582324331329], 
            [-84.4719572274986, 33.7583024327678], 
            [-84.4722512276548, 33.7583644329313], 
            [-84.4726352274906, 33.7584234329524], 
            [-84.472913227804, 33.7584924334409], 
            [-84.4731032276286, 33.7585114334147], 
            [-84.4740632281165, 33.7586424331529], 
            [-84.4746332284905, 33.7587204331481], 
            [-84.4773302295563, 33.7591144333151], 
            [-84.4790742295592, 33.759369433373], 
            [-84.479540229603, 33.7594314335301], 
            [-84.4799102296879, 33.7594804330885], 
            [-84.4814852308397, 33.7596954330982], 
            [-84.4820032306007, 33.7597994334005], 
            [-84.4825382311515, 33.7599214327375], 
            [-84.4826402304912, 33.7599664330199], 
            [-84.4828912304495, 33.7600054330188], 
            [-84.4830452313036, 33.7600654330948], 
            [-84.483195231072, 33.7601104333753], 
            [-84.483891231007, 33.7603644334259], 
            [-84.4897472331028, 33.7632074336207], 
            [-84.4928822338715, 33.7647744341559], 
            [-84.4928862340594, 33.7648154342566], 
            [-84.4930782340118, 33.765492434138], 
            [-84.493260234392, 33.7660294338288], 
            [-84.4934342343955, 33.7664624340977], 
            [-84.4936092344455, 33.7668984345057], 
            [-84.4938982344005, 33.7675374344215], 
            [-84.4940932344747, 33.7678894345343], 
            [-84.4946592347083, 33.7688144342001], 
            [-84.4947362346937, 33.7689944344426], 
            [-84.4949212352075, 33.7694254346184], 
            [-84.4950242346039, 33.7696644348954], 
            [-84.4953152346657, 33.7705664353045], 
            [-84.4955502348106, 33.7711624350288], 
            [-84.4957742353555, 33.7719684354894], 
            [-84.4958612349163, 33.7723504351975], 
            [-84.4959092353611, 33.7726504356046], 
            [-84.4959562348631, 33.7730044358155], 
            [-84.4960162349801, 33.7735824356118], 
            [-84.4960562350689, 33.774167435733], 
            [-84.4960372353308, 33.7787444364408], 
            [-84.4960022356057, 33.780625437252], 
            [-84.4959842356951, 33.7811004367759], 
            [-84.4959872358451, 33.7813034371873], 
            [-84.4959292358828, 33.7818864372196], 
            [-84.4958632355347, 33.7821974372412], 
            [-84.4957492356565, 33.7824944375153], 
            [-84.4954882352748, 33.7832154376533], 
            [-84.4951732359784, 33.7838204378151], 
            [-84.4949402359821, 33.7842704379873], 
            [-84.4947532354139, 33.7845584378473], 
            [-84.4930172350145, 33.7867694387217], 
            [-84.4929372349044, 33.7868604384441], 
            [-84.4927882351801, 33.7867724388692], 
            [-84.4924762350831, 33.7866194380878], 
            [-84.4922352346847, 33.7864904384156], 
            [-84.4921052349434, 33.7864144384967], 
            [-84.4918532349354, 33.7863134383235], 
            [-84.4915302343303, 33.7862034386353], 
            [-84.4912152349977, 33.7861314380093], 
            [-84.4903382347555, 33.7858424381428], 
            [-84.4900442345949, 33.7856974386305], 
            [-84.4895422337693, 33.7854374382949], 
            [-84.4890812339412, 33.7850694383501], 
            [-84.4887632335601, 33.7848094380076], 
            [-84.4884222339066, 33.7844814381129], 
            [-84.4873892335725, 33.7833004382955], 
            [-84.4868882327784, 33.7827624376708], 
            [-84.4865832329987, 33.782467437505], 
            [-84.4864042327786, 33.7823244380811], 
            [-84.4862932330201, 33.7822564376329], 
            [-84.4861622332322, 33.7821764375287], 
            [-84.4859012328059, 33.7820624376529], 
            [-84.4854622331121, 33.7819334379881], 
            [-84.4849092326255, 33.7818154379377], 
            [-84.4831362321708, 33.7814594376984], 
            [-84.4825922320993, 33.7812944381682], 
            [-84.4823412321375, 33.7811894378097], 
            [-84.4821222318616, 33.7810774380249], 
            [-84.4803762308246, 33.7800384376182], 
            [-84.4793582312124, 33.7793424377866], 
            [-84.4788662308464, 33.7789984371562], 
            [-84.478028230597, 33.7783654375387], 
            [-84.4773992301645, 33.7779374375184], 
            [-84.4772272302715, 33.7778364373422], 
            [-84.4769472298615, 33.7776974372082], 
            [-84.4760302295564, 33.7773064371141], 
            [-84.4757122300814, 33.7771744373057], 
            [-84.4743032294182, 33.776588437189], 
            [-84.473743228599, 33.7763244366702], 
            [-84.473664229347, 33.7747734367625], 
            [-84.4736162288706, 33.7738804367613], 
            [-84.473605229249, 33.7736834366281], 
            [-84.4735092282887, 33.7717564363885], 
            [-84.4734722283393, 33.7711734354604], 
            [-84.4734322282691, 33.7709354361268], 
            [-84.4733762283572, 33.7707234361996], 
            [-84.473204228457, 33.7704854359716], 
            [-84.4730162287145, 33.7702654356787], 
            [-84.4719482285581, 33.7691434358979], 
            [-84.4712052282128, 33.7683664350014], 
            [-84.4706022280747, 33.7676994355986], 
            [-84.470429227225, 33.7673924348719], 
            [-84.4703072278452, 33.767134435514], 
            [-84.4702062276407, 33.7668644347001], 
            [-84.4701222273242, 33.7665674353326], 
            [-84.470068227501, 33.7662804346287], 
            [-84.4700392270396, 33.7659984350549], 
            [-84.4700202270151, 33.7652074343821], 
            [-84.4700372277197, 33.7636264339803], 
            [-84.4699872271694, 33.7630864341454], 
            [-84.4697512269324, 33.7616314341945], 
            [-84.4695172267912, 33.7602314340937], 
            [-84.4694212268048, 33.7597024338709], 
            [-84.4693472269548, 33.7594514339362], 
            [-84.4693232267363, 33.7593734339207], 
            [-84.4692212264813, 33.7590284332295], 
            [-84.4691952270651, 33.7588714331513]
          ]
        ]
      }, 
      "properties" : null
    }, 
    {
      "type" : "Feature", 
      "geometry" : 
      {
        "type" : "Polygon", 
        "coordinates" : 
        [
          [
            [-84.4757672314041, 33.804671443167], 
            [-84.4756852311145, 33.8031424424802], 
            [-84.4756742305991, 33.8030484426223], 
            [-84.4756352305402, 33.8021564426672], 
            [-84.4755362312444, 33.8003254423789], 
            [-84.4754742310338, 33.7997354420269], 
            [-84.4753842304235, 33.7991504419074], 
            [-84.4753712307161, 33.7990864416408], 
            [-84.4752552306985, 33.798512442032], 
            [-84.4750902301987, 33.7978074417519], 
            [-84.4743542300506, 33.7946424408384], 
            [-84.4743192302171, 33.7944934411312], 
            [-84.4741692304167, 33.7938484409322], 
            [-84.4740632299673, 33.7933394407371], 
            [-84.474043229927, 33.7931234406234], 
            [-84.474044229959, 33.792853440705], 
            [-84.4740652300227, 33.7926384406361], 
            [-84.474103229976, 33.7924244406128], 
            [-84.4741602299117, 33.7922134407278], 
            [-84.4742102304261, 33.7920774407205], 
            [-84.4742542297633, 33.7919554404626], 
            [-84.4744032303662, 33.7916554400482], 
            [-84.4746222297191, 33.7913244399937], 
            [-84.4760502302403, 33.7895814401281], 
            [-84.4762462303275, 33.7893044398782], 
            [-84.4763572300717, 33.7891044396015], 
            [-84.4763822303302, 33.789061439407], 
            [-84.4765122309506, 33.7887584397537], 
            [-84.4766042307064, 33.7884454396384], 
            [-84.4766562304054, 33.7881444391813], 
            [-84.47666223068, 33.788073439489], 
            [-84.4766702301235, 33.7875414391234], 
            [-84.4766622304703, 33.7841444382262], 
            [-84.4766602303328, 33.7833084381661], 
            [-84.4766582301999, 33.7825564384004], 
            [-84.4766552300029, 33.7814744377352], 
            [-84.4766552299904, 33.7812384375934], 
            [-84.4766222302366, 33.7808444382268], 
            [-84.476605230343, 33.7807684374044], 
            [-84.4765632301824, 33.7805744374113], 
            [-84.4764762297283, 33.7803094377279], 
            [-84.4763662300067, 33.7800634380263], 
            [-84.4762152301803, 33.7798004375385], 
            [-84.4760692296895, 33.7795934378464], 
            [-84.4753122295929, 33.7787974378688], 
            [-84.4745162294854, 33.7780074372714], 
            [-84.4744282289942, 33.7779144374627], 
            [-84.4742472295764, 33.7776914370306], 
            [-84.4740852292402, 33.7774394370529], 
            [-84.4739502292563, 33.7771664370006], 
            [-84.4738522291908, 33.7768934369469], 
            [-84.4737852287644, 33.7766054370965], 
            [-84.473743228599, 33.7763244366702], 
            [-84.4743032294182, 33.776588437189], 
            [-84.4757122300814, 33.7771744373057], 
            [-84.4760302295564, 33.7773064371141], 
            [-84.4769472298615, 33.7776974372082], 
            [-84.4772272302715, 33.7778364373422], 
            [-84.4773992301645, 33.7779374375184], 
            [-84.478028230597, 33.7783654375387], 
            [-84.4788662308464, 33.7789984371562], 
            [-84.4793582312124, 33.7793424377866], 
            [-84.4803762308246, 33.7800384376182], 
            [-84.4821222318616, 33.7810774380249], 
            [-84.4823412321375, 33.7811894378097], 
            [-84.4825922320993, 33.7812944381682], 
            [-84.4831362321708, 33.7814594376984], 
            [-84.4849092326255, 33.7818154379377], 
            [-84.4854622331121, 33.7819334379881], 
            [-84.4859012328059, 33.7820624376529], 
            [-84.4861622332322, 33.7821764375287], 
            [-84.4862932330201, 33.7822564376329], 
            [-84.4864042327786, 33.7823244380811], 
            [-84.4865832329987, 33.782467437505], 
            [-84.4868882327784, 33.7827624376708], 
            [-84.4873892335725, 33.7833004382955], 
            [-84.4884222339066, 33.7844814381129], 
            [-84.4887632335601, 33.7848094380076], 
            [-84.4890812339412, 33.7850694383501], 
            [-84.4895422337693, 33.7854374382949], 
            [-84.4900442345949, 33.7856974386305], 
            [-84.4903382347555, 33.7858424381428], 
            [-84.4912152349977, 33.7861314380093], 
            [-84.4915302343303, 33.7862034386353], 
            [-84.4918532349354, 33.7863134383235], 
            [-84.4921052349434, 33.7864144384967], 
            [-84.4922352346847, 33.7864904384156], 
            [-84.4924762350831, 33.7866194380878], 
            [-84.4927882351801, 33.7867724388692], 
            [-84.4929372349044, 33.7868604384441], 
            [-84.4930852354816, 33.7869484389182], 
            [-84.4932632356532, 33.7870534383802], 
            [-84.4936872355581, 33.7873294385607], 
            [-84.4937282356635, 33.7873564389107], 
            [-84.49436323548, 33.7878744386038], 
            [-84.494543235748, 33.7880474385181], 
            [-84.4949082356202, 33.7884584386599], 
            [-84.495490235685, 33.7891594387392], 
            [-84.4960752358899, 33.789875438614], 
            [-84.4961062364314, 33.7899194388527], 
            [-84.496581236026, 33.7905894392984], 
            [-84.4968192362944, 33.7908924389381], 
            [-84.4971532365281, 33.7913274392937], 
            [-84.4975622366439, 33.7917464398044], 
            [-84.4981002373559, 33.7922784392504], 
            [-84.4985462373876, 33.79265343952], 
            [-84.4991302375316, 33.7930984394302], 
            [-84.4994332372118, 33.7932664400075], 
            [-84.5000082378295, 33.7935634393567], 
            [-84.5002102373152, 33.7936504397825], 
            [-84.5003622380768, 33.7937154400903], 
            [-84.5005292377362, 33.7937864397761], 
            [-84.5011022382568, 33.7940034399156], 
            [-84.5017472385198, 33.7941924396545], 
            [-84.5024552381042, 33.7942954399034], 
            [-84.5036612383126, 33.7943564399865], 
            [-84.5046432389185, 33.7944204393177], 
            [-84.5048622391902, 33.7944544399854], 
            [-84.5051252388053, 33.7944814394278], 
            [-84.5056652395898, 33.7946314400619], 
            [-84.5065242398993, 33.7949834401498], 
            [-84.5072362396815, 33.795312440077], 
            [-84.5078412398927, 33.7956104394713], 
            [-84.5077362395225, 33.7957134397504], 
            [-84.5026352386365, 33.7994114412929], 
            [-84.5005352384863, 33.8026114412354], 
            [-84.4997352382943, 33.8037114418649], 
            [-84.4987352378147, 33.8048114425019], 
            [-84.4975872376693, 33.8060484422969], 
            [-84.4974352378191, 33.8062114426595], 
            [-84.4953362367625, 33.8084104429915], 
            [-84.4951302371032, 33.8085484430973], 
            [-84.4948622372355, 33.8081374429519], 
            [-84.4947162367615, 33.808244443418], 
            [-84.4903322358474, 33.8114784441214], 
            [-84.4889322356883, 33.8125114443672], 
            [-84.4888022350535, 33.8125434440559], 
            [-84.4879302349797, 33.8110644439165], 
            [-84.4871342348445, 33.809757443649], 
            [-84.4865232343132, 33.8086824433309], 
            [-84.4861662339061, 33.8081454436467], 
            [-84.4861392344496, 33.8081044435468], 
            [-84.4859252343974, 33.8078374428762], 
            [-84.4857162345771, 33.8075674429657], 
            [-84.4854082337559, 33.8072184429962], 
            [-84.4850942335593, 33.806940442719], 
            [-84.4848192342759, 33.8067124429581], 
            [-84.4843842338595, 33.8064174427971], 
            [-84.4840432333142, 33.8062294430932], 
            [-84.4838492333001, 33.8061364432885], 
            [-84.4837612337113, 33.8061004434226], 
            [-84.4832992329483, 33.8059364430364], 
            [-84.4828752330527, 33.8058344428233], 
            [-84.4826792329484, 33.8057914426371], 
            [-84.4824222327113, 33.8057454432136], 
            [-84.4822552330548, 33.8057254431924], 
            [-84.4820212329866, 33.8056974428033], 
            [-84.481615233031, 33.8056724425596], 
            [-84.4813702324535, 33.805663443051], 
            [-84.481262232838, 33.8056674432403], 
            [-84.4805272329074, 33.8057054432296], 
            [-84.4798162322924, 33.8057544428282], 
            [-84.478690232208, 33.8058614433308], 
            [-84.4765102317803, 33.8060244428697], 
            [-84.4758232313795, 33.8060694431814], 
            [-84.4758152310017, 33.8059484429719], 
            [-84.4758112307911, 33.8054804428738], 
            [-84.4757672314041, 33.804671443167]
          ]
        ]
      }, 
      "properties" : null
    }, 
    {
      "type" : "Feature", 
      "geometry" : 
      {
        "type" : "Polygon", 
        "coordinates" : 
        [
          [
            [-84.4761632254454, 33.7023614210636], 
            [-84.4742842255053, 33.7027084210217], 
            [-84.4740892254501, 33.7027134212606], 
            [-84.4729522248466, 33.7026574214063], 
            [-84.4724842247122, 33.7026344212574], 
            [-84.4711702239888, 33.7025704210389], 
            [-84.4706992246152, 33.7025624215851], 
            [-84.4700822238639, 33.7025794214963], 
            [-84.4698912239949, 33.7025964213916], 
            [-84.469666224347, 33.7026164214272], 
            [-84.4693252238158, 33.7026934214099], 
            [-84.4687212236774, 33.7028904215659], 
            [-84.4680332232398, 33.7031154212237], 
            [-84.4678382231884, 33.7031934212473], 
            [-84.4669662232195, 33.7036794213127], 
            [-84.4666752232133, 33.7038204215606], 
            [-84.4663222230276, 33.7039534214402], 
            [-84.4659542230434, 33.7040524215439], 
            [-84.4646292227239, 33.7042724218929], 
            [-84.4637622220695, 33.7044144222086], 
            [-84.4632812222387, 33.70453442239], 
            [-84.4623352215237, 33.7048294217031], 
            [-84.4588452206107, 33.705917422776], 
            [-84.4583422206613, 33.706094422901], 
            [-84.4574562209347, 33.706440422776], 
            [-84.4572432209477, 33.7065244230783], 
            [-84.4556852197293, 33.707135422665], 
            [-84.4550162201754, 33.7073984231832], 
            [-84.4533942195858, 33.7080344230312], 
            [-84.4519002195373, 33.7086204232558], 
            [-84.4507412188393, 33.7090744236479], 
            [-84.4506182185302, 33.7091234232246], 
            [-84.4488432180386, 33.7098194240594], 
            [-84.4485332180498, 33.7099564241228], 
            [-84.4481822179598, 33.7101444238525], 
            [-84.447598217859, 33.7105094236972], 
            [-84.4469302174592, 33.710905424082], 
            [-84.4468512173925, 33.7109434240467], 
            [-84.446625217702, 33.7110354238208], 
            [-84.4464152178531, 33.7110994240957], 
            [-84.4458762171285, 33.7112004242984], 
            [-84.4437002168974, 33.7115714244801], 
            [-84.4422432167492, 33.7118194243326], 
            [-84.441920216153, 33.7118774243336], 
            [-84.4419482163881, 33.7087694233331], 
            [-84.4419812159663, 33.7058574233191], 
            [-84.4419802159163, 33.7057884228203], 
            [-84.4420172158322, 33.7057434234321], 
            [-84.4421512157496, 33.7056394231055], 
            [-84.4429342161111, 33.7056424232155], 
            [-84.442932216022, 33.7057134229077], 
            [-84.4438552165799, 33.7056234232004], 
            [-84.4444322163748, 33.7056144227621], 
            [-84.4463132173251, 33.7056044231284], 
            [-84.4463842170226, 33.7056074232648], 
            [-84.4480182182068, 33.705683423128], 
            [-84.449453218244, 33.705636422696], 
            [-84.4495392184613, 33.7023144216714], 
            [-84.4496522182081, 33.7004114216358], 
            [-84.449668217963, 33.6987474209855], 
            [-84.4496852178367, 33.6984484215216], 
            [-84.4496932181999, 33.6982964207745], 
            [-84.4496932181909, 33.6981264209924], 
            [-84.4533562191446, 33.6990494213506], 
            [-84.4534812186513, 33.6990784208909], 
            [-84.4542182195851, 33.6992494215913], 
            [-84.456165220007, 33.6993594212195], 
            [-84.4569352197591, 33.6992454213054], 
            [-84.4573462199421, 33.6991864212547], 
            [-84.4579342202421, 33.6990754214863], 
            [-84.4588132205456, 33.698776421091], 
            [-84.4589922207529, 33.698679421087], 
            [-84.4596662205336, 33.6983164204323], 
            [-84.4605542212441, 33.6978144205244], 
            [-84.4606882211597, 33.6976784205139], 
            [-84.4608912215867, 33.6976824206917], 
            [-84.4612102211009, 33.6976794205409], 
            [-84.4615702216178, 33.6976684209173], 
            [-84.4621892215636, 33.6976694209407], 
            [-84.4651252220078, 33.6976734201179], 
            [-84.4657982226607, 33.6976744201393], 
            [-84.4661752230736, 33.697784420725], 
            [-84.4665752227497, 33.6977894200424], 
            [-84.4683182235947, 33.697843420681], 
            [-84.4685992231423, 33.6978064207551], 
            [-84.4699452235428, 33.6976954200593], 
            [-84.4726052246783, 33.6978674198354], 
            [-84.4732572243545, 33.6978274206561], 
            [-84.4748582248995, 33.6977714198009], 
            [-84.4748992250122, 33.6979354202029], 
            [-84.4753732254225, 33.6979104199264], 
            [-84.4774522256696, 33.6979304198766], 
            [-84.4789552261697, 33.6979864197174], 
            [-84.4802802265027, 33.6980214203904], 
            [-84.4806862264564, 33.6980134200048], 
            [-84.4809012265394, 33.6979894197842], 
            [-84.4810432268334, 33.6979874196863], 
            [-84.4816402275523, 33.6979034202691], 
            [-84.4820572271128, 33.697812419635], 
            [-84.4822672269619, 33.6977534195917], 
            [-84.4824742275706, 33.6976844199847], 
            [-84.4829022276372, 33.6975114200477], 
            [-84.4829372274616, 33.6974924200655], 
            [-84.483001227733, 33.6974824195998], 
            [-84.4832372279228, 33.6980554200575], 
            [-84.4833122278106, 33.698146419774], 
            [-84.483228227513, 33.69820341972], 
            [-84.4825392270418, 33.6986684197049], 
            [-84.4822222276326, 33.6989014197195], 
            [-84.4810812268981, 33.6998734207272], 
            [-84.4803822268666, 33.7004214200612], 
            [-84.4796642268505, 33.7009294202407], 
            [-84.47911622662, 33.7012634204466], 
            [-84.4785062262115, 33.7016194207746], 
            [-84.4782662267719, 33.7017354207618], 
            [-84.4780172260146, 33.7018354209073], 
            [-84.4771022258382, 33.7021184205626], 
            [-84.4761632254454, 33.7023614210636]
          ]
        ]
      }, 
      "properties" : null
    }, 
    {
      "type" : "Feature", 
      "geometry" : 
      {
        "type" : "Polygon", 
        "coordinates" : 
        [
          [
            [-84.4678632261928, 33.7548104330166], 
            [-84.4678152257607, 33.7547474327976], 
            [-84.4677412259176, 33.7546254325441], 
            [-84.467672226307, 33.7545114326611], 
            [-84.4675642257787, 33.7542634328666], 
            [-84.4674922260212, 33.7540064326539], 
            [-84.4674582262281, 33.7537434321618], 
            [-84.467423226353, 33.7528104321055], 
            [-84.4674272256227, 33.7524994320862], 
            [-84.4674402262213, 33.7524124325516], 
            [-84.4674362260292, 33.7522894322492], 
            [-84.467471225833, 33.7518834323241], 
            [-84.4670942254221, 33.7518114317004], 
            [-84.466674225715, 33.7517634321901], 
            [-84.4667382257682, 33.7476564307715], 
            [-84.4667512254508, 33.7472544310325], 
            [-84.4667822250681, 33.7468304311729], 
            [-84.4668762257651, 33.745559430741], 
            [-84.4669062253495, 33.7453884309115], 
            [-84.4669532257223, 33.7452094307107], 
            [-84.4669692254939, 33.7438664305432], 
            [-84.4656542247274, 33.7438654305457], 
            [-84.4656332243888, 33.7389134295521], 
            [-84.4658332244051, 33.7338134279888], 
            [-84.4670712252473, 33.7347824287691], 
            [-84.4684892254558, 33.7358794282782], 
            [-84.4693002252528, 33.7346554281985], 
            [-84.4680282255422, 33.733901428387], 
            [-84.4679202250221, 33.7338044283937], 
            [-84.4678382248088, 33.7337024281678], 
            [-84.4677712252904, 33.7335774277751], 
            [-84.4677332253194, 33.7334584276592], 
            [-84.4677172245675, 33.7332814284528], 
            [-84.4677532253286, 33.7330924277891], 
            [-84.4685122253764, 33.7312264276455], 
            [-84.4685202248435, 33.7311354279258], 
            [-84.4685052250365, 33.7309434271251], 
            [-84.4683702250434, 33.7304944270127], 
            [-84.4661932247676, 33.7308964277314], 
            [-84.4653432240012, 33.7310084275559], 
            [-84.465274224398, 33.73103542791], 
            [-84.465341223864, 33.7301744275882], 
            [-84.4652122240983, 33.7287654270663], 
            [-84.4652082239104, 33.7287224268729], 
            [-84.4651852237374, 33.7286284270155], 
            [-84.4651002242785, 33.7284174271357], 
            [-84.4650212242018, 33.7282644272448], 
            [-84.4649172238646, 33.7281194268262], 
            [-84.4648092242428, 33.7280034268519], 
            [-84.4646322241149, 33.7278474268257], 
            [-84.4644122237896, 33.7276764270054], 
            [-84.4642212239107, 33.7275074272768], 
            [-84.4640432237349, 33.7273234268527], 
            [-84.4636292233799, 33.7267684263364], 
            [-84.4637612231852, 33.7263014262794], 
            [-84.464055223277, 33.7251514260499], 
            [-84.4641072238806, 33.724949426582], 
            [-84.4641762234665, 33.7245974264594], 
            [-84.4642062239376, 33.724190426488], 
            [-84.4641872238744, 33.7226684261226], 
            [-84.4642042237599, 33.7225914261519], 
            [-84.4656462241398, 33.7228804259978], 
            [-84.4673042246572, 33.7232994255631], 
            [-84.46797722442, 33.7234744255519], 
            [-84.4683852244735, 33.723596425793], 
            [-84.4693572246306, 33.723948425877], 
            [-84.4695002249749, 33.7240194255638], 
            [-84.4696142248735, 33.7241044259003], 
            [-84.4697072246979, 33.7242054260795], 
            [-84.4702812252979, 33.7250444262576], 
            [-84.4704322251187, 33.7252014263311], 
            [-84.4706342255074, 33.7253604264953], 
            [-84.4706852251701, 33.7252484258012], 
            [-84.4711622257088, 33.7250184259197], 
            [-84.4713402258695, 33.7249184257767], 
            [-84.4715262255004, 33.7247874259959], 
            [-84.4716932260474, 33.7246394263276], 
            [-84.4718642258782, 33.724443426234], 
            [-84.4720012259288, 33.7242294262069], 
            [-84.4721022261069, 33.7240014255327], 
            [-84.4721802261149, 33.7237344257504], 
            [-84.4723062254749, 33.7201274250107], 
            [-84.472288225533, 33.7200154252183], 
            [-84.4735312256428, 33.7197604250494], 
            [-84.4737172261786, 33.719733424691], 
            [-84.473962225856, 33.719726425257], 
            [-84.4742772260854, 33.7197524246512], 
            [-84.4745652259624, 33.719798424973], 
            [-84.4748562259797, 33.719868424608], 
            [-84.4755982262479, 33.7200704249457], 
            [-84.4758852269776, 33.7201144251749], 
            [-84.4761142268123, 33.7201164252591], 
            [-84.4767722267662, 33.7200614244852], 
            [-84.4771752274808, 33.7200684247946], 
            [-84.477535227101, 33.7201044246504], 
            [-84.4777912272905, 33.7201294248998], 
            [-84.4788502278781, 33.7203054249206], 
            [-84.4792632272596, 33.7203384246355], 
            [-84.4796912273349, 33.7203314251946], 
            [-84.4804542276636, 33.7202584244822], 
            [-84.4823112283903, 33.7200784250673], 
            [-84.482980228854, 33.7200144247753], 
            [-84.4836722285864, 33.7199474243436], 
            [-84.4843162287908, 33.7199094243579], 
            [-84.4847172294121, 33.719906424204], 
            [-84.4846222296589, 33.7228904248577], 
            [-84.4846322292361, 33.7231244249065], 
            [-84.4846842289652, 33.7233884254443], 
            [-84.4847942295882, 33.7236754252469], 
            [-84.4849352298487, 33.7239164256151], 
            [-84.4852712292758, 33.7243524251178], 
            [-84.4853962296906, 33.7245464251078], 
            [-84.4855192300162, 33.7248064254576], 
            [-84.4855952299593, 33.7250654257629], 
            [-84.4856342299885, 33.7254054253256], 
            [-84.4856152301293, 33.7277214265047], 
            [-84.4854622302241, 33.7277214265104], 
            [-84.4841152297667, 33.7276334260808], 
            [-84.4837942292615, 33.7276574263053], 
            [-84.4835132297151, 33.7277174263975], 
            [-84.4832752294673, 33.7278014267006], 
            [-84.4830802294167, 33.7278954265662], 
            [-84.482900229164, 33.7280094264585], 
            [-84.4827372288017, 33.7281404262384], 
            [-84.4825952294147, 33.7282864267125], 
            [-84.4814812290511, 33.7295804264493], 
            [-84.4802872284664, 33.7288834265777], 
            [-84.4799462279237, 33.7287424263533], 
            [-84.4795742277436, 33.7286484265087], 
            [-84.4759452274885, 33.7281044266213], 
            [-84.4756242269772, 33.7280144269602], 
            [-84.4752342268573, 33.7278474264323], 
            [-84.4752372270009, 33.7279304266802], 
            [-84.4752632273116, 33.727996427039], 
            [-84.4756412268996, 33.7286324268127], 
            [-84.4759042274387, 33.7291224270213], 
            [-84.4760632276351, 33.7293624264431], 
            [-84.4763232271291, 33.7297304272948], 
            [-84.4764152269065, 33.7298224270571], 
            [-84.476521227333, 33.7299034272086], 
            [-84.4766492269812, 33.7299734268496], 
            [-84.4769022279351, 33.7300784272081], 
            [-84.4774592277118, 33.7302684269968], 
            [-84.4773572274876, 33.7305004269571], 
            [-84.4773162273907, 33.7306334268251], 
            [-84.4772202274621, 33.7311884273605], 
            [-84.4771922279781, 33.7315024275197], 
            [-84.4771802274619, 33.7322664278421], 
            [-84.4771902279348, 33.7324334274848], 
            [-84.4772382274762, 33.7326594271616], 
            [-84.477382227885, 33.7330714273581], 
            [-84.4774232280051, 33.7333744279045], 
            [-84.4774062281539, 33.7340964280799], 
            [-84.4772862280173, 33.7347724279266], 
            [-84.4772682281173, 33.7354474277232], 
            [-84.4772512282315, 33.7355174282689], 
            [-84.4769162279728, 33.7354824284585], 
            [-84.4764512279784, 33.7354744281051], 
            [-84.4757282277026, 33.7354624284753], 
            [-84.4753782276488, 33.7354574282567], 
            [-84.4757262276281, 33.7358054281785], 
            [-84.4766342275429, 33.7367134288428], 
            [-84.4764332281561, 33.7376124282321], 
            [-84.4778332284182, 33.7385124285076], 
            [-84.4791662282496, 33.7390454288699], 
            [-84.4793392290865, 33.7391134284165], 
            [-84.4802332292346, 33.7397124291548], 
            [-84.4852332301333, 33.7398124291054], 
            [-84.4867332307095, 33.7439144293349], 
            [-84.4864682310224, 33.7442784300208], 
            [-84.4859332305172, 33.7450144299647], 
            [-84.4866202309396, 33.7453764296232], 
            [-84.4867262314039, 33.7461674302927], 
            [-84.4867692316209, 33.7465454298171], 
            [-84.4868022313601, 33.7466684301184], 
            [-84.4868492308467, 33.7467364305691], 
            [-84.486907230843, 33.7467904303707], 
            [-84.4869772313956, 33.7468334305617], 
            [-84.4870632308914, 33.746864430196], 
            [-84.4871622309895, 33.7468784299416], 
            [-84.4890972317496, 33.746907430314], 
            [-84.4891802320044, 33.7469184299212], 
            [-84.4890482322049, 33.7474924304386], 
            [-84.4880422315857, 33.7512044306792], 
            [-84.4880412315473, 33.7513544313333], 
            [-84.4880952322613, 33.7514824309662], 
            [-84.4883302323971, 33.7519094309549], 
            [-84.4879822315429, 33.7520194315674], 
            [-84.4876462321467, 33.752164431103], 
            [-84.4872682317036, 33.7523604312044], 
            [-84.486844231828, 33.7526324312311], 
            [-84.4864042312124, 33.7529524316836], 
            [-84.4861232316731, 33.7531474317351], 
            [-84.4855932313833, 33.7535684314743], 
            [-84.4853822314939, 33.7537434314958], 
            [-84.4851482314366, 33.7539184315182], 
            [-84.4846582311971, 33.7542054322423], 
            [-84.4844532306833, 33.7543154319502], 
            [-84.4841642307686, 33.7544304318929], 
            [-84.4839092306315, 33.754518432382], 
            [-84.4836342304656, 33.7546064319726], 
            [-84.4832322307027, 33.7547124324018], 
            [-84.4828312300845, 33.7547744316918], 
            [-84.482235230309, 33.7548164318612], 
            [-84.4818982299599, 33.7548254322906], 
            [-84.4819292305074, 33.7549814323223], 
            [-84.4821672308105, 33.7559364324909], 
            [-84.4823072301419, 33.756487432832], 
            [-84.4823802308417, 33.7566824328702], 
            [-84.4825352308559, 33.756985432513], 
            [-84.4827662308042, 33.757377432679], 
            [-84.4828732303852, 33.7575984330212], 
            [-84.4829102303113, 33.757743432543], 
            [-84.482930230346, 33.7578554323352], 
            [-84.4829412308697, 33.7581054331252], 
            [-84.4829362306568, 33.7584624325777], 
            [-84.4829162306424, 33.7587314324505], 
            [-84.4827892310757, 33.7593214328097], 
            [-84.4826982304709, 33.7597074327097], 
            [-84.4826402304912, 33.7599664330199], 
            [-84.4825382311515, 33.7599214327375], 
            [-84.4820032306007, 33.7597994334005], 
            [-84.4814852308397, 33.7596954330982], 
            [-84.4799102296879, 33.7594804330885], 
            [-84.479540229603, 33.7594314335301], 
            [-84.4790742295592, 33.759369433373], 
            [-84.4773302295563, 33.7591144333151], 
            [-84.4746332284905, 33.7587204331481], 
            [-84.4740632281165, 33.7586424331529], 
            [-84.4731032276286, 33.7585114334147], 
            [-84.472913227804, 33.7584924334409], 
            [-84.4726352274906, 33.7584234329524], 
            [-84.4722512276548, 33.7583644329313], 
            [-84.4719572274986, 33.7583024327678], 
            [-84.4716642273884, 33.7582324331329], 
            [-84.4712522271486, 33.7580984332353], 
            [-84.470719227588, 33.7579414331761], 
            [-84.4702182268114, 33.7577294332654], 
            [-84.4695092271694, 33.7574174332263], 
            [-84.4693562263603, 33.7573334329376], 
            [-84.4690922266924, 33.757187433378], 
            [-84.4690242262336, 33.7571614330752], 
            [-84.4689092262899, 33.7571024330441], 
            [-84.4682472261232, 33.756646432627], 
            [-84.4679192261787, 33.75641243259], 
            [-84.467667226165, 33.7562034328092], 
            [-84.4673382261715, 33.7559204332], 
            [-84.4673202262345, 33.7558994331271], 
            [-84.4672732258514, 33.7558864325266], 
            [-84.4672312256982, 33.755831432678], 
            [-84.4670222258817, 33.7556314324132], 
            [-84.4665402259749, 33.7551964329623], 
            [-84.4660352259036, 33.7548254328801], 
            [-84.4663312261509, 33.7548564325067], 
            [-84.4665412260044, 33.7548784326188], 
            [-84.466748225718, 33.7548894322214], 
            [-84.4669792256453, 33.7548864329731], 
            [-84.4678632261928, 33.7548104330166]
          ]
        ]
      }, 
      "properties" : null
    }, 
    {
      "type" : "Feature", 
      "geometry" : 
      {
        "type" : "Polygon", 
        "coordinates" : 
        [
          [
            [-84.4399132162149, 33.7225094268511], 
            [-84.4412172164713, 33.7225154270807], 
            [-84.4421762169061, 33.7225194263311], 
            [-84.4423662167296, 33.7225204263704], 
            [-84.4431682170735, 33.7225234264797], 
            [-84.443571217788, 33.7225254265574], 
            [-84.444683218128, 33.7225304267477], 
            [-84.4447892176509, 33.7225304267438], 
            [-84.4467732179858, 33.7225394261879], 
            [-84.4483342184769, 33.7225464264543], 
            [-84.4489042188471, 33.7225514266649], 
            [-84.4491772189255, 33.7225644263577], 
            [-84.4493662187045, 33.7225994261736], 
            [-84.4495702191815, 33.7226704267574], 
            [-84.4497662192893, 33.7227814264968], 
            [-84.4498662194374, 33.7228614266021], 
            [-84.4502522193818, 33.7232204261329], 
            [-84.4510162197338, 33.7227104267583], 
            [-84.4520352202184, 33.7220304257935], 
            [-84.4525352200204, 33.7216994257285], 
            [-84.4528392197293, 33.7215344261668], 
            [-84.4532232204532, 33.721382426305], 
            [-84.4536292204018, 33.7212764258757], 
            [-84.4540522202425, 33.7212204259636], 
            [-84.4544732208925, 33.7212154257163], 
            [-84.4548182207158, 33.721248426333], 
            [-84.4554712204467, 33.7213624261944], 
            [-84.4564982213483, 33.7215434255487], 
            [-84.4578582215178, 33.7217834258255], 
            [-84.4599742226013, 33.7221564259407], 
            [-84.4618072231405, 33.7224794255486], 
            [-84.4621192232323, 33.7225334262401], 
            [-84.4623212227145, 33.7225564254996], 
            [-84.4625502225495, 33.7225644258617], 
            [-84.4627792232829, 33.7225534262429], 
            [-84.4630232229125, 33.7225204256043], 
            [-84.4632392230406, 33.7224724260705], 
            [-84.4634482228431, 33.7224074257493], 
            [-84.4635022235522, 33.7224444256628], 
            [-84.4635632236861, 33.7224674258268], 
            [-84.4642042237599, 33.7225914261519], 
            [-84.4641872238744, 33.7226684261226], 
            [-84.4642062239376, 33.724190426488], 
            [-84.4641762234665, 33.7245974264594], 
            [-84.4641072238806, 33.724949426582], 
            [-84.464055223277, 33.7251514260499], 
            [-84.4637612231852, 33.7263014262794], 
            [-84.4636292233799, 33.7267684263364], 
            [-84.4635402237594, 33.7270084266668], 
            [-84.4634552234199, 33.7271514269998], 
            [-84.4633272237833, 33.7272984266204], 
            [-84.4630182229497, 33.7275874265312], 
            [-84.4624402231335, 33.7280694272996], 
            [-84.462363223162, 33.7281504274578], 
            [-84.4618592231436, 33.7279014267324], 
            [-84.4615982227182, 33.7278024266521], 
            [-84.4613292228218, 33.7277224274524], 
            [-84.4610622230195, 33.7276664266664], 
            [-84.460845222841, 33.7276394272223], 
            [-84.4606692227683, 33.7276504268391], 
            [-84.4604882224657, 33.727698427271], 
            [-84.4603152225364, 33.7277874269041], 
            [-84.4584872223435, 33.7296134279322], 
            [-84.4583592218086, 33.7297794275337], 
            [-84.4582592216743, 33.7299584277364], 
            [-84.4581892220334, 33.7301474275021], 
            [-84.4581542222169, 33.7303184273318], 
            [-84.4580912221282, 33.7328914287281], 
            [-84.4573002223185, 33.7333344285968], 
            [-84.4570782219155, 33.7334504285833], 
            [-84.4568262219182, 33.7335484286364], 
            [-84.456787221907, 33.7335464285451], 
            [-84.456488221521, 33.733526428529], 
            [-84.4561682219609, 33.7335384281974], 
            [-84.4554612215373, 33.7336974283955], 
            [-84.4538612210547, 33.7340574289456], 
            [-84.4537892213093, 33.734028428504], 
            [-84.4534322209288, 33.7339894285091], 
            [-84.4531042209933, 33.7339214289681], 
            [-84.4525502204596, 33.7337904283155], 
            [-84.4519922206418, 33.7337004286632], 
            [-84.4512092202768, 33.7336334282862], 
            [-84.4508962201407, 33.7336174284558], 
            [-84.4506712204919, 33.7336214286495], 
            [-84.4496682198194, 33.733718428684], 
            [-84.4494062193533, 33.7337274291107], 
            [-84.4489842195556, 33.7337224288947], 
            [-84.4482492196224, 33.7337114284123], 
            [-84.4475012190861, 33.7337034289688], 
            [-84.445122218408, 33.7336934285937], 
            [-84.4448312183942, 33.7336914285119], 
            [-84.4438352180411, 33.7336884293092], 
            [-84.4414052176944, 33.7336794289823], 
            [-84.440527217421, 33.7336754288297], 
            [-84.4389412166685, 33.7336564289076], 
            [-84.4386402161904, 33.7336494294937], 
            [-84.4383762165283, 33.733612429588], 
            [-84.4376932163018, 33.7334454290709], 
            [-84.4373502165705, 33.7333974295578], 
            [-84.437363216249, 33.732917428903], 
            [-84.4374042162711, 33.7313784286472], 
            [-84.4374082164508, 33.731266428854], 
            [-84.4374192160411, 33.7308764287717], 
            [-84.4374352158543, 33.7303114286754], 
            [-84.437451215665, 33.7297004282465], 
            [-84.4374902156024, 33.7283134278382], 
            [-84.4375242162152, 33.7270784281769], 
            [-84.4375322156715, 33.7267854280919], 
            [-84.4375542157593, 33.726149427404], 
            [-84.4375592159832, 33.7259944274173], 
            [-84.4375912156203, 33.7250684276827], 
            [-84.4375942157456, 33.7248084273281], 
            [-84.4376212159862, 33.7226804267644], 
            [-84.4376232160692, 33.7224944271403], 
            [-84.437798216096, 33.7224954271802], 
            [-84.438758215678, 33.7225034266159], 
            [-84.4399132162149, 33.7225094268511]
          ]
        ]
      }, 
      "properties" : null
    }, 
    {
      "type" : "Feature", 
      "geometry" : 
      {
        "type" : "Polygon", 
        "coordinates" : 
        [
          [
            [-84.5137432385978, 33.7454714285199], 
            [-84.5138752392863, 33.744703428907], 
            [-84.5141332385883, 33.743208427984], 
            [-84.5154942396117, 33.7417274276685], 
            [-84.5155092391076, 33.7360764266656], 
            [-84.5158392389196, 33.7320804258831], 
            [-84.5160742389972, 33.7314154256424], 
            [-84.5167812393853, 33.7305924252589], 
            [-84.5168512390362, 33.7305894260166], 
            [-84.5173352390404, 33.7311134259933], 
            [-84.5172872395213, 33.7313074259898], 
            [-84.5174132391112, 33.7320274260672], 
            [-84.5174572394929, 33.7346304261511], 
            [-84.5174522393067, 33.7354914264705], 
            [-84.5174532393853, 33.7360954265742], 
            [-84.5179352392698, 33.7361134264909], 
            [-84.5187912403044, 33.7358104268105], 
            [-84.5189722397132, 33.7358664267003], 
            [-84.5190942399836, 33.7359594265077], 
            [-84.5193602397375, 33.7359804265715], 
            [-84.5195182398793, 33.7360664269526], 
            [-84.5198922401484, 33.7360884270586], 
            [-84.5198852398428, 33.7364494266965], 
            [-84.519877240379, 33.7366024265907], 
            [-84.5198992405052, 33.7366894270232], 
            [-84.5199672400687, 33.736789427157], 
            [-84.5200492402792, 33.7368394267724], 
            [-84.5203802403534, 33.7368964267029], 
            [-84.520639240706, 33.7373714271158], 
            [-84.5209412403324, 33.7373994266032], 
            [-84.521003240477, 33.7367544263963], 
            [-84.5227472413939, 33.7372874267431], 
            [-84.5229352411366, 33.737513427314], 
            [-84.5236032415891, 33.7381104270686], 
            [-84.5241072416182, 33.7385614272599], 
            [-84.5261322420541, 33.7385204270838], 
            [-84.5274932422577, 33.7385324266898], 
            [-84.5276672422382, 33.738534426776], 
            [-84.5322692435503, 33.7385774267985], 
            [-84.5326222437392, 33.7385054270469], 
            [-84.5331072437631, 33.7385264271025], 
            [-84.5336582441541, 33.7385944266351], 
            [-84.5339932444142, 33.7386564267971], 
            [-84.534055244594, 33.7386694264978], 
            [-84.5357412445943, 33.738758426961], 
            [-84.5357312450464, 33.7390744263129], 
            [-84.5356282449228, 33.7420644272444], 
            [-84.5355952453203, 33.7445094281049], 
            [-84.5360352450538, 33.7445134282738], 
            [-84.5379662456269, 33.7445214276733], 
            [-84.5379572462083, 33.7463924280204], 
            [-84.5381782456741, 33.7464384283446], 
            [-84.5382922464705, 33.7464934281906], 
            [-84.5383792460132, 33.7465344282882], 
            [-84.5384982461442, 33.7466274280957], 
            [-84.5387962464997, 33.7469464284745], 
            [-84.539060246172, 33.7471754282821], 
            [-84.539698246116, 33.7474774287599], 
            [-84.5398532470197, 33.7475974280184], 
            [-84.5401782468352, 33.7480234288567], 
            [-84.5404502468855, 33.7483804282989], 
            [-84.5397242465035, 33.7489844284297], 
            [-84.5397632465338, 33.7493444289188], 
            [-84.5388122464652, 33.749241428679], 
            [-84.5381582457905, 33.7491624286406], 
            [-84.5376422461542, 33.7496564290632], 
            [-84.5374822459324, 33.749809428963], 
            [-84.5371712459063, 33.7501154287621], 
            [-84.5361192457081, 33.7511494290413], 
            [-84.5360462459208, 33.7512034297472], 
            [-84.5359292458897, 33.7512454289994], 
            [-84.5356762458425, 33.751277429592], 
            [-84.5355402458266, 33.7512734294118], 
            [-84.5350382450143, 33.7512584296348], 
            [-84.5350302456389, 33.7530704299463], 
            [-84.5350112458775, 33.7572134303325], 
            [-84.5350122459637, 33.7579584306733], 
            [-84.5256342433607, 33.7579094314502], 
            [-84.5249582425726, 33.7579834313064], 
            [-84.5249822430387, 33.7627014322497], 
            [-84.5176102408842, 33.7625204322324], 
            [-84.5176162411555, 33.7623864323194], 
            [-84.5176022413978, 33.7622484322218], 
            [-84.5175682407124, 33.7621174324492], 
            [-84.5175162409905, 33.7619894319169], 
            [-84.5172972407236, 33.7620454327209], 
            [-84.5170902410116, 33.7620654327558], 
            [-84.5155742399101, 33.762042432646], 
            [-84.5147292402684, 33.7620294320752], 
            [-84.5145412396367, 33.7619964323519], 
            [-84.5145252397695, 33.7615464321888], 
            [-84.5145482399288, 33.7613834327302], 
            [-84.5146002396339, 33.7611984322513], 
            [-84.5146792396929, 33.7610184320031], 
            [-84.514801239948, 33.7608254320503], 
            [-84.5149132397421, 33.7606914321333], 
            [-84.5152702401004, 33.7603154317874], 
            [-84.5153992397807, 33.7601174316027], 
            [-84.5154572397666, 33.7599754322164], 
            [-84.5154932405289, 33.759809431719], 
            [-84.5154992399011, 33.7596784319449], 
            [-84.5154852401389, 33.7594584316456], 
            [-84.5152872399447, 33.7594664320237], 
            [-84.5150212401907, 33.7594464320063], 
            [-84.5147462400163, 33.759374432278], 
            [-84.5146382394978, 33.759307431876], 
            [-84.5145642396724, 33.7595174317154], 
            [-84.5144152399658, 33.759760432187], 
            [-84.5142272402455, 33.7599564322812], 
            [-84.5139762393994, 33.7601314323042], 
            [-84.5137122397457, 33.7602514324776], 
            [-84.5132542391839, 33.7603764319905], 
            [-84.5128062390835, 33.7604544320236], 
            [-84.5123782390096, 33.7604884318161], 
            [-84.5118322388541, 33.7604864317437], 
            [-84.5114542392986, 33.7604644325371], 
            [-84.5108882391115, 33.7604094318087], 
            [-84.5097592388749, 33.7602694325593], 
            [-84.509011238334, 33.7601734326361], 
            [-84.5085102384631, 33.7600804319434], 
            [-84.5085782380113, 33.7598944323169], 
            [-84.5086252383835, 33.7597034324595], 
            [-84.5086532378739, 33.7595104325102], 
            [-84.5086622382811, 33.7593154324689], 
            [-84.5086262383906, 33.7589674316363], 
            [-84.5085232380886, 33.7586104321877], 
            [-84.5084822379719, 33.7583694318158], 
            [-84.5084732384435, 33.7581804320532], 
            [-84.5084892382549, 33.7575854314664], 
            [-84.508559237878, 33.7570624315155], 
            [-84.5087472384662, 33.7562794312057], 
            [-84.5088042383868, 33.7557824315605], 
            [-84.5088102377645, 33.7557554312087], 
            [-84.5088252384322, 33.7552234308428], 
            [-84.5088132378715, 33.7551524311511], 
            [-84.5087872384588, 33.7550604313864], 
            [-84.5087392380257, 33.7549794312328], 
            [-84.50865523772, 33.7548844313313], 
            [-84.5085572376655, 33.7548174309289], 
            [-84.5084412376754, 33.7547574308514], 
            [-84.508301237472, 33.7547174308021], 
            [-84.5081652374556, 33.7547034310579], 
            [-84.5080292374405, 33.7547144306733], 
            [-84.5078872380477, 33.7547514314933], 
            [-84.5077692379711, 33.7548094314868], 
            [-84.507668237785, 33.7548854314144], 
            [-84.5075842374896, 33.7549834314611], 
            [-84.5074732377468, 33.7552094311437], 
            [-84.5073552376741, 33.7553424310147], 
            [-84.5072662380441, 33.7554054312387], 
            [-84.5071762374675, 33.7554504315282], 
            [-84.5069762371827, 33.7555024312468], 
            [-84.506813237713, 33.7555054313918], 
            [-84.5066652371391, 33.7554794310921], 
            [-84.5065892372083, 33.7554544317353], 
            [-84.5063352371062, 33.755327431257], 
            [-84.5060772368214, 33.7552554315282], 
            [-84.5058752373391, 33.7552314313231], 
            [-84.5055112375349, 33.7552254310586], 
            [-84.5055512366378, 33.754188430678], 
            [-84.5055802370709, 33.7539384307858], 
            [-84.5056542368945, 33.75369443117], 
            [-84.5060512372895, 33.7529284307407], 
            [-84.5076252373264, 33.7499714303841], 
            [-84.5082872374025, 33.7487274293834], 
            [-84.5089262373897, 33.7489694297794], 
            [-84.5091452376627, 33.7490264297141], 
            [-84.5093772376385, 33.7490644296673], 
            [-84.5096202381238, 33.7490824295929], 
            [-84.5106652380534, 33.7491024295813], 
            [-84.5108202380506, 33.7490884298262], 
            [-84.5109682386211, 33.7490504298588], 
            [-84.5110832385589, 33.7490014293831], 
            [-84.5111982384957, 33.7489304296867], 
            [-84.511287238125, 33.7488544297598], 
            [-84.5113682382812, 33.7487564297131], 
            [-84.5115742388253, 33.7483464295963], 
            [-84.5118172383816, 33.7478094298895], 
            [-84.5119312382657, 33.7476214292693], 
            [-84.5120572387079, 33.7474574297606], 
            [-84.5122052383727, 33.747300429676], 
            [-84.5123722389199, 33.7471564292936], 
            [-84.5126752385794, 33.7469374290288], 
            [-84.5128692385822, 33.7468184289044], 
            [-84.5131302389958, 33.7466944294452], 
            [-84.5133352386123, 33.7466234288461], 
            [-84.5134252391897, 33.7465934292515], 
            [-84.5135562389716, 33.7465614295628], 
            [-84.5137432385978, 33.7454714285199]
          ]
        ]
      }, 
      "properties" : null
    }, 
    {
      "type" : "Feature", 
      "geometry" : 
      {
        "type" : "Polygon", 
        "coordinates" : 
        [
          [
            [-84.5064552346089, 33.7051444202717], 
            [-84.5065642351988, 33.7056794207722], 
            [-84.5067582352373, 33.7062334203511], 
            [-84.5068542352147, 33.7065954209309], 
            [-84.5070592348872, 33.7075804206922], 
            [-84.5071512346912, 33.7081734211824], 
            [-84.5071532347997, 33.7084684213596], 
            [-84.5072652355006, 33.7084734215871], 
            [-84.5096922356976, 33.7082924212054], 
            [-84.5098492357878, 33.7082804215429], 
            [-84.510655236315, 33.7082424206518], 
            [-84.5125292369383, 33.7081984212418], 
            [-84.5138332374179, 33.7124104220785], 
            [-84.513234236687, 33.7140144217691], 
            [-84.5130682370793, 33.7140404220805], 
            [-84.5122712369686, 33.7140574219984], 
            [-84.5124352364386, 33.7131864221091], 
            [-84.5120012369836, 33.7131814218935], 
            [-84.5108692366152, 33.7131824219818], 
            [-84.510403236574, 33.7131664221571], 
            [-84.5072092349277, 33.7127474217495], 
            [-84.5065872348379, 33.7126544219606], 
            [-84.5060442348149, 33.7125264223459], 
            [-84.5060422347386, 33.7128364223188], 
            [-84.5060612347304, 33.7130144224708], 
            [-84.5061142354017, 33.7132134226952], 
            [-84.5060332353572, 33.7154144230455], 
            [-84.5015362335238, 33.7154174233513], 
            [-84.5013462337019, 33.7154474229496], 
            [-84.5012402341677, 33.715234422978], 
            [-84.5008502340097, 33.7143504225068], 
            [-84.5004212338412, 33.7134774225469], 
            [-84.5001892329476, 33.7130924227051], 
            [-84.4998862332496, 33.7125864226561], 
            [-84.4994172330252, 33.7117454223815], 
            [-84.4989792324402, 33.7108934224954], 
            [-84.4986282322955, 33.7100494220774], 
            [-84.4983322329041, 33.7092024215183], 
            [-84.498117232775, 33.7083574219482], 
            [-84.497935232379, 33.7075204209489], 
            [-84.4978812325565, 33.7072444216538], 
            [-84.4977822324263, 33.7066274209513], 
            [-84.4977322318789, 33.7061394208275], 
            [-84.497705232388, 33.7054494212369], 
            [-84.4977092325563, 33.7051234205226], 
            [-84.4977502317343, 33.7046234207388], 
            [-84.4977502317323, 33.7045854207769], 
            [-84.4977492325767, 33.7044244205125], 
            [-84.4977692316827, 33.7039844208113], 
            [-84.4978022322947, 33.7036064203847], 
            [-84.4978152319867, 33.7033834208447], 
            [-84.4979662317531, 33.7025164202417], 
            [-84.4981202316752, 33.701959420511], 
            [-84.4982802318678, 33.7012544202184], 
            [-84.4983452321744, 33.7010334198698], 
            [-84.4986532320283, 33.7001054200323], 
            [-84.4990312324227, 33.6989934197614], 
            [-84.499222232259, 33.6983584191135], 
            [-84.4992612322666, 33.6982924196516], 
            [-84.4994122320578, 33.6978934191471], 
            [-84.4994922321615, 33.6976814192149], 
            [-84.499515232325, 33.6975964188733], 
            [-84.4996932324551, 33.6969214190706], 
            [-84.4998972319838, 33.6960714192534], 
            [-84.4999732318883, 33.6956004190131], 
            [-84.5000762321374, 33.6949634182759], 
            [-84.5001312319646, 33.6944524188812], 
            [-84.5001532320714, 33.6941744185913], 
            [-84.5001582322998, 33.6941074181851], 
            [-84.5001742321321, 33.6939034186258], 
            [-84.5001852325223, 33.6916354178719], 
            [-84.500173231912, 33.6906274179371], 
            [-84.5001552319593, 33.6903124177331], 
            [-84.500272231993, 33.6903194180532], 
            [-84.5017532323688, 33.6903264174233], 
            [-84.5024782327363, 33.6903214171647], 
            [-84.5036282330434, 33.6903734177326], 
            [-84.5036722332873, 33.6903884175265], 
            [-84.5038242331462, 33.6903904176136], 
            [-84.5049552334641, 33.6903144176479], 
            [-84.5051252332574, 33.6902874172901], 
            [-84.5052342338155, 33.6902254171115], 
            [-84.5056762336407, 33.6902104172996], 
            [-84.5059832334985, 33.6902284172228], 
            [-84.5061342342089, 33.6902054170509], 
            [-84.5062452339631, 33.6901914172975], 
            [-84.5073482338774, 33.6900474168805], 
            [-84.5076992339766, 33.6900344171645], 
            [-84.5080502340773, 33.6900494169471], 
            [-84.5083742347252, 33.6900914170823], 
            [-84.5084112346438, 33.6900964173126], 
            [-84.511439235787, 33.6906174170562], 
            [-84.5113082351543, 33.6915664178601], 
            [-84.5109182351338, 33.693272417772], 
            [-84.510843235271, 33.6936524182928], 
            [-84.5103682349884, 33.6969584185904], 
            [-84.5103362353067, 33.6970434189323], 
            [-84.5102702349459, 33.6971174187658], 
            [-84.5094432352768, 33.6977944186851], 
            [-84.5090342351995, 33.6980974192482], 
            [-84.5088432353362, 33.6982204186586], 
            [-84.5074502345922, 33.6990594189097], 
            [-84.5072272350455, 33.699238419117], 
            [-84.5070412345196, 33.6994504190531], 
            [-84.5068462344798, 33.6997474193304], 
            [-84.506689234408, 33.7001064197806], 
            [-84.5065982346939, 33.7003314194162], 
            [-84.5065352344767, 33.700486419405], 
            [-84.5063592344314, 33.7010114194527], 
            [-84.5062872347034, 33.7013094197717], 
            [-84.5062472346619, 33.7016104202284], 
            [-84.5062252345623, 33.7020234195782], 
            [-84.5061342348779, 33.7028104200699], 
            [-84.5061302347201, 33.7033354201111], 
            [-84.5061422343913, 33.7035924203261], 
            [-84.5061972342659, 33.7039744200355], 
            [-84.5064552346089, 33.7051444202717]
          ]
        ]
      }, 
      "properties" : null
    }, 
    {
      "type" : "Feature", 
      "geometry" : 
      {
        "type" : "Polygon", 
        "coordinates" : 
        [
          [
            [-84.4724842247122, 33.7026344212574], 
            [-84.4729522248466, 33.7026574214063], 
            [-84.4740892254501, 33.7027134212606], 
            [-84.4742842255053, 33.7027084210217], 
            [-84.4761632254454, 33.7023614210636], 
            [-84.4771022258382, 33.7021184205626], 
            [-84.4780172260146, 33.7018354209073], 
            [-84.4782662267719, 33.7017354207618], 
            [-84.4785062262115, 33.7016194207746], 
            [-84.47911622662, 33.7012634204466], 
            [-84.4796642268505, 33.7009294202407], 
            [-84.4803822268666, 33.7004214200612], 
            [-84.4810812268981, 33.6998734207272], 
            [-84.4822222276326, 33.6989014197195], 
            [-84.4825392270418, 33.6986684197049], 
            [-84.483228227513, 33.69820341972], 
            [-84.4833122278106, 33.698146419774], 
            [-84.4832372279228, 33.6980554200575], 
            [-84.483001227733, 33.6974824195998], 
            [-84.4829492271128, 33.6973724199014], 
            [-84.4829482270611, 33.6972724197652], 
            [-84.4831942276789, 33.6971654192954], 
            [-84.4834552271913, 33.6970054199669], 
            [-84.4837082281307, 33.6968374193688], 
            [-84.483953227799, 33.6966604192533], 
            [-84.4850872282147, 33.6958024190309], 
            [-84.4858932278128, 33.6952024190824], 
            [-84.4862552284075, 33.6949064188453], 
            [-84.4867672287643, 33.6945384188643], 
            [-84.4880872288081, 33.6934974191498], 
            [-84.4889432289259, 33.692861418431], 
            [-84.489607229134, 33.6923514181608], 
            [-84.490060229451, 33.6919854182746], 
            [-84.4901962294744, 33.6921314187384], 
            [-84.4910802290914, 33.6914684185662], 
            [-84.491273229944, 33.6912904184064], 
            [-84.491415229333, 33.6911834179405], 
            [-84.4916372297339, 33.6910274178994], 
            [-84.4918462295334, 33.6909084177744], 
            [-84.4920982295288, 33.6907734178059], 
            [-84.4924942299086, 33.6905924183988], 
            [-84.4929422300047, 33.6904334182104], 
            [-84.4931082305104, 33.6903804175474], 
            [-84.4931542299465, 33.6903724180744], 
            [-84.4931912298647, 33.6903714180267], 
            [-84.4938962301996, 33.6902914178916], 
            [-84.4942712305132, 33.690279418221], 
            [-84.4944822304108, 33.6902584181396], 
            [-84.4945892308791, 33.690253417904], 
            [-84.4951452305988, 33.6902464175591], 
            [-84.4955662303497, 33.6902444174508], 
            [-84.4959342312383, 33.6902424173445], 
            [-84.4960272310575, 33.6902464175264], 
            [-84.4962062312695, 33.6902404181411], 
            [-84.4965862309163, 33.690237417988], 
            [-84.4984012315043, 33.6902784180216], 
            [-84.4988482315633, 33.6902954178933], 
            [-84.4993622320338, 33.6903214172802], 
            [-84.4999382317824, 33.6903154178802], 
            [-84.5001552319593, 33.6903124177331], 
            [-84.500173231912, 33.6906274179371], 
            [-84.5001852325223, 33.6916354178719], 
            [-84.5001742321321, 33.6939034186258], 
            [-84.5001582322998, 33.6941074181851], 
            [-84.5001532320714, 33.6941744185913], 
            [-84.5001312319646, 33.6944524188812], 
            [-84.5000762321374, 33.6949634182759], 
            [-84.4999732318883, 33.6956004190131], 
            [-84.4998972319838, 33.6960714192534], 
            [-84.4996932324551, 33.6969214190706], 
            [-84.499515232325, 33.6975964188733], 
            [-84.4994922321615, 33.6976814192149], 
            [-84.4994122320578, 33.6978934191471], 
            [-84.4992612322666, 33.6982924196516], 
            [-84.499222232259, 33.6983584191135], 
            [-84.4990312324227, 33.6989934197614], 
            [-84.4986532320283, 33.7001054200323], 
            [-84.4983452321744, 33.7010334198698], 
            [-84.4982802318678, 33.7012544202184], 
            [-84.4981202316752, 33.701959420511], 
            [-84.4979662317531, 33.7025164202417], 
            [-84.4978152319867, 33.7033834208447], 
            [-84.4978022322947, 33.7036064203847], 
            [-84.4977692316827, 33.7039844208113], 
            [-84.4977492325767, 33.7044244205125], 
            [-84.4977502317323, 33.7045854207769], 
            [-84.4977502317343, 33.7046234207388], 
            [-84.4977092325563, 33.7051234205226], 
            [-84.497705232388, 33.7054494212369], 
            [-84.4977322318789, 33.7061394208275], 
            [-84.4977822324263, 33.7066274209513], 
            [-84.4978812325565, 33.7072444216538], 
            [-84.497935232379, 33.7075204209489], 
            [-84.498117232775, 33.7083574219482], 
            [-84.4983322329041, 33.7092024215183], 
            [-84.4986282322955, 33.7100494220774], 
            [-84.4989792324402, 33.7108934224954], 
            [-84.4994172330252, 33.7117454223815], 
            [-84.4998862332496, 33.7125864226561], 
            [-84.5001892329476, 33.7130924227051], 
            [-84.5004212338412, 33.7134774225469], 
            [-84.5008502340097, 33.7143504225068], 
            [-84.5012402341677, 33.715234422978], 
            [-84.5013462337019, 33.7154474229496], 
            [-84.5011082334521, 33.7154924232446], 
            [-84.5011802341033, 33.7156454231357], 
            [-84.5016282342564, 33.7165604232422], 
            [-84.5019142340738, 33.7172324228885], 
            [-84.5021822339727, 33.718234423435], 
            [-84.5022642341967, 33.7185384231269], 
            [-84.5011342338826, 33.7178144238008], 
            [-84.4984342326404, 33.7167144233009], 
            [-84.4965342325324, 33.7153144232616], 
            [-84.4928332317377, 33.7167144235087], 
            [-84.490467230687, 33.7152594236365], 
            [-84.4902352307056, 33.7151164233154], 
            [-84.4884302296471, 33.7144144232347], 
            [-84.4864392290499, 33.7155794233229], 
            [-84.4841242287308, 33.7172064241428], 
            [-84.4838262284037, 33.7174194241294], 
            [-84.4813302275512, 33.71474942373], 
            [-84.4805642279358, 33.7139414231965], 
            [-84.4778332269673, 33.7112144228629], 
            [-84.4760332261144, 33.7100144230925], 
            [-84.4759332259653, 33.7099144229599], 
            [-84.4748332260975, 33.7083144226182], 
            [-84.4745142256738, 33.7081244228207], 
            [-84.474585225431, 33.7092514228705], 
            [-84.4746332259146, 33.7102854231091], 
            [-84.4746212254058, 33.7111894227231], 
            [-84.4745562260538, 33.7124504235902], 
            [-84.4745312258002, 33.7125864235966], 
            [-84.4744782260456, 33.7127144232335], 
            [-84.4738502257378, 33.7137604240532], 
            [-84.4737972259836, 33.7138974232077], 
            [-84.4737152257928, 33.7142164236006], 
            [-84.4736532256233, 33.7143964238483], 
            [-84.4735702253787, 33.7145784241894], 
            [-84.4734102260631, 33.7148634239093], 
            [-84.47322722568, 33.7151434242978], 
            [-84.4729452252047, 33.7155214238343], 
            [-84.4728302252702, 33.7156344236779], 
            [-84.4725502257786, 33.7158534239418], 
            [-84.4724182250563, 33.7159864238132], 
            [-84.4722662252099, 33.7162194238217], 
            [-84.4718432254095, 33.7170364248163], 
            [-84.4717412251713, 33.7170064243294], 
            [-84.4712922250204, 33.7170064243461], 
            [-84.4711322247886, 33.7169724245755], 
            [-84.4710382249205, 33.7169214240149], 
            [-84.4709582248015, 33.7168464241404], 
            [-84.4709082251748, 33.7167634247935], 
            [-84.4708852250017, 33.7166654247507], 
            [-84.470904224897, 33.7150264243593], 
            [-84.4709162245488, 33.7149194238983], 
            [-84.4709592247385, 33.7147864240302], 
            [-84.4710312253751, 33.714663423725], 
            [-84.4711122246323, 33.7145704239099], 
            [-84.471437225308, 33.7142624240175], 
            [-84.4715242248422, 33.7141444239434], 
            [-84.4715892251538, 33.7140164234068], 
            [-84.4716362255264, 33.7138354240127], 
            [-84.4716482251701, 33.7135744236115], 
            [-84.4716292251797, 33.7134224237647], 
            [-84.4715822247902, 33.7132884238536], 
            [-84.4715172253653, 33.7131754240167], 
            [-84.4714322250127, 33.7130714236982], 
            [-84.4713162250205, 33.7129714235662], 
            [-84.471196224844, 33.7128964236933], 
            [-84.4709752244756, 33.7127904232872], 
            [-84.4696312241338, 33.7122574238244], 
            [-84.4687562240371, 33.7129574239118], 
            [-84.468649224475, 33.7130914238287], 
            [-84.4686002240071, 33.713227423836], 
            [-84.4685932245872, 33.7133344233976], 
            [-84.4687072245822, 33.7152334241384], 
            [-84.4687832245296, 33.7155724245528], 
            [-84.4689602246731, 33.716023423857], 
            [-84.4691052242279, 33.7164164240726], 
            [-84.4691962248739, 33.7168014248189], 
            [-84.4692372249978, 33.7171784242971], 
            [-84.4692372250227, 33.7176484244881], 
            [-84.4692162250328, 33.7192514250103], 
            [-84.4691982251657, 33.7205484248455], 
            [-84.4692192243467, 33.720645424842], 
            [-84.46704322412, 33.7210964251329], 
            [-84.4667482239254, 33.7211854256698], 
            [-84.4659202241901, 33.7214914254881], 
            [-84.4642092230679, 33.7221254261461], 
            [-84.4634482228431, 33.7224074257493], 
            [-84.4632392230406, 33.7224724260705], 
            [-84.4630232229125, 33.7225204256043], 
            [-84.4627792232829, 33.7225534262429], 
            [-84.4625502225495, 33.7225644258617], 
            [-84.4623212227145, 33.7225564254996], 
            [-84.4621192232323, 33.7225334262401], 
            [-84.4618072231405, 33.7224794255486], 
            [-84.4599742226013, 33.7221564259407], 
            [-84.4578582215178, 33.7217834258255], 
            [-84.4564982213483, 33.7215434255487], 
            [-84.4554712204467, 33.7213624261944], 
            [-84.4548182207158, 33.721248426333], 
            [-84.4544732208925, 33.7212154257163], 
            [-84.4540522202425, 33.7212204259636], 
            [-84.4536292204018, 33.7212764258757], 
            [-84.4532232204532, 33.721382426305], 
            [-84.4528392197293, 33.7215344261668], 
            [-84.4525352200204, 33.7216994257285], 
            [-84.4520352202184, 33.7220304257935], 
            [-84.451994220111, 33.7219644263347], 
            [-84.4519882198292, 33.7218994260215], 
            [-84.4525792201326, 33.7192334256927], 
            [-84.4529122202113, 33.7176274250199], 
            [-84.4532462203363, 33.716017425061], 
            [-84.4534702198815, 33.7149364244334], 
            [-84.4535212195423, 33.7147884247694], 
            [-84.4540332198367, 33.713243424218], 
            [-84.4542462197935, 33.7125904236348], 
            [-84.4545502203615, 33.7116684240753], 
            [-84.4547592201417, 33.7111854241735], 
            [-84.4553442202536, 33.710154423151], 
            [-84.4554762200671, 33.7098424230805], 
            [-84.4555642205375, 33.7095434236139], 
            [-84.4556092199145, 33.7092954229144], 
            [-84.4556312200234, 33.7090564235321], 
            [-84.4556852197293, 33.707135422665], 
            [-84.4572432209477, 33.7065244230783], 
            [-84.4574562209347, 33.706440422776], 
            [-84.4583422206613, 33.706094422901], 
            [-84.4588452206107, 33.705917422776], 
            [-84.4623352215237, 33.7048294217031], 
            [-84.4632812222387, 33.70453442239], 
            [-84.4637622220695, 33.7044144222086], 
            [-84.4646292227239, 33.7042724218929], 
            [-84.4659542230434, 33.7040524215439], 
            [-84.4663222230276, 33.7039534214402], 
            [-84.4666752232133, 33.7038204215606], 
            [-84.4669662232195, 33.7036794213127], 
            [-84.4678382231884, 33.7031934212473], 
            [-84.4680332232398, 33.7031154212237], 
            [-84.4687212236774, 33.7028904215659], 
            [-84.4693252238158, 33.7026934214099], 
            [-84.469666224347, 33.7026164214272], 
            [-84.4698912239949, 33.7025964213916], 
            [-84.4700822238639, 33.7025794214963], 
            [-84.4706992246152, 33.7025624215851], 
            [-84.4711702239888, 33.7025704210389], 
            [-84.4724842247122, 33.7026344212574]
          ]
        ]
      }, 
      "properties" : null
    }, 
    {
      "type" : "Feature", 
      "geometry" : 
      {
        "type" : "Polygon", 
        "coordinates" : 
        [
          [
            [-84.5175802395734, 33.7302854253953], 
            [-84.5176092391252, 33.7303754259665], 
            [-84.5176402396726, 33.7305294259054], 
            [-84.5176832389931, 33.7309634253263], 
            [-84.5176682392081, 33.7311824255804], 
            [-84.5172872395213, 33.7313074259898], 
            [-84.5173352390404, 33.7311134259933], 
            [-84.5168512390362, 33.7305894260166], 
            [-84.5167812393853, 33.7305924252589], 
            [-84.5160742389972, 33.7314154256424], 
            [-84.5158392389196, 33.7320804258831], 
            [-84.5155092391076, 33.7360764266656], 
            [-84.5154942396117, 33.7417274276685], 
            [-84.5141332385883, 33.743208427984], 
            [-84.5138752392863, 33.744703428907], 
            [-84.5137432385978, 33.7454714285199], 
            [-84.5135562389716, 33.7465614295628], 
            [-84.5134252391897, 33.7465934292515], 
            [-84.5133352386123, 33.7466234288461], 
            [-84.5131302389958, 33.7466944294452], 
            [-84.5128692385822, 33.7468184289044], 
            [-84.5126752385794, 33.7469374290288], 
            [-84.5123722389199, 33.7471564292936], 
            [-84.5122052383727, 33.747300429676], 
            [-84.5120572387079, 33.7474574297606], 
            [-84.5119312382657, 33.7476214292693], 
            [-84.5118172383816, 33.7478094298895], 
            [-84.5115742388253, 33.7483464295963], 
            [-84.5113682382812, 33.7487564297131], 
            [-84.511287238125, 33.7488544297598], 
            [-84.5111982384957, 33.7489304296867], 
            [-84.5110832385589, 33.7490014293831], 
            [-84.5109682386211, 33.7490504298588], 
            [-84.5108202380506, 33.7490884298262], 
            [-84.5106652380534, 33.7491024295813], 
            [-84.5096202381238, 33.7490824295929], 
            [-84.5093772376385, 33.7490644296673], 
            [-84.5091452376627, 33.7490264297141], 
            [-84.5089262373897, 33.7489694297794], 
            [-84.5082872374025, 33.7487274293834], 
            [-84.5082042371474, 33.7487124295908], 
            [-84.5081152375147, 33.7487234301038], 
            [-84.5072982373876, 33.7489724299789], 
            [-84.5070382370198, 33.7490834297352], 
            [-84.5062122373834, 33.7495014302457], 
            [-84.5058262365667, 33.7496534301075], 
            [-84.5054182365255, 33.7497624297766], 
            [-84.5048802367459, 33.7498494302299], 
            [-84.5042822368801, 33.7499364297862], 
            [-84.5038322366867, 33.7500104305333], 
            [-84.5035012366164, 33.7500254303412], 
            [-84.5035002365699, 33.7500244302949], 
            [-84.5017852361197, 33.7498724305112], 
            [-84.5014632355651, 33.74984042994], 
            [-84.5014382353042, 33.7498384307476], 
            [-84.501328235596, 33.749843430084], 
            [-84.5012222351748, 33.7498624300688], 
            [-84.5010682352262, 33.7499194300174], 
            [-84.500902235622, 33.7500124307349], 
            [-84.5005892354963, 33.7501904299999], 
            [-84.5003972355845, 33.7502754303477], 
            [-84.5000162349974, 33.7503804307298], 
            [-84.4995292348856, 33.7504524304863], 
            [-84.4984952345756, 33.7505924307156], 
            [-84.4967662343897, 33.7507174302757], 
            [-84.4971742343693, 33.7494504300175], 
            [-84.4971872340722, 33.7494314300361], 
            [-84.4979982347273, 33.7474394303486], 
            [-84.4981722346766, 33.7468544302192], 
            [-84.498567234949, 33.7455274298797], 
            [-84.498997235044, 33.7441474288821], 
            [-84.4991822346039, 33.7435554293274], 
            [-84.4994352346068, 33.7426894287671], 
            [-84.4998012344365, 33.7414324289738], 
            [-84.5004232344168, 33.7394674278461], 
            [-84.5007922343846, 33.7381874278863], 
            [-84.50079323443, 33.7381694279517], 
            [-84.500842234898, 33.738035428037], 
            [-84.5009132345786, 33.7377194277836], 
            [-84.5010832352419, 33.737142428025], 
            [-84.501357235312, 33.7361264277091], 
            [-84.5018212351801, 33.7346314267783], 
            [-84.5018622352738, 33.7344404269211], 
            [-84.5019692348189, 33.7339854265218], 
            [-84.5022172345755, 33.732850426989], 
            [-84.5022992347506, 33.7322374264651], 
            [-84.5023672351756, 33.7316264260345], 
            [-84.5025942349177, 33.731632426304], 
            [-84.5058372361164, 33.7316094260173], 
            [-84.5058452360009, 33.7393604280833], 
            [-84.5070242367497, 33.7393244281703], 
            [-84.5072482363529, 33.7393364278187], 
            [-84.50750223645, 33.7393674274468], 
            [-84.5077392366585, 33.7394194280484], 
            [-84.5079472373198, 33.7394664275202], 
            [-84.5081592372684, 33.7395344279647], 
            [-84.5084142374157, 33.7396374282306], 
            [-84.5085402369701, 33.7396884278907], 
            [-84.5087832374604, 33.7398024277672], 
            [-84.5094402372408, 33.7373614270687], 
            [-84.5092072369624, 33.7325114263122], 
            [-84.5100912374674, 33.7316384263035], 
            [-84.5105182374748, 33.7312264260858], 
            [-84.5112292371711, 33.7308144258576], 
            [-84.5136012383531, 33.7295064254255], 
            [-84.5136852377475, 33.7293754256485], 
            [-84.5147862383761, 33.7274984249827], 
            [-84.5174862388045, 33.730206425336], 
            [-84.5175802395734, 33.7302854253953]
          ]
        ]
      }, 
      "properties" : null
    }, 
    {
      "type" : "Feature", 
      "geometry" : 
      {
        "type" : "Polygon", 
        "coordinates" : 
        [
          [
            [-84.4718432254095, 33.7170364248163], 
            [-84.4722662252099, 33.7162194238217], 
            [-84.4724182250563, 33.7159864238132], 
            [-84.4725502257786, 33.7158534239418], 
            [-84.4728302252702, 33.7156344236779], 
            [-84.4729452252047, 33.7155214238343], 
            [-84.47322722568, 33.7151434242978], 
            [-84.4734102260631, 33.7148634239093], 
            [-84.4735702253787, 33.7145784241894], 
            [-84.4736532256233, 33.7143964238483], 
            [-84.4737152257928, 33.7142164236006], 
            [-84.4737972259836, 33.7138974232077], 
            [-84.4738502257378, 33.7137604240532], 
            [-84.4744782260456, 33.7127144232335], 
            [-84.4745312258002, 33.7125864235966], 
            [-84.4745562260538, 33.7124504235902], 
            [-84.4746212254058, 33.7111894227231], 
            [-84.4746332259146, 33.7102854231091], 
            [-84.474585225431, 33.7092514228705], 
            [-84.4745142256738, 33.7081244228207], 
            [-84.4748332260975, 33.7083144226182], 
            [-84.4759332259653, 33.7099144229599], 
            [-84.4760332261144, 33.7100144230925], 
            [-84.4778332269673, 33.7112144228629], 
            [-84.4805642279358, 33.7139414231965], 
            [-84.4813302275512, 33.71474942373], 
            [-84.4838262284037, 33.7174194241294], 
            [-84.4841242287308, 33.7172064241428], 
            [-84.4864392290499, 33.7155794233229], 
            [-84.4884302296471, 33.7144144232347], 
            [-84.4902352307056, 33.7151164233154], 
            [-84.490467230687, 33.7152594236365], 
            [-84.4928332317377, 33.7167144235087], 
            [-84.4965342325324, 33.7153144232616], 
            [-84.4984342326404, 33.7167144233009], 
            [-84.5011342338826, 33.7178144238008], 
            [-84.5022642341967, 33.7185384231269], 
            [-84.5023042342622, 33.7186884237796], 
            [-84.5023492345722, 33.7190744236746], 
            [-84.50166223417, 33.7190924236347], 
            [-84.5017022342717, 33.7199224243149], 
            [-84.5004732338995, 33.7199364241098], 
            [-84.5003952340389, 33.7229774247056], 
            [-84.5001412339402, 33.7229144244943], 
            [-84.4991992333776, 33.7225814243901], 
            [-84.4977692326438, 33.7220754243829], 
            [-84.4964412330478, 33.7216054242413], 
            [-84.496409232564, 33.7235204248293], 
            [-84.4964732330373, 33.7273084258534], 
            [-84.5017322342578, 33.7273074256119], 
            [-84.5017722343362, 33.727699425785], 
            [-84.5014902347985, 33.7287964253572], 
            [-84.5017302342908, 33.7296714263162], 
            [-84.5017192347486, 33.7309684261509], 
            [-84.5016922344134, 33.7313134259477], 
            [-84.5016542344644, 33.7316094261727], 
            [-84.5012442344994, 33.7348934272468], 
            [-84.5001032347715, 33.737877427939], 
            [-84.4999092347602, 33.7378364278454], 
            [-84.499891234828, 33.7379074275382], 
            [-84.4996812341032, 33.7384094283201], 
            [-84.4996222340689, 33.7385134277446], 
            [-84.4995472341902, 33.7385974280418], 
            [-84.4994542343751, 33.738667427691], 
            [-84.4993472348087, 33.7387224284444], 
            [-84.4992412343884, 33.7387564282249], 
            [-84.4990602340843, 33.7387774283052], 
            [-84.4962482330973, 33.7387414285405], 
            [-84.4961332331574, 33.7387534282014], 
            [-84.4962532333537, 33.7391994281753], 
            [-84.4963222338674, 33.7393844286498], 
            [-84.4965392340738, 33.7399354280887], 
            [-84.4964222340414, 33.7399524279813], 
            [-84.4951592329902, 33.7399544281209], 
            [-84.4949392335747, 33.7399834285733], 
            [-84.4947762332083, 33.7400374283832], 
            [-84.4946412332428, 33.7401074280339], 
            [-84.4945442332419, 33.7401764285363], 
            [-84.4943382326858, 33.7403604289746], 
            [-84.4941702329893, 33.7404634283568], 
            [-84.4939822332627, 33.7405394282875], 
            [-84.4937482331988, 33.7405914289067], 
            [-84.4914082325556, 33.741025428416], 
            [-84.4912922325482, 33.7406404285701], 
            [-84.4911832319753, 33.7404234284133], 
            [-84.489987232155, 33.7389324286287], 
            [-84.4898362314302, 33.7386884281219], 
            [-84.4897242316149, 33.7384244284856], 
            [-84.4892422316462, 33.7368244281213], 
            [-84.4891592313769, 33.7365414276037], 
            [-84.4889742308524, 33.7359094280082], 
            [-84.4889132316079, 33.7356984281275], 
            [-84.4888492313209, 33.7354134275166], 
            [-84.4888122313873, 33.7351274277577], 
            [-84.4888042310007, 33.7348384278587], 
            [-84.488896230677, 33.7330284267371], 
            [-84.4886822306298, 33.7328524275843], 
            [-84.488569230778, 33.7327764267655], 
            [-84.4883282312791, 33.7326494271858], 
            [-84.4881062308653, 33.7325604266681], 
            [-84.4866072305265, 33.7320484272849], 
            [-84.4863552305197, 33.7319694272315], 
            [-84.4861052306067, 33.73190642702], 
            [-84.4858382299055, 33.7318584266048], 
            [-84.4855812296692, 33.7318274269768], 
            [-84.4842712300279, 33.7317104270008], 
            [-84.4840132297436, 33.7316474267896], 
            [-84.4837942294686, 33.7315524268931], 
            [-84.4836352292795, 33.7314494266237], 
            [-84.4834962291181, 33.7313274272719], 
            [-84.4827602290929, 33.730457426563], 
            [-84.4825452289974, 33.7302454266417], 
            [-84.4822832294198, 33.7300534267495], 
            [-84.4814812290511, 33.7295804264493], 
            [-84.4825952294147, 33.7282864267125], 
            [-84.4827372288017, 33.7281404262384], 
            [-84.482900229164, 33.7280094264585], 
            [-84.4830802294167, 33.7278954265662], 
            [-84.4832752294673, 33.7278014267006], 
            [-84.4835132297151, 33.7277174263975], 
            [-84.4837942292615, 33.7276574263053], 
            [-84.4841152297667, 33.7276334260808], 
            [-84.4854622302241, 33.7277214265104], 
            [-84.4856152301293, 33.7277214265047], 
            [-84.4856342299885, 33.7254054253256], 
            [-84.4855952299593, 33.7250654257629], 
            [-84.4855192300162, 33.7248064254576], 
            [-84.4853962296906, 33.7245464251078], 
            [-84.4852712292758, 33.7243524251178], 
            [-84.4849352298487, 33.7239164256151], 
            [-84.4847942295882, 33.7236754252469], 
            [-84.4846842289652, 33.7233884254443], 
            [-84.4846322292361, 33.7231244249065], 
            [-84.4846222296589, 33.7228904248577], 
            [-84.4847172294121, 33.719906424204], 
            [-84.4843162287908, 33.7199094243579], 
            [-84.4836722285864, 33.7199474243436], 
            [-84.482980228854, 33.7200144247753], 
            [-84.4823112283903, 33.7200784250673], 
            [-84.4804542276636, 33.7202584244822], 
            [-84.4796912273349, 33.7203314251946], 
            [-84.4792632272596, 33.7203384246355], 
            [-84.4788502278781, 33.7203054249206], 
            [-84.4777912272905, 33.7201294248998], 
            [-84.477535227101, 33.7201044246504], 
            [-84.4771752274808, 33.7200684247946], 
            [-84.4767722267662, 33.7200614244852], 
            [-84.4761142268123, 33.7201164252591], 
            [-84.4758852269776, 33.7201144251749], 
            [-84.4755982262479, 33.7200704249457], 
            [-84.4748562259797, 33.719868424608], 
            [-84.4745652259624, 33.719798424973], 
            [-84.4742772260854, 33.7197524246512], 
            [-84.473962225856, 33.719726425257], 
            [-84.4737172261786, 33.719733424691], 
            [-84.4735312256428, 33.7197604250494], 
            [-84.472288225533, 33.7200154252183], 
            [-84.4723062254749, 33.7201274250107], 
            [-84.4721802261149, 33.7237344257504], 
            [-84.4721022261069, 33.7240014255327], 
            [-84.4720012259288, 33.7242294262069], 
            [-84.4718642258782, 33.724443426234], 
            [-84.4716932260474, 33.7246394263276], 
            [-84.4715262255004, 33.7247874259959], 
            [-84.4713402258695, 33.7249184257767], 
            [-84.4711622257088, 33.7250184259197], 
            [-84.4706852251701, 33.7252484258012], 
            [-84.4706342255074, 33.7253604264953], 
            [-84.4704322251187, 33.7252014263311], 
            [-84.4702812252979, 33.7250444262576], 
            [-84.4697072246979, 33.7242054260795], 
            [-84.4696142248735, 33.7241044259003], 
            [-84.4695002249749, 33.7240194255638], 
            [-84.4693572246306, 33.723948425877], 
            [-84.4683852244735, 33.723596425793], 
            [-84.46797722442, 33.7234744255519], 
            [-84.4673042246572, 33.7232994255631], 
            [-84.4656462241398, 33.7228804259978], 
            [-84.4642042237599, 33.7225914261519], 
            [-84.4635632236861, 33.7224674258268], 
            [-84.4635022235522, 33.7224444256628], 
            [-84.4634482228431, 33.7224074257493], 
            [-84.4642092230679, 33.7221254261461], 
            [-84.4659202241901, 33.7214914254881], 
            [-84.4667482239254, 33.7211854256698], 
            [-84.46704322412, 33.7210964251329], 
            [-84.4692192243467, 33.720645424842], 
            [-84.4691982251657, 33.7205484248455], 
            [-84.4692162250328, 33.7192514250103], 
            [-84.4692372250227, 33.7176484244881], 
            [-84.4692372249978, 33.7171784242971], 
            [-84.4691962248739, 33.7168014248189], 
            [-84.4691052242279, 33.7164164240726], 
            [-84.4689602246731, 33.716023423857], 
            [-84.4687832245296, 33.7155724245528], 
            [-84.4687072245822, 33.7152334241384], 
            [-84.4685932245872, 33.7133344233976], 
            [-84.4686002240071, 33.713227423836], 
            [-84.468649224475, 33.7130914238287], 
            [-84.4687562240371, 33.7129574239118], 
            [-84.4696312241338, 33.7122574238244], 
            [-84.4709752244756, 33.7127904232872], 
            [-84.471196224844, 33.7128964236933], 
            [-84.4713162250205, 33.7129714235662], 
            [-84.4714322250127, 33.7130714236982], 
            [-84.4715172253653, 33.7131754240167], 
            [-84.4715822247902, 33.7132884238536], 
            [-84.4716292251797, 33.7134224237647], 
            [-84.4716482251701, 33.7135744236115], 
            [-84.4716362255264, 33.7138354240127], 
            [-84.4715892251538, 33.7140164234068], 
            [-84.4715242248422, 33.7141444239434], 
            [-84.471437225308, 33.7142624240175], 
            [-84.4711122246323, 33.7145704239099], 
            [-84.4710312253751, 33.714663423725], 
            [-84.4709592247385, 33.7147864240302], 
            [-84.4709162245488, 33.7149194238983], 
            [-84.470904224897, 33.7150264243593], 
            [-84.4708852250017, 33.7166654247507], 
            [-84.4709082251748, 33.7167634247935], 
            [-84.4709582248015, 33.7168464241404], 
            [-84.4710382249205, 33.7169214240149], 
            [-84.4711322247886, 33.7169724245755], 
            [-84.4712922250204, 33.7170064243461], 
            [-84.4717412251713, 33.7170064243294], 
            [-84.4718432254095, 33.7170364248163]
          ]
        ]
      }, 
      "properties" : null
    }, 
    {
      "type" : "Feature", 
      "geometry" : 
      {
        "type" : "Polygon", 
        "coordinates" : 
        [
          [
            [-84.5021452347662, 33.7316214267104], 
            [-84.5023672351756, 33.7316264260345], 
            [-84.5022992347506, 33.7322374264651], 
            [-84.5022172345755, 33.732850426989], 
            [-84.5019692348189, 33.7339854265218], 
            [-84.5018622352738, 33.7344404269211], 
            [-84.5018212351801, 33.7346314267783], 
            [-84.501357235312, 33.7361264277091], 
            [-84.5010832352419, 33.737142428025], 
            [-84.5009132345786, 33.7377194277836], 
            [-84.500842234898, 33.738035428037], 
            [-84.50079323443, 33.7381694279517], 
            [-84.5007922343846, 33.7381874278863], 
            [-84.5004232344168, 33.7394674278461], 
            [-84.4998012344365, 33.7414324289738], 
            [-84.4994352346068, 33.7426894287671], 
            [-84.4991822346039, 33.7435554293274], 
            [-84.498997235044, 33.7441474288821], 
            [-84.498567234949, 33.7455274298797], 
            [-84.4981722346766, 33.7468544302192], 
            [-84.4979982347273, 33.7474394303486], 
            [-84.4971872340722, 33.7494314300361], 
            [-84.4971742343693, 33.7494504300175], 
            [-84.4967662343897, 33.7507174302757], 
            [-84.4966082342721, 33.7510854311429], 
            [-84.4965392346762, 33.7512474305569], 
            [-84.4964512342008, 33.7514524310644], 
            [-84.4957842339136, 33.7530884313405], 
            [-84.4955672337642, 33.7536074311117], 
            [-84.4945602339422, 33.756271432262], 
            [-84.4943362343387, 33.7562544323821], 
            [-84.4941602342842, 33.7566034323696], 
            [-84.4941572341459, 33.7566214323043], 
            [-84.4933082335369, 33.7588164324048], 
            [-84.4931462341379, 33.7592764330378], 
            [-84.4930122333394, 33.7597204329285], 
            [-84.4928992335156, 33.76016943305], 
            [-84.4928032335826, 33.7606414333372], 
            [-84.492733233956, 33.7610984329284], 
            [-84.4926702337648, 33.7617404329964], 
            [-84.4926432334544, 33.762551433698], 
            [-84.4926512338509, 33.7630254331747], 
            [-84.4926792333732, 33.7634324331438], 
            [-84.4926922339846, 33.7635834338438], 
            [-84.4927432336756, 33.7640044335613], 
            [-84.4927842337924, 33.7642444338869], 
            [-84.4928352334767, 33.7645394340622], 
            [-84.4928822338715, 33.7647744341559], 
            [-84.4897472331028, 33.7632074336207], 
            [-84.483891231007, 33.7603644334259], 
            [-84.483195231072, 33.7601104333753], 
            [-84.4830452313036, 33.7600654330948], 
            [-84.4828912304495, 33.7600054330188], 
            [-84.4826402304912, 33.7599664330199], 
            [-84.4826982304709, 33.7597074327097], 
            [-84.4827892310757, 33.7593214328097], 
            [-84.4829162306424, 33.7587314324505], 
            [-84.4829362306568, 33.7584624325777], 
            [-84.4829412308697, 33.7581054331252], 
            [-84.482930230346, 33.7578554323352], 
            [-84.4829102303113, 33.757743432543], 
            [-84.4828732303852, 33.7575984330212], 
            [-84.4827662308042, 33.757377432679], 
            [-84.4825352308559, 33.756985432513], 
            [-84.4823802308417, 33.7566824328702], 
            [-84.4823072301419, 33.756487432832], 
            [-84.4821672308105, 33.7559364324909], 
            [-84.4819292305074, 33.7549814323223], 
            [-84.4818982299599, 33.7548254322906], 
            [-84.482235230309, 33.7548164318612], 
            [-84.4828312300845, 33.7547744316918], 
            [-84.4832322307027, 33.7547124324018], 
            [-84.4836342304656, 33.7546064319726], 
            [-84.4839092306315, 33.754518432382], 
            [-84.4841642307686, 33.7544304318929], 
            [-84.4844532306833, 33.7543154319502], 
            [-84.4846582311971, 33.7542054322423], 
            [-84.4851482314366, 33.7539184315182], 
            [-84.4853822314939, 33.7537434314958], 
            [-84.4855932313833, 33.7535684314743], 
            [-84.4861232316731, 33.7531474317351], 
            [-84.4864042312124, 33.7529524316836], 
            [-84.486844231828, 33.7526324312311], 
            [-84.4872682317036, 33.7523604312044], 
            [-84.4876462321467, 33.752164431103], 
            [-84.4879822315429, 33.7520194315674], 
            [-84.4883302323971, 33.7519094309549], 
            [-84.4880952322613, 33.7514824309662], 
            [-84.4880412315473, 33.7513544313333], 
            [-84.4880422315857, 33.7512044306792], 
            [-84.4890482322049, 33.7474924304386], 
            [-84.4891802320044, 33.7469184299212], 
            [-84.4890972317496, 33.746907430314], 
            [-84.4871622309895, 33.7468784299416], 
            [-84.4870632308914, 33.746864430196], 
            [-84.4869772313956, 33.7468334305617], 
            [-84.486907230843, 33.7467904303707], 
            [-84.4868492308467, 33.7467364305691], 
            [-84.4868022313601, 33.7466684301184], 
            [-84.4867692316209, 33.7465454298171], 
            [-84.4867262314039, 33.7461674302927], 
            [-84.4866202309396, 33.7453764296232], 
            [-84.4859332305172, 33.7450144299647], 
            [-84.4864682310224, 33.7442784300208], 
            [-84.4867332307095, 33.7439144293349], 
            [-84.4852332301333, 33.7398124291054], 
            [-84.4802332292346, 33.7397124291548], 
            [-84.4793392290865, 33.7391134284165], 
            [-84.4791662282496, 33.7390454288699], 
            [-84.4778332284182, 33.7385124285076], 
            [-84.4764332281561, 33.7376124282321], 
            [-84.4766342275429, 33.7367134288428], 
            [-84.4757262276281, 33.7358054281785], 
            [-84.4753782276488, 33.7354574282567], 
            [-84.4757282277026, 33.7354624284753], 
            [-84.4764512279784, 33.7354744281051], 
            [-84.4769162279728, 33.7354824284585], 
            [-84.4772512282315, 33.7355174282689], 
            [-84.4772682281173, 33.7354474277232], 
            [-84.4772862280173, 33.7347724279266], 
            [-84.4774062281539, 33.7340964280799], 
            [-84.4774232280051, 33.7333744279045], 
            [-84.477382227885, 33.7330714273581], 
            [-84.4772382274762, 33.7326594271616], 
            [-84.4771902279348, 33.7324334274848], 
            [-84.4771802274619, 33.7322664278421], 
            [-84.4771922279781, 33.7315024275197], 
            [-84.4772202274621, 33.7311884273605], 
            [-84.4773162273907, 33.7306334268251], 
            [-84.4773572274876, 33.7305004269571], 
            [-84.4774592277118, 33.7302684269968], 
            [-84.4769022279351, 33.7300784272081], 
            [-84.4766492269812, 33.7299734268496], 
            [-84.476521227333, 33.7299034272086], 
            [-84.4764152269065, 33.7298224270571], 
            [-84.4763232271291, 33.7297304272948], 
            [-84.4760632276351, 33.7293624264431], 
            [-84.4759042274387, 33.7291224270213], 
            [-84.4756412268996, 33.7286324268127], 
            [-84.4752632273116, 33.727996427039], 
            [-84.4752372270009, 33.7279304266802], 
            [-84.4752342268573, 33.7278474264323], 
            [-84.4756242269772, 33.7280144269602], 
            [-84.4759452274885, 33.7281044266213], 
            [-84.4795742277436, 33.7286484265087], 
            [-84.4799462279237, 33.7287424263533], 
            [-84.4802872284664, 33.7288834265777], 
            [-84.4814812290511, 33.7295804264493], 
            [-84.4822832294198, 33.7300534267495], 
            [-84.4825452289974, 33.7302454266417], 
            [-84.4827602290929, 33.730457426563], 
            [-84.4834962291181, 33.7313274272719], 
            [-84.4836352292795, 33.7314494266237], 
            [-84.4837942294686, 33.7315524268931], 
            [-84.4840132297436, 33.7316474267896], 
            [-84.4842712300279, 33.7317104270008], 
            [-84.4855812296692, 33.7318274269768], 
            [-84.4858382299055, 33.7318584266048], 
            [-84.4861052306067, 33.73190642702], 
            [-84.4863552305197, 33.7319694272315], 
            [-84.4866072305265, 33.7320484272849], 
            [-84.4881062308653, 33.7325604266681], 
            [-84.4883282312791, 33.7326494271858], 
            [-84.488569230778, 33.7327764267655], 
            [-84.4886822306298, 33.7328524275843], 
            [-84.488896230677, 33.7330284267371], 
            [-84.4888042310007, 33.7348384278587], 
            [-84.4888122313873, 33.7351274277577], 
            [-84.4888492313209, 33.7354134275166], 
            [-84.4889132316079, 33.7356984281275], 
            [-84.4889742308524, 33.7359094280082], 
            [-84.4891592313769, 33.7365414276037], 
            [-84.4892422316462, 33.7368244281213], 
            [-84.4897242316149, 33.7384244284856], 
            [-84.4898362314302, 33.7386884281219], 
            [-84.489987232155, 33.7389324286287], 
            [-84.4911832319753, 33.7404234284133], 
            [-84.4912922325482, 33.7406404285701], 
            [-84.4914082325556, 33.741025428416], 
            [-84.4937482331988, 33.7405914289067], 
            [-84.4939822332627, 33.7405394282875], 
            [-84.4941702329893, 33.7404634283568], 
            [-84.4943382326858, 33.7403604289746], 
            [-84.4945442332419, 33.7401764285363], 
            [-84.4946412332428, 33.7401074280339], 
            [-84.4947762332083, 33.7400374283832], 
            [-84.4949392335747, 33.7399834285733], 
            [-84.4951592329902, 33.7399544281209], 
            [-84.4964222340414, 33.7399524279813], 
            [-84.4965392340738, 33.7399354280887], 
            [-84.4963222338674, 33.7393844286498], 
            [-84.4962532333537, 33.7391994281753], 
            [-84.4961332331574, 33.7387534282014], 
            [-84.4962482330973, 33.7387414285405], 
            [-84.4990602340843, 33.7387774283052], 
            [-84.4992412343884, 33.7387564282249], 
            [-84.4993472348087, 33.7387224284444], 
            [-84.4994542343751, 33.738667427691], 
            [-84.4995472341902, 33.7385974280418], 
            [-84.4996222340689, 33.7385134277446], 
            [-84.4996812341032, 33.7384094283201], 
            [-84.499891234828, 33.7379074275382], 
            [-84.4999092347602, 33.7378364278454], 
            [-84.5001032347715, 33.737877427939], 
            [-84.5012442344994, 33.7348934272468], 
            [-84.5016542344644, 33.7316094261727], 
            [-84.5021452347662, 33.7316214267104]
          ]
        ]
      }, 
      "properties" : null
    }, 
    {
      "type" : "Feature", 
      "geometry" : 
      {
        "type" : "Polygon", 
        "coordinates" : 
        [
          [
            [-84.5082872374025, 33.7487274293834], 
            [-84.5076252373264, 33.7499714303841], 
            [-84.5060512372895, 33.7529284307407], 
            [-84.5056542368945, 33.75369443117], 
            [-84.5055802370709, 33.7539384307858], 
            [-84.5055512366378, 33.754188430678], 
            [-84.5055112375349, 33.7552254310586], 
            [-84.5058752373391, 33.7552314313231], 
            [-84.5060772368214, 33.7552554315282], 
            [-84.5063352371062, 33.755327431257], 
            [-84.5065892372083, 33.7554544317353], 
            [-84.5066652371391, 33.7554794310921], 
            [-84.506813237713, 33.7555054313918], 
            [-84.5069762371827, 33.7555024312468], 
            [-84.5071762374675, 33.7554504315282], 
            [-84.5072662380441, 33.7554054312387], 
            [-84.5073552376741, 33.7553424310147], 
            [-84.5074732377468, 33.7552094311437], 
            [-84.5075842374896, 33.7549834314611], 
            [-84.507668237785, 33.7548854314144], 
            [-84.5077692379711, 33.7548094314868], 
            [-84.5078872380477, 33.7547514314933], 
            [-84.5080292374405, 33.7547144306733], 
            [-84.5081652374556, 33.7547034310579], 
            [-84.508301237472, 33.7547174308021], 
            [-84.5084412376754, 33.7547574308514], 
            [-84.5085572376655, 33.7548174309289], 
            [-84.50865523772, 33.7548844313313], 
            [-84.5087392380257, 33.7549794312328], 
            [-84.5087872384588, 33.7550604313864], 
            [-84.5088132378715, 33.7551524311511], 
            [-84.5088252384322, 33.7552234308428], 
            [-84.5088102377645, 33.7557554312087], 
            [-84.5088042383868, 33.7557824315605], 
            [-84.5087472384662, 33.7562794312057], 
            [-84.508559237878, 33.7570624315155], 
            [-84.5084892382549, 33.7575854314664], 
            [-84.5084732384435, 33.7581804320532], 
            [-84.5084822379719, 33.7583694318158], 
            [-84.5085232380886, 33.7586104321877], 
            [-84.5086262383906, 33.7589674316363], 
            [-84.5086622382811, 33.7593154324689], 
            [-84.5086532378739, 33.7595104325102], 
            [-84.5086252383835, 33.7597034324595], 
            [-84.5085782380113, 33.7598944323169], 
            [-84.5085102384631, 33.7600804319434], 
            [-84.509011238334, 33.7601734326361], 
            [-84.5097592388749, 33.7602694325593], 
            [-84.5108882391115, 33.7604094318087], 
            [-84.5114542392986, 33.7604644325371], 
            [-84.5118322388541, 33.7604864317437], 
            [-84.5123782390096, 33.7604884318161], 
            [-84.5128062390835, 33.7604544320236], 
            [-84.5132542391839, 33.7603764319905], 
            [-84.5137122397457, 33.7602514324776], 
            [-84.5139762393994, 33.7601314323042], 
            [-84.5142272402455, 33.7599564322812], 
            [-84.5144152399658, 33.759760432187], 
            [-84.5145642396724, 33.7595174317154], 
            [-84.5146382394978, 33.759307431876], 
            [-84.5147462400163, 33.759374432278], 
            [-84.5150212401907, 33.7594464320063], 
            [-84.5152872399447, 33.7594664320237], 
            [-84.5154852401389, 33.7594584316456], 
            [-84.5154992399011, 33.7596784319449], 
            [-84.5154932405289, 33.759809431719], 
            [-84.5154572397666, 33.7599754322164], 
            [-84.5153992397807, 33.7601174316027], 
            [-84.5152702401004, 33.7603154317874], 
            [-84.5149132397421, 33.7606914321333], 
            [-84.514801239948, 33.7608254320503], 
            [-84.5146792396929, 33.7610184320031], 
            [-84.5146002396339, 33.7611984322513], 
            [-84.5145482399288, 33.7613834327302], 
            [-84.5145252397695, 33.7615464321888], 
            [-84.5145412396367, 33.7619964323519], 
            [-84.5147292402684, 33.7620294320752], 
            [-84.5155742399101, 33.762042432646], 
            [-84.5170902410116, 33.7620654327558], 
            [-84.5172972407236, 33.7620454327209], 
            [-84.5175162409905, 33.7619894319169], 
            [-84.5175682407124, 33.7621174324492], 
            [-84.5176022413978, 33.7622484322218], 
            [-84.5176162411555, 33.7623864323194], 
            [-84.5176102408842, 33.7625204322324], 
            [-84.5154322405513, 33.7627154323544], 
            [-84.515454240795, 33.7650064332726], 
            [-84.5154542408033, 33.7651624333054], 
            [-84.5153462402888, 33.7651704327807], 
            [-84.5129252394697, 33.7653294330425], 
            [-84.5109972390452, 33.7655014329889], 
            [-84.5108452391881, 33.7655334335778], 
            [-84.5107112392557, 33.7653544333838], 
            [-84.509712238767, 33.7654154335491], 
            [-84.5087292381222, 33.7654904334631], 
            [-84.507441238613, 33.7655714336663], 
            [-84.506950238314, 33.7656144338781], 
            [-84.5054402374984, 33.7657324331058], 
            [-84.5023872370317, 33.7659314334457], 
            [-84.5011402367297, 33.7660604340726], 
            [-84.5005572366582, 33.7661024342415], 
            [-84.5001032362766, 33.7661284336643], 
            [-84.5000822362147, 33.7663764334635], 
            [-84.499932236448, 33.7663634337661], 
            [-84.499871236315, 33.7663574334904], 
            [-84.4997862359668, 33.7663344342266], 
            [-84.4987932357513, 33.7662994335414], 
            [-84.4980302354157, 33.7662424336269], 
            [-84.4974402350138, 33.7661794343275], 
            [-84.4966372355156, 33.7660394341665], 
            [-84.4963422353133, 33.7659824342348], 
            [-84.4960432349238, 33.7658984339515], 
            [-84.4954802348711, 33.76575343355], 
            [-84.4950462345102, 33.7656264339776], 
            [-84.4946372344097, 33.7654944341726], 
            [-84.4942282343087, 33.7653524339043], 
            [-84.4939232345394, 33.7652534338257], 
            [-84.4938682346722, 33.765011433408], 
            [-84.4935632340023, 33.7648854338771], 
            [-84.4932532339987, 33.7647454336979], 
            [-84.4930722336897, 33.7646744340126], 
            [-84.4930402340021, 33.7646484337085], 
            [-84.4928352334767, 33.7645394340622], 
            [-84.4927842337924, 33.7642444338869], 
            [-84.4927432336756, 33.7640044335613], 
            [-84.4926922339846, 33.7635834338438], 
            [-84.4926792333732, 33.7634324331438], 
            [-84.4926512338509, 33.7630254331747], 
            [-84.4926432334544, 33.762551433698], 
            [-84.4926702337648, 33.7617404329964], 
            [-84.492733233956, 33.7610984329284], 
            [-84.4928032335826, 33.7606414333372], 
            [-84.4928992335156, 33.76016943305], 
            [-84.4930122333394, 33.7597204329285], 
            [-84.4931462341379, 33.7592764330378], 
            [-84.4933082335369, 33.7588164324048], 
            [-84.4941572341459, 33.7566214323043], 
            [-84.4941602342842, 33.7566034323696], 
            [-84.4943362343387, 33.7562544323821], 
            [-84.4945602339422, 33.756271432262], 
            [-84.4955672337642, 33.7536074311117], 
            [-84.4957842339136, 33.7530884313405], 
            [-84.4964512342008, 33.7514524310644], 
            [-84.4965392346762, 33.7512474305569], 
            [-84.4966082342721, 33.7510854311429], 
            [-84.4967662343897, 33.7507174302757], 
            [-84.4984952345756, 33.7505924307156], 
            [-84.4995292348856, 33.7504524304863], 
            [-84.5000162349974, 33.7503804307298], 
            [-84.5003972355845, 33.7502754303477], 
            [-84.5005892354963, 33.7501904299999], 
            [-84.500902235622, 33.7500124307349], 
            [-84.5010682352262, 33.7499194300174], 
            [-84.5012222351748, 33.7498624300688], 
            [-84.501328235596, 33.749843430084], 
            [-84.5014382353042, 33.7498384307476], 
            [-84.5014632355651, 33.74984042994], 
            [-84.5017852361197, 33.7498724305112], 
            [-84.5035002365699, 33.7500244302949], 
            [-84.5035012366164, 33.7500254303412], 
            [-84.5038322366867, 33.7500104305333], 
            [-84.5042822368801, 33.7499364297862], 
            [-84.5048802367459, 33.7498494302299], 
            [-84.5054182365255, 33.7497624297766], 
            [-84.5058262365667, 33.7496534301075], 
            [-84.5062122373834, 33.7495014302457], 
            [-84.5070382370198, 33.7490834297352], 
            [-84.5072982373876, 33.7489724299789], 
            [-84.5081152375147, 33.7487234301038], 
            [-84.5082042371474, 33.7487124295908], 
            [-84.5082872374025, 33.7487274293834]
          ]
        ]
      }, 
      "properties" : null
    }, 
    {
      "type" : "Feature", 
      "geometry" : 
      {
        "type" : "Polygon", 
        "coordinates" : 
        [
          [
            [-84.3656231982096, 33.777664441615], 
            [-84.3656691976548, 33.7778264410247], 
            [-84.3658881979535, 33.7783664417527], 
            [-84.3660511983397, 33.7786834411446], 
            [-84.3660981978276, 33.7787754418078], 
            [-84.3664831986401, 33.7794144417202], 
            [-84.3665591985752, 33.7795204412324], 
            [-84.3672471981764, 33.7804734421911], 
            [-84.3678021987862, 33.7811594415767], 
            [-84.3684001986963, 33.7818994416639], 
            [-84.3685741986881, 33.7821144417257], 
            [-84.3686561989016, 33.7822194420906], 
            [-84.3693401992119, 33.7830874427087], 
            [-84.3697931995818, 33.783711442823], 
            [-84.3701141992153, 33.7842034422227], 
            [-84.3702701992725, 33.7844424424977], 
            [-84.3705101996473, 33.7850004422601], 
            [-84.3707241997354, 33.7859404426341], 
            [-84.3707471999189, 33.7862324426716], 
            [-84.3707631997723, 33.7864254426193], 
            [-84.3705641996275, 33.7882354437449], 
            [-84.370227200177, 33.7882344437111], 
            [-84.3684981990842, 33.7882264434046], 
            [-84.3680751992404, 33.7882264434203], 
            [-84.3680321990437, 33.7882264434219], 
            [-84.3672421992566, 33.7882264434513], 
            [-84.3652631982544, 33.7882284436174], 
            [-84.3651141985348, 33.788228443623], 
            [-84.3650091981593, 33.7882364439975], 
            [-84.3648751982378, 33.7882614433621], 
            [-84.364808197813, 33.7880044431491], 
            [-84.3647431983857, 33.7878474430725], 
            [-84.3646701985906, 33.7877564433558], 
            [-84.3645721985363, 33.7876934431387], 
            [-84.3644231979145, 33.7876424434794], 
            [-84.3642811976192, 33.7876204433647], 
            [-84.3634361979777, 33.7876174432571], 
            [-84.3619421969983, 33.7876144431736], 
            [-84.3605691971371, 33.7876124440313], 
            [-84.3586461960353, 33.7876084439174], 
            [-84.3566661958857, 33.7876054438519], 
            [-84.3554601956802, 33.787603443804], 
            [-84.3553751953328, 33.7875984435756], 
            [-84.3552791953743, 33.7875914441541], 
            [-84.3527861948014, 33.7875834438761], 
            [-84.3510721944048, 33.787578443708], 
            [-84.3498681942919, 33.7875754436137], 
            [-84.3486501935295, 33.7875724444193], 
            [-84.3484781936418, 33.7875714443793], 
            [-84.3484291931666, 33.7875704443349], 
            [-84.3484291931119, 33.7865434435195], 
            [-84.3484291930729, 33.7858114437807], 
            [-84.3484291929679, 33.7838384432047], 
            [-84.3484291929451, 33.7834114432073], 
            [-84.3483291927588, 33.7826114430198], 
            [-84.3481541927333, 33.7826364432852], 
            [-84.3476271925637, 33.7827074429968], 
            [-84.3467451930038, 33.7827024427979], 
            [-84.3467281929657, 33.7799114420967], 
            [-84.3458181920641, 33.7791114419393], 
            [-84.3451011920771, 33.7792964424429], 
            [-84.3451781920477, 33.7791984423964], 
            [-84.345368191859, 33.7789664424328], 
            [-84.3455861920719, 33.7787684422447], 
            [-84.3456061920995, 33.7787444420315], 
            [-84.345877192073, 33.7785294419531], 
            [-84.3465771921468, 33.7778974423248], 
            [-84.3467731922393, 33.7777204422111], 
            [-84.3470581928576, 33.7774114422739], 
            [-84.3473171922708, 33.7771314418826], 
            [-84.347985192648, 33.7763074414541], 
            [-84.3483111924656, 33.7758994414254], 
            [-84.3483681924088, 33.7758274416848], 
            [-84.3484291925375, 33.7757514417588], 
            [-84.3486971932618, 33.7753594415743], 
            [-84.3487411926023, 33.7752964413518], 
            [-84.3489121933297, 33.7750494415934], 
            [-84.3489241929855, 33.7750174410097], 
            [-84.3489611928739, 33.7744554410516], 
            [-84.3489611928729, 33.7744364410707], 
            [-84.3489661930737, 33.7738504409012], 
            [-84.3507531932601, 33.7738454406032], 
            [-84.3525131939921, 33.7738394411593], 
            [-84.3535001939274, 33.7738364409837], 
            [-84.3556021952412, 33.7738304406278], 
            [-84.357331195434, 33.7738254412312], 
            [-84.358730195602, 33.7738204409477], 
            [-84.3598781958126, 33.7737954406462], 
            [-84.3600641963496, 33.773791440454], 
            [-84.3604491962293, 33.7738004408566], 
            [-84.3609891961072, 33.7738134405396], 
            [-84.3623671970993, 33.7738094403031], 
            [-84.3628731971973, 33.7738074401917], 
            [-84.3629851969981, 33.7737974406236], 
            [-84.3630861971878, 33.7737874401565], 
            [-84.3633141969734, 33.7737374405296], 
            [-84.3637121974487, 33.7736034406019], 
            [-84.364029196865, 33.7735044405002], 
            [-84.3645051973631, 33.7733804401336], 
            [-84.3646151970706, 33.7733604401023], 
            [-84.3649541975849, 33.7747104405809], 
            [-84.3653921973347, 33.7767614411571], 
            [-84.3654731975163, 33.7771394415795], 
            [-84.3656231982096, 33.777664441615]
          ]
        ]
      }, 
      "properties" : null
    }, 
    {
      "type" : "Feature", 
      "geometry" : 
      {
        "type" : "Polygon", 
        "coordinates" : 
        [
          [
            [-84.3769772025916, 33.8117004478352], 
            [-84.3766662025733, 33.8121554482421], 
            [-84.3764342026171, 33.8124864482972], 
            [-84.3760492027661, 33.8130144484915], 
            [-84.3758612030472, 33.8132354488447], 
            [-84.3756752025215, 33.8134524490125], 
            [-84.3754922030336, 33.8136554485316], 
            [-84.3752572029329, 33.8138884485431], 
            [-84.3749022026714, 33.8143404488126], 
            [-84.3745682024861, 33.8148134491549], 
            [-84.3742002025286, 33.8154134490871], 
            [-84.3740462025892, 33.8156434489566], 
            [-84.3740022023495, 33.8157084492717], 
            [-84.3739592021563, 33.8157744487337], 
            [-84.3739232022872, 33.8158274493918], 
            [-84.3737252020917, 33.8158144487969], 
            [-84.3734352021239, 33.8158064493364], 
            [-84.3731572018136, 33.8157984489761], 
            [-84.3726492016213, 33.8157724495891], 
            [-84.3723232017822, 33.8157774489335], 
            [-84.3719662014055, 33.8158084494837], 
            [-84.3716032016515, 33.8158774490966], 
            [-84.371306201361, 33.8159094496909], 
            [-84.3710702012021, 33.81592044931], 
            [-84.3709152012038, 33.8159164491304], 
            [-84.3707772010941, 33.8158944490156], 
            [-84.3706072012968, 33.8158484495887], 
            [-84.3704702012334, 33.8158224492886], 
            [-84.3703632016642, 33.8158244493852], 
            [-84.3702982013468, 33.8158424493222], 
            [-84.3702092008165, 33.8158864495654], 
            [-84.3701422013073, 33.8159354491401], 
            [-84.3700042012056, 33.8160634496794], 
            [-84.3696922011291, 33.8162964496938], 
            [-84.3693532007008, 33.8165634494858], 
            [-84.3692072011262, 33.8166714490988], 
            [-84.3690232006869, 33.8167684491029], 
            [-84.3688172010242, 33.8168444499336], 
            [-84.3685472010898, 33.8169244491534], 
            [-84.3681022011292, 33.8170144497423], 
            [-84.3676362001954, 33.8171284496452], 
            [-84.3671982005608, 33.817242449547], 
            [-84.3668892006157, 33.8173294499919], 
            [-84.3668612002078, 33.8171814494315], 
            [-84.3668422002201, 33.8170804492496], 
            [-84.3666872001787, 33.8162684494077], 
            [-84.3666302002123, 33.8159074497721], 
            [-84.3665972004617, 33.8155714494952], 
            [-84.3665812006007, 33.8152364492641], 
            [-84.3665821997298, 33.8148994489396], 
            [-84.3666071999687, 33.8144904488759], 
            [-84.3666532002605, 33.8136634492309], 
            [-84.366678200506, 33.8133774485704], 
            [-84.3666702001339, 33.8133604486824], 
            [-84.3666782004983, 33.8132314490009], 
            [-84.3666902001452, 33.8130334488205], 
            [-84.3666991996552, 33.8128774487874], 
            [-84.3667601997325, 33.8118394483597], 
            [-84.3667682000963, 33.8116994481685], 
            [-84.3667611997573, 33.8114354485284], 
            [-84.3667342002925, 33.8112374483495], 
            [-84.366696200319, 33.8110724488005], 
            [-84.3666441996959, 33.8109094484454], 
            [-84.3665792002685, 33.8107504482761], 
            [-84.3665022002843, 33.8105954482925], 
            [-84.3664121996972, 33.8104444484948], 
            [-84.3661391995995, 33.8100714483112], 
            [-84.3660221995558, 33.8098784483673], 
            [-84.3659111997876, 33.8096284484803], 
            [-84.3658402000763, 33.8093684481286], 
            [-84.3658131997124, 33.8091764482277], 
            [-84.3658081994701, 33.8089834482796], 
            [-84.3658191999726, 33.8088354477177], 
            [-84.3659271995462, 33.8080444479396], 
            [-84.36595519994, 33.8079284479603], 
            [-84.3659781992046, 33.8078524480357], 
            [-84.3660321999042, 33.8077114477966], 
            [-84.3661011995014, 33.8075724476495], 
            [-84.3669061999153, 33.8062734476927], 
            [-84.3671082002779, 33.8059404475461], 
            [-84.3673721999119, 33.8054484472254], 
            [-84.3674261997101, 33.8052674469317], 
            [-84.3674782003022, 33.8048494473493], 
            [-84.3674651996891, 33.8046644468728], 
            [-84.3674021994498, 33.8044074466598], 
            [-84.3672052001588, 33.8036204470783], 
            [-84.3671751996548, 33.8034104463435], 
            [-84.3671671992724, 33.8032014465536], 
            [-84.3671751996352, 33.8030424463815], 
            [-84.3671951996559, 33.8028914465796], 
            [-84.367430199703, 33.8016544459191], 
            [-84.3675091997497, 33.8012424466136], 
            [-84.3675501998421, 33.8010274465439], 
            [-84.367595200119, 33.8007894463078], 
            [-84.3676732001194, 33.800380446242], 
            [-84.3677682000059, 33.7999054458159], 
            [-84.3678721994126, 33.7994664461579], 
            [-84.3679442000413, 33.7991954461906], 
            [-84.3681231993222, 33.7985904460338], 
            [-84.3681911997679, 33.7983704457314], 
            [-84.3682901998529, 33.7981364456786], 
            [-84.3684151993461, 33.7979104450961], 
            [-84.3686141995717, 33.7976184450504], 
            [-84.3688361999639, 33.797300445598], 
            [-84.3689942000906, 33.7971014453659], 
            [-84.3691791996713, 33.796897444901], 
            [-84.3698282000747, 33.7962364448303], 
            [-84.3708402002161, 33.7952074447841], 
            [-84.3709332000462, 33.7954164445709], 
            [-84.3720512007636, 33.7972714450343], 
            [-84.3727632014954, 33.7985404453436], 
            [-84.3742172016539, 33.8010924457103], 
            [-84.3742672012807, 33.8011784460953], 
            [-84.3747332022691, 33.8020854458304], 
            [-84.3750572020492, 33.8027164462737], 
            [-84.3757122019271, 33.8038434463016], 
            [-84.3761852023358, 33.8046564470773], 
            [-84.3764482028738, 33.8051214470268], 
            [-84.3769192022913, 33.8059514467916], 
            [-84.377287203215, 33.8066014472142], 
            [-84.3773622031161, 33.8069414467755], 
            [-84.3774032032386, 33.807290446755], 
            [-84.3774652025371, 33.8076404476794], 
            [-84.3774912028519, 33.8077824470626], 
            [-84.3776142031921, 33.8083154474697], 
            [-84.3776522031752, 33.8086604472641], 
            [-84.3776602026518, 33.8087474476971], 
            [-84.3776762034024, 33.8089004475902], 
            [-84.3776732032673, 33.8089774475604], 
            [-84.3776582034949, 33.8094334480026], 
            [-84.3776192034986, 33.8097114473937], 
            [-84.3775792034554, 33.8099784480739], 
            [-84.3774722030021, 33.8102674479771], 
            [-84.3773662025918, 33.8104904475206], 
            [-84.3772302025887, 33.8107274477138], 
            [-84.3771142026112, 33.8109034477781], 
            [-84.376976202515, 33.8111344476934], 
            [-84.3770192027179, 33.81125044767], 
            [-84.3770702032931, 33.8113864476736], 
            [-84.3769772025916, 33.8117004478352]
          ]
        ]
      }, 
      "properties" : null
    }, 
    {
      "type" : "Feature", 
      "geometry" : 
      {
        "type" : "Polygon", 
        "coordinates" : 
        [
          [
            [-84.3383981915549, 33.8010504468939], 
            [-84.338632191561, 33.7999124472227], 
            [-84.3386911915962, 33.7998234466944], 
            [-84.3387211911871, 33.7997764472138], 
            [-84.338748191539, 33.7997424474363], 
            [-84.3415191922254, 33.7960654460535], 
            [-84.342875192188, 33.7958974463137], 
            [-84.3436721922947, 33.7957994462405], 
            [-84.3445331926787, 33.7958024463475], 
            [-84.3455871930263, 33.7958194461966], 
            [-84.3455281929653, 33.7954244458853], 
            [-84.345729193246, 33.7944224453214], 
            [-84.3454911929431, 33.7934744454769], 
            [-84.3452701925327, 33.7925794453893], 
            [-84.3453381929659, 33.7921224448988], 
            [-84.3482561934669, 33.7919714449893], 
            [-84.3482291940041, 33.7918114447722], 
            [-84.3482781935695, 33.7916154446831], 
            [-84.3482811937081, 33.79160244498], 
            [-84.3482881940315, 33.7915754446282], 
            [-84.3483021937787, 33.7915174446385], 
            [-84.348434193556, 33.7905254445405], 
            [-84.3484291932402, 33.7889524445099], 
            [-84.3484291931666, 33.7875704443349], 
            [-84.3484781936418, 33.7875714443793], 
            [-84.3486501935295, 33.7875724444193], 
            [-84.3498681942919, 33.7875754436137], 
            [-84.3510721944048, 33.787578443708], 
            [-84.3527861948014, 33.7875834438761], 
            [-84.3552791953743, 33.7875914441541], 
            [-84.3553751953328, 33.7875984435756], 
            [-84.3554601956802, 33.787603443804], 
            [-84.3566661958857, 33.7876054438519], 
            [-84.3586461960353, 33.7876084439174], 
            [-84.3605691971371, 33.7876124440313], 
            [-84.3619421969983, 33.7876144431736], 
            [-84.3634361979777, 33.7876174432571], 
            [-84.3642811976192, 33.7876204433647], 
            [-84.3644231979145, 33.7876424434794], 
            [-84.3645721985363, 33.7876934431387], 
            [-84.3646701985906, 33.7877564433558], 
            [-84.3647431983857, 33.7878474430725], 
            [-84.364808197813, 33.7880044431491], 
            [-84.3648751982378, 33.7882614433621], 
            [-84.3650091981593, 33.7882364439975], 
            [-84.3651141985348, 33.788228443623], 
            [-84.3652631982544, 33.7882284436174], 
            [-84.3672421992566, 33.7882264434513], 
            [-84.3680321990437, 33.7882264434219], 
            [-84.3680751992404, 33.7882264434203], 
            [-84.3684981990842, 33.7882264434046], 
            [-84.370227200177, 33.7882344437111], 
            [-84.3705641996275, 33.7882354437449], 
            [-84.3705192002592, 33.7886464439021], 
            [-84.3701781998492, 33.7909994441093], 
            [-84.3701102003331, 33.7917884437933], 
            [-84.3700731995388, 33.7922254442554], 
            [-84.3700771997261, 33.7922584439855], 
            [-84.3701961999068, 33.793281444611], 
            [-84.3702012001409, 33.7933214446653], 
            [-84.37028520046, 33.793666444458], 
            [-84.3703452005596, 33.7939164443469], 
            [-84.3704022005158, 33.7940864450262], 
            [-84.3705801998109, 33.7946204445782], 
            [-84.3708402002161, 33.7952074447841], 
            [-84.3698282000747, 33.7962364448303], 
            [-84.3691791996713, 33.796897444901], 
            [-84.3689942000906, 33.7971014453659], 
            [-84.3688361999639, 33.797300445598], 
            [-84.3686141995717, 33.7976184450504], 
            [-84.3684151993461, 33.7979104450961], 
            [-84.3682901998529, 33.7981364456786], 
            [-84.3681911997679, 33.7983704457314], 
            [-84.3681231993222, 33.7985904460338], 
            [-84.3679442000413, 33.7991954461906], 
            [-84.3678721994126, 33.7994664461579], 
            [-84.3677682000059, 33.7999054458159], 
            [-84.3676732001194, 33.800380446242], 
            [-84.367595200119, 33.8007894463078], 
            [-84.3675501998421, 33.8010274465439], 
            [-84.3675091997497, 33.8012424466136], 
            [-84.367430199703, 33.8016544459191], 
            [-84.3671951996559, 33.8028914465796], 
            [-84.3671751996352, 33.8030424463815], 
            [-84.3671671992724, 33.8032014465536], 
            [-84.3671751996548, 33.8034104463435], 
            [-84.3672052001588, 33.8036204470783], 
            [-84.3674021994498, 33.8044074466598], 
            [-84.3674651996891, 33.8046644468728], 
            [-84.3674782003022, 33.8048494473493], 
            [-84.3674261997101, 33.8052674469317], 
            [-84.3673721999119, 33.8054484472254], 
            [-84.3671082002779, 33.8059404475461], 
            [-84.3669061999153, 33.8062734476927], 
            [-84.3661011995014, 33.8075724476495], 
            [-84.3660321999042, 33.8077114477966], 
            [-84.3659781992046, 33.8078524480357], 
            [-84.36595519994, 33.8079284479603], 
            [-84.3659271995462, 33.8080444479396], 
            [-84.3658191999726, 33.8088354477177], 
            [-84.3658081994701, 33.8089834482796], 
            [-84.3658131997124, 33.8091764482277], 
            [-84.3658402000763, 33.8093684481286], 
            [-84.3659111997876, 33.8096284484803], 
            [-84.3660221995558, 33.8098784483673], 
            [-84.3661391995995, 33.8100714483112], 
            [-84.3664121996972, 33.8104444484948], 
            [-84.3665022002843, 33.8105954482925], 
            [-84.3665792002685, 33.8107504482761], 
            [-84.3666441996959, 33.8109094484454], 
            [-84.366696200319, 33.8110724488005], 
            [-84.3667342002925, 33.8112374483495], 
            [-84.3667611997573, 33.8114354485284], 
            [-84.3667682000963, 33.8116994481685], 
            [-84.3667601997325, 33.8118394483597], 
            [-84.3666991996552, 33.8128774487874], 
            [-84.3666902001452, 33.8130334488205], 
            [-84.3666782004983, 33.8132314490009], 
            [-84.3666702001339, 33.8133604486824], 
            [-84.366678200506, 33.8133774485704], 
            [-84.3666532002605, 33.8136634492309], 
            [-84.3663962000328, 33.8137944490143], 
            [-84.3659671999235, 33.8140374494964], 
            [-84.3655501994754, 33.8143494495774], 
            [-84.3653312001134, 33.8145114489969], 
            [-84.3653112000855, 33.8145274488396], 
            [-84.3649501995364, 33.814808449281], 
            [-84.3642071992668, 33.8154554496059], 
            [-84.3642501994554, 33.8153014496642], 
            [-84.3643221991919, 33.8151664497023], 
            [-84.3643661994299, 33.8150694497034], 
            [-84.3643751998447, 33.815015449], 
            [-84.364379199127, 33.8149404491224], 
            [-84.36436319928, 33.8148684493846], 
            [-84.3643241992652, 33.8147994488874], 
            [-84.3642761997335, 33.8147574496413], 
            [-84.3642481993329, 33.8147464491326], 
            [-84.3648581997345, 33.8142594490308], 
            [-84.3646021995444, 33.8142264493101], 
            [-84.3632761991597, 33.8141004489178], 
            [-84.3628531993125, 33.8140384487592], 
            [-84.3622401987342, 33.8138234487137], 
            [-84.3618901986699, 33.8136234493535], 
            [-84.3615241987605, 33.8133884492716], 
            [-84.3613521988667, 33.8132724492998], 
            [-84.3596631977617, 33.8119594487871], 
            [-84.3592201978757, 33.8117094489124], 
            [-84.3587801981319, 33.8115154489342], 
            [-84.3581441973844, 33.811276448677], 
            [-84.3577591974997, 33.8111724483698], 
            [-84.3573881973676, 33.8111104491084], 
            [-84.3570341971251, 33.8110514490862], 
            [-84.3548231961341, 33.8107764490184], 
            [-84.3540251959685, 33.8106394489961], 
            [-84.3539351962879, 33.8106234491575], 
            [-84.3538821965259, 33.8106144487426], 
            [-84.3517051953088, 33.8102394485372], 
            [-84.3516231959995, 33.810225448791], 
            [-84.3507991955248, 33.8100544489932], 
            [-84.3500131950128, 33.8098454483329], 
            [-84.3498881955045, 33.8097874483484], 
            [-84.3497091952876, 33.8097044490063], 
            [-84.3485091944314, 33.809145448334], 
            [-84.3482291949208, 33.8090104483852], 
            [-84.348329194128, 33.8083104483267], 
            [-84.3483291940587, 33.8070104483534], 
            [-84.3483311941199, 33.8064174478599], 
            [-84.3483311941168, 33.8063594478707], 
            [-84.3483281939748, 33.8063074481597], 
            [-84.3482291947449, 33.8057104483839], 
            [-84.348198194181, 33.8052484476653], 
            [-84.3480611941181, 33.8052324478285], 
            [-84.3479751946242, 33.8052384481096], 
            [-84.347969194337, 33.8050744477065], 
            [-84.3480641942487, 33.8050724476103], 
            [-84.348187194561, 33.805082448069], 
            [-84.3481741939473, 33.8048854479359], 
            [-84.3481641943749, 33.8047414475601], 
            [-84.3480701945066, 33.8046864477135], 
            [-84.3471191935434, 33.8046824475635], 
            [-84.3460411938822, 33.8046924480668], 
            [-84.3444891929031, 33.8045744480536], 
            [-84.3444331930022, 33.8045704478704], 
            [-84.3443761930552, 33.8045724479652], 
            [-84.3426691929874, 33.8046434477206], 
            [-84.3425001923386, 33.8046254477923], 
            [-84.3415181926345, 33.8046124481258], 
            [-84.3411241923367, 33.8045954482522], 
            [-84.3406981923549, 33.8046204476276], 
            [-84.3405141919134, 33.8046754483839], 
            [-84.3403281922815, 33.8047894482764], 
            [-84.3402191917247, 33.8048764478145], 
            [-84.3380511909272, 33.8045414476632], 
            [-84.3377371916422, 33.804493448149], 
            [-84.3378891914857, 33.8042044482441], 
            [-84.3380221913461, 33.8039034477839], 
            [-84.3380791912773, 33.8036054474656], 
            [-84.3381231914972, 33.8031674478562], 
            [-84.3380941910328, 33.8028304475328], 
            [-84.3380321908395, 33.802564447802], 
            [-84.3383981915549, 33.8010504468939]
          ]
        ]
      }, 
      "properties" : null
    }, 
    {
      "type" : "Feature", 
      "geometry" : 
      {
        "type" : "Polygon", 
        "coordinates" : 
        [
          [
            [-84.3492161914456, 33.7449084346225], 
            [-84.3492141913753, 33.7453344345739], 
            [-84.3492221917574, 33.7455374349852], 
            [-84.3484311910277, 33.7455954350036], 
            [-84.346546190792, 33.7456304348963], 
            [-84.3447221897849, 33.7455764351601], 
            [-84.3443851903343, 33.7455714349409], 
            [-84.3432861896972, 33.7455544350934], 
            [-84.3431531898206, 33.7455524350056], 
            [-84.3421271889739, 33.7455364352017], 
            [-84.3419001892319, 33.7455344351175], 
            [-84.3416991888978, 33.7455334350786], 
            [-84.3409521893071, 33.7455274357276], 
            [-84.3398241891234, 33.7455184353524], 
            [-84.3397251890261, 33.745518435356], 
            [-84.3392361888173, 33.7455144351889], 
            [-84.3388441886142, 33.7455324351379], 
            [-84.3386291885299, 33.7455324351459], 
            [-84.3385171887285, 33.7455324351501], 
            [-84.338370188202, 33.7455264357769], 
            [-84.3381831885173, 33.7455184354132], 
            [-84.3369171882207, 33.7454274357408], 
            [-84.3364321872948, 33.7453604353526], 
            [-84.3358671871494, 33.7452204351826], 
            [-84.3348721868284, 33.7449514353474], 
            [-84.3342641873816, 33.7447364353016], 
            [-84.3338571873731, 33.7445904357472], 
            [-84.333347187077, 33.7443564357168], 
            [-84.3330031863922, 33.7441654349745], 
            [-84.3324071865944, 33.7437904356095], 
            [-84.3320691861844, 33.7435294352212], 
            [-84.3319121860879, 33.7434234348128], 
            [-84.331688186474, 33.7432114348917], 
            [-84.3314381865537, 33.743013434721], 
            [-84.3308151863908, 33.742421435196], 
            [-84.3301181854892, 33.7417784351097], 
            [-84.32959618552, 33.7412534350877], 
            [-84.3281811854286, 33.7397444344768], 
            [-84.3285821851522, 33.7397674346282], 
            [-84.3291201849373, 33.7397794342649], 
            [-84.3292361846715, 33.7350134337883], 
            [-84.3290311849173, 33.7324904329192], 
            [-84.3289031851752, 33.7306484330206], 
            [-84.3288341846703, 33.7306304321892], 
            [-84.3284091847249, 33.7304644326081], 
            [-84.3282681844738, 33.7304024324389], 
            [-84.3268761846008, 33.7298424326262], 
            [-84.3267721842687, 33.7297924321123], 
            [-84.3246801833463, 33.7284284319488], 
            [-84.3240791833157, 33.7280374318426], 
            [-84.323780182923, 33.7278934323768], 
            [-84.3235621826939, 33.7277884320169], 
            [-84.3233001831232, 33.7277264318521], 
            [-84.3227811824119, 33.7275394322009], 
            [-84.3223411826654, 33.7272934325113], 
            [-84.3213781820148, 33.7267224321731], 
            [-84.3210121821061, 33.7264984317014], 
            [-84.3222121828914, 33.7257234317245], 
            [-84.3225121824146, 33.7255564320703], 
            [-84.3239181828526, 33.7245154314533], 
            [-84.3241601832837, 33.7243874318094], 
            [-84.3242211834147, 33.7243554312239], 
            [-84.3242871828783, 33.7243214314449], 
            [-84.3264611838765, 33.7231944313118], 
            [-84.3277471841291, 33.7219124303258], 
            [-84.3293071844341, 33.7192744303586], 
            [-84.3299381840027, 33.7186174295743], 
            [-84.33154418489, 33.7206314301924], 
            [-84.3323611850827, 33.7216124306454], 
            [-84.33298918552, 33.7230064304543], 
            [-84.3331001853094, 33.7236584309794], 
            [-84.3334761857617, 33.7253824316972], 
            [-84.3334771858181, 33.7255714314603], 
            [-84.3339891862648, 33.7268954316276], 
            [-84.3351971866501, 33.7285384321593], 
            [-84.3371511874784, 33.7301764324316], 
            [-84.3386251876042, 33.7315824327651], 
            [-84.3399801885083, 33.733084433054], 
            [-84.3399601884269, 33.732092432062], 
            [-84.3435931888405, 33.7321044324835], 
            [-84.3447601890316, 33.7320434323121], 
            [-84.3459031899134, 33.732091432695], 
            [-84.3463941902133, 33.7320644323252], 
            [-84.34711918968, 33.7320254322902], 
            [-84.3479841902479, 33.7319964318139], 
            [-84.34845819066, 33.732001432028], 
            [-84.348265190541, 33.7290554313462], 
            [-84.3482611902786, 33.7276074308111], 
            [-84.3482221901991, 33.7263184313485], 
            [-84.3483151899812, 33.7256214305297], 
            [-84.3484971902379, 33.7238304302845], 
            [-84.3485301898689, 33.7219134296032], 
            [-84.3494561905708, 33.7219084302366], 
            [-84.3494551905264, 33.7219464301985], 
            [-84.3494541904825, 33.7219944297244], 
            [-84.349454190484, 33.722021430076], 
            [-84.3494541904856, 33.7220534297599], 
            [-84.3494531904434, 33.7221314297764], 
            [-84.3494311904008, 33.7236224305059], 
            [-84.3494291903166, 33.7237854299638], 
            [-84.3494301903646, 33.7238154304543], 
            [-84.3494381907456, 33.7239984308384], 
            [-84.3494001908508, 33.7253184308409], 
            [-84.3493801908781, 33.7263754312484], 
            [-84.3493641901996, 33.7275804313181], 
            [-84.3493501905293, 33.7290914311752], 
            [-84.3493401910174, 33.730086431408], 
            [-84.3493261904631, 33.7318854320176], 
            [-84.3493191910881, 33.7328374320567], 
            [-84.3493161909584, 33.7330174323022], 
            [-84.3493061905525, 33.7341124326713], 
            [-84.3492881906658, 33.7350424325909], 
            [-84.3492771910846, 33.7356064326407], 
            [-84.349273190911, 33.7358314331725], 
            [-84.3492691907352, 33.7360164327503], 
            [-84.3492641914383, 33.7366914334459], 
            [-84.3492711908765, 33.7369314328736], 
            [-84.3492621913603, 33.7369714329284], 
            [-84.3492601912964, 33.737516432997], 
            [-84.3492591912627, 33.7377564333243], 
            [-84.3492581912307, 33.7380274332891], 
            [-84.34925619116, 33.7384424336301], 
            [-84.3492571912425, 33.7391234337041], 
            [-84.349256191211, 33.7394044341322], 
            [-84.3492511910077, 33.7399454340156], 
            [-84.3492531911134, 33.7401894336287], 
            [-84.3492461907935, 33.740281434294], 
            [-84.3492451907513, 33.7403624335501], 
            [-84.3492311910542, 33.7413634340609], 
            [-84.3492231916209, 33.7420924345604], 
            [-84.3492211915642, 33.7427724345882], 
            [-84.3492201915466, 33.7433154345641], 
            [-84.3492201915538, 33.7434504345233], 
            [-84.3492201915611, 33.7435884346215], 
            [-84.3492201915649, 33.7436594343136], 
            [-84.3492191915366, 33.7440014348698], 
            [-84.3492181915021, 33.7442244344095], 
            [-84.3492181915071, 33.7443194352134], 
            [-84.3492181915129, 33.7444284348674], 
            [-84.3492171914865, 33.7448064352928], 
            [-84.3492161914456, 33.7449084346225]
          ]
        ]
      }, 
      "properties" : null
    }, 
    {
      "type" : "Feature", 
      "geometry" : 
      {
        "type" : "Polygon", 
        "coordinates" : 
        [
          [
            [-84.4027372096343, 33.7887944423671], 
            [-84.4028562088613, 33.7887974425017], 
            [-84.4029662094691, 33.7887974424975], 
            [-84.4030592092873, 33.7887814426522], 
            [-84.4032822097401, 33.7887304420798], 
            [-84.4033922094476, 33.7887124421411], 
            [-84.4034672093284, 33.7886714420374], 
            [-84.4037112098517, 33.7885314418375], 
            [-84.4039152094196, 33.788419442037], 
            [-84.4041852093507, 33.7882774417435], 
            [-84.4044792094953, 33.7881224417462], 
            [-84.4045962095251, 33.7880534421424], 
            [-84.404708209323, 33.7879914419637], 
            [-84.4049012101796, 33.7878884416813], 
            [-84.4050012094217, 33.7878434422908], 
            [-84.4049262094864, 33.7868634418571], 
            [-84.4049032092844, 33.7862244419313], 
            [-84.4052322101623, 33.7862254419654], 
            [-84.4060642100998, 33.7862294412205], 
            [-84.4069802103379, 33.7862324413254], 
            [-84.4073182107682, 33.7868734413322], 
            [-84.4073882104282, 33.7870434420109], 
            [-84.4074812102618, 33.7873184421575], 
            [-84.4076702110057, 33.7885824422545], 
            [-84.4077782106598, 33.7893024423325], 
            [-84.4078282103051, 33.7897344425597], 
            [-84.4078602109189, 33.7902624427386], 
            [-84.4078642111511, 33.791137442807], 
            [-84.4078612110759, 33.792337442644], 
            [-84.4078592110267, 33.7931544427234], 
            [-84.4078572109738, 33.7939024432034], 
            [-84.4078572109772, 33.7939664434704], 
            [-84.4078532109082, 33.7961524440218], 
            [-84.4078502108296, 33.7972874435454], 
            [-84.4078472107666, 33.7987164440993], 
            [-84.407846211648, 33.7992504445573], 
            [-84.4078442115988, 33.8000674446367], 
            [-84.4078352111921, 33.8002734442883], 
            [-84.4078162112329, 33.8007074446107], 
            [-84.4078172113054, 33.8011954447361], 
            [-84.407816211267, 33.801345444491], 
            [-84.4078132111606, 33.8019614451508], 
            [-84.407811211098, 33.8025264452464], 
            [-84.4078112111058, 33.802672444816], 
            [-84.4078102110681, 33.8028364452193], 
            [-84.4078102110736, 33.8029384454483], 
            [-84.4078102110793, 33.8030464450559], 
            [-84.4074932116513, 33.8029264449041], 
            [-84.4071892110288, 33.8028234455395], 
            [-84.4068282113576, 33.8027014452967], 
            [-84.4054072110444, 33.8022614447499], 
            [-84.4050792102075, 33.8021594454324], 
            [-84.4047762105323, 33.8020854447133], 
            [-84.4041912103597, 33.8019744449885], 
            [-84.4041312102728, 33.8019634453804], 
            [-84.403630210401, 33.8018564449384], 
            [-84.402132210122, 33.8016024449178], 
            [-84.4013212093548, 33.8014954453867], 
            [-84.4005132096241, 33.8013514450406], 
            [-84.4008252097044, 33.8011894447183], 
            [-84.4004672092763, 33.8011284446035], 
            [-84.3994282087164, 33.8009384448328], 
            [-84.3990922084088, 33.8008584447363], 
            [-84.3989282088891, 33.8007954454209], 
            [-84.3984212087355, 33.8006254447584], 
            [-84.398393208335, 33.8006154451955], 
            [-84.3980582080706, 33.8004754450171], 
            [-84.3978322083685, 33.8003504446304], 
            [-84.3974642083657, 33.8001024448455], 
            [-84.3971362084185, 33.7998194452365], 
            [-84.3970922081733, 33.7997814452763], 
            [-84.3967222080707, 33.7994014447721], 
            [-84.396540207706, 33.7991564451194], 
            [-84.3964172082847, 33.7989914446743], 
            [-84.396397208255, 33.7989734447404], 
            [-84.3962342078721, 33.7987184446238], 
            [-84.3956822073911, 33.7978384443442], 
            [-84.3955332076599, 33.7976214441889], 
            [-84.3953892072631, 33.7974354445702], 
            [-84.3952082078637, 33.7975594440265], 
            [-84.3950332078258, 33.7973504442428], 
            [-84.3951982073815, 33.7972174443702], 
            [-84.3950692076832, 33.7970784442305], 
            [-84.3948722075248, 33.7968904445211], 
            [-84.3947042069157, 33.7967444440586], 
            [-84.3946642068563, 33.7967104442835], 
            [-84.394293207612, 33.7964314439621], 
            [-84.3940572074443, 33.7962774440307], 
            [-84.3938232073702, 33.7961394439412], 
            [-84.3936872073506, 33.7960664441616], 
            [-84.3936692074014, 33.7958164442711], 
            [-84.3936612070271, 33.795760444375], 
            [-84.3936242070956, 33.7955134437249], 
            [-84.3935552065757, 33.7952144442643], 
            [-84.3934602066483, 33.7949204441368], 
            [-84.3933092068167, 33.7945614436981], 
            [-84.392351206327, 33.7926604437956], 
            [-84.3921892059854, 33.792309443728], 
            [-84.3920572061388, 33.7919984437137], 
            [-84.3918892064135, 33.7915614432592], 
            [-84.391727206093, 33.7916074435977], 
            [-84.3916052058282, 33.7916164431199], 
            [-84.3915972063518, 33.7915334428722], 
            [-84.3915852057877, 33.7913974428671], 
            [-84.3913512056238, 33.7895734429078], 
            [-84.3912682062339, 33.7889174430959], 
            [-84.391136205461, 33.7881014421684], 
            [-84.3911642058468, 33.7878354424343], 
            [-84.3914672056012, 33.7893954427508], 
            [-84.3916032056464, 33.7899474431384], 
            [-84.3917382065392, 33.7904024426294], 
            [-84.3918912064685, 33.7908534428337], 
            [-84.3921052065354, 33.7913964437007], 
            [-84.3922722061886, 33.7913524434547], 
            [-84.3923072060136, 33.7913424429901], 
            [-84.3924252060916, 33.7913094432555], 
            [-84.3922792064968, 33.7910384432963], 
            [-84.3921782062939, 33.7908014431119], 
            [-84.3921012063058, 33.7905714432509], 
            [-84.3920362059737, 33.7903124429453], 
            [-84.3919972059515, 33.7901044432028], 
            [-84.3920012061361, 33.7900864432681], 
            [-84.3919892064772, 33.7900584428706], 
            [-84.3919752058216, 33.7899484431708], 
            [-84.3921102057909, 33.7899494432122], 
            [-84.3932332066419, 33.7899594427344], 
            [-84.3932202069451, 33.7900924426014], 
            [-84.3937312063761, 33.7900974428141], 
            [-84.3944132065476, 33.7900994428814], 
            [-84.3950722074507, 33.7901084432739], 
            [-84.3950952067193, 33.7901074432267], 
            [-84.3951572068915, 33.7899784426438], 
            [-84.3957982069592, 33.789984442898], 
            [-84.3967172073369, 33.7899934423815], 
            [-84.3968672080042, 33.7900294431444], 
            [-84.3970222080037, 33.7900554425446], 
            [-84.3972162080145, 33.7900874431205], 
            [-84.3974382075239, 33.7900784426954], 
            [-84.3976172077355, 33.7900634428931], 
            [-84.3978132078361, 33.7900364425343], 
            [-84.3979472077573, 33.7900054428917], 
            [-84.3980352082425, 33.7899854428612], 
            [-84.3982142075528, 33.7899334431434], 
            [-84.3984772080603, 33.7898284427657], 
            [-84.3985922079983, 33.7897804423362], 
            [-84.398714208261, 33.7897304427132], 
            [-84.3992522080317, 33.7894744425241], 
            [-84.3997112086351, 33.7892544422072], 
            [-84.3998092086834, 33.7892044425851], 
            [-84.4000612086793, 33.7890784421342], 
            [-84.4002782088517, 33.7889894424995], 
            [-84.400558208349, 33.7888774426961], 
            [-84.4007062089182, 33.7888134424235], 
            [-84.4009002089269, 33.7888054420457], 
            [-84.4010882086574, 33.7888004427064], 
            [-84.4015462092254, 33.7887884421334], 
            [-84.402002208802, 33.7887894421628], 
            [-84.4025022095209, 33.7887884420979], 
            [-84.4027372096343, 33.7887944423671]
          ]
        ]
      }, 
      "properties" : null
    }, 
    {
      "type" : "Feature", 
      "geometry" : 
      {
        "type" : "Polygon", 
        "coordinates" : 
        [
          [
            [-84.3936892065554, 33.7962774440444], 
            [-84.3936872073506, 33.7960664441616], 
            [-84.3938232073702, 33.7961394439412], 
            [-84.3940572074443, 33.7962774440307], 
            [-84.394293207612, 33.7964314439621], 
            [-84.3946642068563, 33.7967104442835], 
            [-84.3947042069157, 33.7967444440586], 
            [-84.3948722075248, 33.7968904445211], 
            [-84.3950692076832, 33.7970784442305], 
            [-84.3951982073815, 33.7972174443702], 
            [-84.3950332078258, 33.7973504442428], 
            [-84.3952082078637, 33.7975594440265], 
            [-84.3953892072631, 33.7974354445702], 
            [-84.3955332076599, 33.7976214441889], 
            [-84.3956822073911, 33.7978384443442], 
            [-84.3962342078721, 33.7987184446238], 
            [-84.396397208255, 33.7989734447404], 
            [-84.3964172082847, 33.7989914446743], 
            [-84.396540207706, 33.7991564451194], 
            [-84.3967222080707, 33.7994014447721], 
            [-84.3970922081733, 33.7997814452763], 
            [-84.3971362084185, 33.7998194452365], 
            [-84.3974642083657, 33.8001024448455], 
            [-84.3978322083685, 33.8003504446304], 
            [-84.3980582080706, 33.8004754450171], 
            [-84.398393208335, 33.8006154451955], 
            [-84.3984212087355, 33.8006254447584], 
            [-84.3989282088891, 33.8007954454209], 
            [-84.3990922084088, 33.8008584447363], 
            [-84.3994282087164, 33.8009384448328], 
            [-84.4004672092763, 33.8011284446035], 
            [-84.4008252097044, 33.8011894447183], 
            [-84.4005132096241, 33.8013514450406], 
            [-84.4013212093548, 33.8014954453867], 
            [-84.402132210122, 33.8016024449178], 
            [-84.403630210401, 33.8018564449384], 
            [-84.4041312102728, 33.8019634453804], 
            [-84.4041912103597, 33.8019744449885], 
            [-84.4032772102738, 33.8030854452327], 
            [-84.4025792103054, 33.8039474456241], 
            [-84.401069209584, 33.8058384460542], 
            [-84.4007002095714, 33.8062784457684], 
            [-84.399637208875, 33.8075464460971], 
            [-84.3991602092499, 33.8080444467037], 
            [-84.398717209401, 33.8084904466985], 
            [-84.3985532089929, 33.8086324469881], 
            [-84.3979302088905, 33.8091754469869], 
            [-84.3966252086402, 33.8101594467578], 
            [-84.3958122087119, 33.8106594474695], 
            [-84.3953962083053, 33.8108784477385], 
            [-84.3948322082275, 33.8111374471682], 
            [-84.3943022079243, 33.8113104471089], 
            [-84.3938262074257, 33.8114234478652], 
            [-84.393363207528, 33.8114924474818], 
            [-84.3931262073231, 33.8115114474716], 
            [-84.3928302079779, 33.8115354476951], 
            [-84.3923292072136, 33.8115554477411], 
            [-84.3923042078572, 33.8116504476466], 
            [-84.3922782075629, 33.8118914480211], 
            [-84.3922772075282, 33.8121114474216], 
            [-84.3922932073767, 33.8122114475573], 
            [-84.3923312073471, 33.8123174479701], 
            [-84.3921972074243, 33.8123204481141], 
            [-84.3921692070162, 33.8121674473221], 
            [-84.3921702070494, 33.81192044757], 
            [-84.3921902070645, 33.8116644474001], 
            [-84.3922092070413, 33.8115594479308], 
            [-84.3922682070711, 33.811372447359], 
            [-84.3924262071861, 33.810955447819], 
            [-84.3928402074573, 33.8099364473591], 
            [-84.3929382074955, 33.809698447121], 
            [-84.3932142076769, 33.8090294466936], 
            [-84.3934982073293, 33.8083454464702], 
            [-84.3936522072525, 33.8078134469985], 
            [-84.393763207872, 33.8071604464191], 
            [-84.3938302073576, 33.8066704461984], 
            [-84.3939242072258, 33.8067234468517], 
            [-84.3939902075726, 33.8063894466638], 
            [-84.3940042073096, 33.8061374466796], 
            [-84.3939992079642, 33.805901446538], 
            [-84.3939502074753, 33.8056434462781], 
            [-84.3938622078726, 33.8053474460578], 
            [-84.3936932072006, 33.8048934457151], 
            [-84.3936592074159, 33.8047874462014], 
            [-84.3936582073694, 33.8047864461551], 
            [-84.3935452075227, 33.8048064461866], 
            [-84.3932232069232, 33.8039344462691], 
            [-84.3930152071322, 33.8033424458297], 
            [-84.3929122068317, 33.8030144459261], 
            [-84.3928622071968, 33.8027774457399], 
            [-84.3928432072103, 33.8027004457705], 
            [-84.3927782068781, 33.8024404454186], 
            [-84.3927312073836, 33.8022244453058], 
            [-84.3927002068328, 33.8020084451924], 
            [-84.3926992067595, 33.8015024451323], 
            [-84.3926982067006, 33.8012694451295], 
            [-84.3926692071373, 33.8009644453894], 
            [-84.3926082069908, 33.8007054450836], 
            [-84.3925202064881, 33.8003994452993], 
            [-84.3924262066104, 33.8001674453464], 
            [-84.3922902065808, 33.799907444997], 
            [-84.3922482064263, 33.7998274448896], 
            [-84.3921572066935, 33.7997044445904], 
            [-84.3922892065177, 33.7995944448852], 
            [-84.3922362067518, 33.7995104445928], 
            [-84.3921102062907, 33.7993214448346], 
            [-84.3921702063741, 33.7992664449822], 
            [-84.3922652071805, 33.7991794445453], 
            [-84.392352206716, 33.7990834445911], 
            [-84.3925842066782, 33.7988654452746], 
            [-84.3926972065197, 33.7987484452458], 
            [-84.3929212070076, 33.7984844446978], 
            [-84.393043207264, 33.7983154449576], 
            [-84.3931952071093, 33.7980614448755], 
            [-84.3932122069973, 33.798033444477], 
            [-84.3933792066346, 33.7976904447677], 
            [-84.3934902072734, 33.797400444818], 
            [-84.3936052071943, 33.7970324448517], 
            [-84.393670206589, 33.796577444454], 
            [-84.3936892065554, 33.7962774440444]
          ]
        ]
      }, 
      "properties" : null
    }, 
    {
      "type" : "Feature", 
      "geometry" : 
      {
        "type" : "Polygon", 
        "coordinates" : 
        [
          [
            [-84.3892302067229, 33.817612448782], 
            [-84.3894362072737, 33.8173284491068], 
            [-84.389538206605, 33.8172154492637], 
            [-84.3900922070994, 33.816607448954], 
            [-84.3904052072158, 33.8162524486834], 
            [-84.3906672067694, 33.8159954484583], 
            [-84.3911812072195, 33.8156344488015], 
            [-84.3914132071824, 33.8154294482887], 
            [-84.3915692072184, 33.8152704481112], 
            [-84.3916612069832, 33.8151254485846], 
            [-84.3918672075299, 33.8147624479473], 
            [-84.3923292073285, 33.8137074476163], 
            [-84.3924762078352, 33.8133434478342], 
            [-84.3925122076982, 33.8131764481898], 
            [-84.392523207302, 33.813040448184], 
            [-84.3925132077314, 33.8129294475385], 
            [-84.3924922076501, 33.812813447561], 
            [-84.3923312073471, 33.8123174479701], 
            [-84.3922932073767, 33.8122114475573], 
            [-84.3922772075282, 33.8121114474216], 
            [-84.3922782075629, 33.8118914480211], 
            [-84.3923042078572, 33.8116504476466], 
            [-84.3923292072136, 33.8115554477411], 
            [-84.3928302079779, 33.8115354476951], 
            [-84.3931262073231, 33.8115114474716], 
            [-84.393363207528, 33.8114924474818], 
            [-84.3938262074257, 33.8114234478652], 
            [-84.3943022079243, 33.8113104471089], 
            [-84.3948322082275, 33.8111374471682], 
            [-84.3953962083053, 33.8108784477385], 
            [-84.3958122087119, 33.8106594474695], 
            [-84.3966252086402, 33.8101594467578], 
            [-84.3979302088905, 33.8091754469869], 
            [-84.3985532089929, 33.8086324469881], 
            [-84.398717209401, 33.8084904466985], 
            [-84.3991602092499, 33.8080444467037], 
            [-84.399637208875, 33.8075464460971], 
            [-84.4007002095714, 33.8062784457684], 
            [-84.401069209584, 33.8058384460542], 
            [-84.4025792103054, 33.8039474456241], 
            [-84.4032772102738, 33.8030854452327], 
            [-84.4041912103597, 33.8019744449885], 
            [-84.4047762105323, 33.8020854447133], 
            [-84.4050792102075, 33.8021594454324], 
            [-84.4054072110444, 33.8022614447499], 
            [-84.4068282113576, 33.8027014452967], 
            [-84.4071892110288, 33.8028234455395], 
            [-84.4074932116513, 33.8029264449041], 
            [-84.4078102110793, 33.8030464450559], 
            [-84.4078092110493, 33.8033524448434], 
            [-84.4078082110194, 33.8036624457157], 
            [-84.4078062118531, 33.8041714450155], 
            [-84.4078022117551, 33.8058124454985], 
            [-84.4077972116215, 33.8076574464395], 
            [-84.4077952115644, 33.8083244458647], 
            [-84.407786212146, 33.8101954471111], 
            [-84.407773211582, 33.8109294469428], 
            [-84.4077532116197, 33.8121754471128], 
            [-84.4077472122562, 33.812466447105], 
            [-84.4077432120824, 33.8126884474976], 
            [-84.4077382118665, 33.8129914471464], 
            [-84.4077322116061, 33.8133284474709], 
            [-84.4077082123632, 33.8146784479627], 
            [-84.4077032121482, 33.8149984474997], 
            [-84.4076982119308, 33.8152714475572], 
            [-84.4076682124287, 33.8169824485862], 
            [-84.4076332118242, 33.8192334485527], 
            [-84.4076192121263, 33.8202154490821], 
            [-84.4076182120853, 33.8203144491721], 
            [-84.4076162119979, 33.8204164485018], 
            [-84.4070352120169, 33.820418448616], 
            [-84.4069732118376, 33.8204144493324], 
            [-84.4064492118014, 33.8203754493437], 
            [-84.4058552121145, 33.8203394485973], 
            [-84.4051072115768, 33.8203084489876], 
            [-84.404930211457, 33.8203044488088], 
            [-84.4047152113715, 33.8202834487433], 
            [-84.4046092118477, 33.820266448859], 
            [-84.4045042114707, 33.8202444487429], 
            [-84.4044022112326, 33.8202164492482], 
            [-84.4043022110869, 33.8201814485297], 
            [-84.4042062111265, 33.8201404493318], 
            [-84.4040232116227, 33.8200444484882], 
            [-84.4038522108764, 33.8199354488407], 
            [-84.4036932115854, 33.8198124485441], 
            [-84.4035502112377, 33.8196784486366], 
            [-84.403180211133, 33.8192604490699], 
            [-84.4030782108894, 33.8191294484006], 
            [-84.4030262111701, 33.8190504483398], 
            [-84.4029802108298, 33.8189684490392], 
            [-84.4029402107678, 33.8188854487927], 
            [-84.4029052109377, 33.8187994484069], 
            [-84.4028772105331, 33.818712448874], 
            [-84.4028552104068, 33.8186244483952], 
            [-84.4028392105588, 33.8185324486301], 
            [-84.4028172104325, 33.8184444490506], 
            [-84.4027562111899, 33.8182714482325], 
            [-84.4027172111743, 33.8181874488389], 
            [-84.4026732109268, 33.8181054486389], 
            [-84.4023222107954, 33.8175204485291], 
            [-84.4020172101076, 33.8170624480062], 
            [-84.4017372105799, 33.8166054484281], 
            [-84.4015192103406, 33.8163114483053], 
            [-84.401415210005, 33.8161944482846], 
            [-84.4013392100721, 33.8161304480203], 
            [-84.4012552106677, 33.8160734480807], 
            [-84.401165210086, 33.8160244485119], 
            [-84.4009712100726, 33.8159454484563], 
            [-84.4007682096425, 33.8158834482895], 
            [-84.4006642102111, 33.8158584480345], 
            [-84.4004532103104, 33.8158224481731], 
            [-84.4003462098412, 33.8158114485668], 
            [-84.3998622098639, 33.8157964478899], 
            [-84.3998032098241, 33.8157984479847], 
            [-84.399754209349, 33.8157994480329], 
            [-84.3996472097801, 33.8158074484075], 
            [-84.3995402093121, 33.8158204481144], 
            [-84.3994342097903, 33.815838448053], 
            [-84.3992272100797, 33.8158874485322], 
            [-84.3991252098448, 33.8159184481735], 
            [-84.3990262097493, 33.815953448], 
            [-84.3989232094677, 33.8159804483555], 
            [-84.3988182090931, 33.8160014484329], 
            [-84.3987112095244, 33.8160154481862], 
            [-84.3986032099092, 33.8160234485608], 
            [-84.3984952093942, 33.8160244486112], 
            [-84.3982832094485, 33.8160124480632], 
            [-84.3979572096082, 33.8159934480944], 
            [-84.3977422095229, 33.8159764482141], 
            [-84.397174209248, 33.8160184483824], 
            [-84.3968922087545, 33.8160564483547], 
            [-84.3966822089043, 33.8160954483708], 
            [-84.3965772085297, 33.8161184485409], 
            [-84.3964802085272, 33.8161574485527], 
            [-84.3964162091565, 33.816192448378], 
            [-84.3963292087152, 33.8161654480296], 
            [-84.3962702086775, 33.8162064481327], 
            [-84.3961922086586, 33.81626844831], 
            [-84.3961202089184, 33.8163354487188], 
            [-84.396053208511, 33.8164064484133], 
            [-84.3959932084287, 33.8164814482929], 
            [-84.3959402086715, 33.8165594483113], 
            [-84.3958942083399, 33.8166414485147], 
            [-84.3951502089457, 33.8177054483737], 
            [-84.3950062085684, 33.8178874487171], 
            [-84.3946792087048, 33.818299448931], 
            [-84.3945782085193, 33.8183884485615], 
            [-84.3944202083886, 33.8185104488235], 
            [-84.3942512086461, 33.8186224486227], 
            [-84.3940722084392, 33.8187244488583], 
            [-84.3939742083901, 33.8187614487775], 
            [-84.3938712081085, 33.8187874490865], 
            [-84.3937652085865, 33.8188034489324], 
            [-84.3936572080716, 33.8188074491218], 
            [-84.3934422079865, 33.8187924493342], 
            [-84.3932282079471, 33.8187644489442], 
            [-84.3930182080926, 33.8187234488513], 
            [-84.3928122075237, 33.8186704491014], 
            [-84.3923372079601, 33.8185814494924], 
            [-84.3920272079608, 33.8185244486619], 
            [-84.3913572074417, 33.8184234494035], 
            [-84.3912132070541, 33.8184114488529], 
            [-84.3910002070611, 33.8183834493623], 
            [-84.3907902072066, 33.8183434493156], 
            [-84.3905832074908, 33.8182924487592], 
            [-84.3903802070607, 33.8182304494916], 
            [-84.3900862069015, 33.8181164487176], 
            [-84.3891592070307, 33.817709448782], 
            [-84.3892302067229, 33.817612448782]
          ]
        ]
      }, 
      "properties" : null
    }, 
    {
      "type" : "Feature", 
      "geometry" : 
      {
        "type" : "Polygon", 
        "coordinates" : 
        [
          [
            [-84.3868852049533, 33.8013034451222], 
            [-84.387555205465, 33.8012644450891], 
            [-84.387359205388, 33.8017314460477], 
            [-84.3873282057521, 33.8018054458799], 
            [-84.3871482055096, 33.8021124457204], 
            [-84.3866092056971, 33.8024564454899], 
            [-84.386028204837, 33.8028364460294], 
            [-84.3846842045747, 33.8038054460061], 
            [-84.3846232044444, 33.8038494462482], 
            [-84.3845622043141, 33.8038934464903], 
            [-84.3842842048991, 33.8038094462063], 
            [-84.3837432040976, 33.8042124460113], 
            [-84.3837332045338, 33.8042294458999], 
            [-84.383667204171, 33.804265446671], 
            [-84.3813182040837, 33.8061014463829], 
            [-84.3799232032561, 33.807119446833], 
            [-84.3779442032302, 33.8085634472559], 
            [-84.3779322026745, 33.8085854473762], 
            [-84.3776602026518, 33.8087474476971], 
            [-84.3776522031752, 33.8086604472641], 
            [-84.3776142031921, 33.8083154474697], 
            [-84.3774912028519, 33.8077824470626], 
            [-84.3774652025371, 33.8076404476794], 
            [-84.3774032032386, 33.807290446755], 
            [-84.3773622031161, 33.8069414467755], 
            [-84.377287203215, 33.8066014472142], 
            [-84.3769192022913, 33.8059514467916], 
            [-84.3764482028738, 33.8051214470268], 
            [-84.3761852023358, 33.8046564470773], 
            [-84.3757122019271, 33.8038434463016], 
            [-84.3750572020492, 33.8027164462737], 
            [-84.3747332022691, 33.8020854458304], 
            [-84.3742672012807, 33.8011784460953], 
            [-84.3742172016539, 33.8010924457103], 
            [-84.3727632014954, 33.7985404453436], 
            [-84.3720512007636, 33.7972714450343], 
            [-84.3709332000462, 33.7954164445709], 
            [-84.3708402002161, 33.7952074447841], 
            [-84.3715052004618, 33.7945304448708], 
            [-84.3719382007463, 33.794090444255], 
            [-84.3723262007436, 33.7936964448727], 
            [-84.3727342007677, 33.7932644446285], 
            [-84.3728172010173, 33.7931754440993], 
            [-84.3732102012456, 33.7927614446896], 
            [-84.3738862011016, 33.7920684440346], 
            [-84.3740102014522, 33.7919274437929], 
            [-84.3742432014571, 33.7916374438386], 
            [-84.3755652015619, 33.7899954432601], 
            [-84.3756832016351, 33.7898724438525], 
            [-84.3757872010595, 33.789765443388], 
            [-84.3762892018473, 33.7893144431593], 
            [-84.3763342012353, 33.7892734430568], 
            [-84.3767182019492, 33.7889324434321], 
            [-84.3772302014031, 33.7884954429523], 
            [-84.3775352020511, 33.7882054429954], 
            [-84.3778642020124, 33.7878824433073], 
            [-84.3779452021696, 33.7878034432416], 
            [-84.3780292015648, 33.7876884433065], 
            [-84.3780422021665, 33.7876584428155], 
            [-84.3780952019222, 33.7875494431596], 
            [-84.3781242023631, 33.7874474429296], 
            [-84.3781392021534, 33.7873274427654], 
            [-84.3781392021406, 33.7870864432913], 
            [-84.3781402021553, 33.7864904426587], 
            [-84.3791402026938, 33.7864874424826], 
            [-84.3811012028611, 33.7864944427341], 
            [-84.3821672028654, 33.7864984428798], 
            [-84.3826932029923, 33.7864994429066], 
            [-84.3829572035518, 33.7865004429431], 
            [-84.3830522034656, 33.7865384429015], 
            [-84.383152203624, 33.786811442955], 
            [-84.3835012036788, 33.7877044429452], 
            [-84.3837832033143, 33.7884424429514], 
            [-84.3840062037979, 33.7889694430769], 
            [-84.3840952034409, 33.7891494433189], 
            [-84.3842502034528, 33.7894094427682], 
            [-84.3844732039265, 33.7897504432697], 
            [-84.3851232044625, 33.7907064434694], 
            [-84.3863242045339, 33.7925454440878], 
            [-84.3873462052819, 33.7941904438188], 
            [-84.3875522049676, 33.7945464441165], 
            [-84.3875692048589, 33.7945794438461], 
            [-84.3876072048294, 33.7946874443516], 
            [-84.387666204878, 33.7948524438998], 
            [-84.3876802055352, 33.7949944441828], 
            [-84.3876522051786, 33.7958074440778], 
            [-84.3875722050634, 33.7958054439882], 
            [-84.3875892050012, 33.7967084444539], 
            [-84.3875842056711, 33.7967574449255], 
            [-84.3877322053443, 33.79675744492], 
            [-84.387714205506, 33.7985874451667], 
            [-84.387710205341, 33.7989744451098], 
            [-84.3877052051356, 33.7994734448458], 
            [-84.387722205027, 33.7995104447607], 
            [-84.3877542056133, 33.7995214452691], 
            [-84.3877762057348, 33.799520445222], 
            [-84.3878622052667, 33.8002274455978], 
            [-84.3876802058493, 33.8008834454195], 
            [-84.3875042057804, 33.8009644455814], 
            [-84.3871952049397, 33.801121445672], 
            [-84.3869562055477, 33.8012584457327], 
            [-84.3868852049533, 33.8013034451222]
          ]
        ]
      }, 
      "properties" : null
    }, 
    {
      "type" : "Feature", 
      "geometry" : 
      {
        "type" : "Polygon", 
        "coordinates" : 
        [
          [
            [-84.3890592068845, 33.8176654485459], 
            [-84.3890162066915, 33.8177354490925], 
            [-84.3887152071052, 33.8175884485886], 
            [-84.3886182070976, 33.8175324486958], 
            [-84.388540207072, 33.8174704485242], 
            [-84.3884762067963, 33.8173974487419], 
            [-84.3884272063168, 33.8173174486346], 
            [-84.3883942065796, 33.8172314491482], 
            [-84.3883802068244, 33.8171424486227], 
            [-84.3883842070053, 33.8170524489496], 
            [-84.3883982067508, 33.8169634484231], 
            [-84.3884252062005, 33.8168764488881], 
            [-84.3884632061606, 33.816791448546], 
            [-84.388511206585, 33.8167104483888], 
            [-84.3885682065281, 33.816634448463], 
            [-84.3886352069353, 33.8165634487685], 
            [-84.3888062067683, 33.816409448822], 
            [-84.3890042069515, 33.8161904485611], 
            [-84.389143207099, 33.8160524484578], 
            [-84.3892942069046, 33.815923448771], 
            [-84.389610207166, 33.8156774481542], 
            [-84.3896852070455, 33.8156124487373], 
            [-84.3898222071002, 33.8154734485877], 
            [-84.3899462065512, 33.8153264480679], 
            [-84.3900592072901, 33.8151724481236], 
            [-84.3901112070009, 33.815093448059], 
            [-84.390157207328, 33.8149284485069], 
            [-84.3901642067507, 33.8148744487029], 
            [-84.3901602065623, 33.8148244481852], 
            [-84.3901432066705, 33.8147814479923], 
            [-84.3900542070323, 33.8146904482763], 
            [-84.3897902064647, 33.8145384484388], 
            [-84.3895842067933, 33.8144504479667], 
            [-84.3893102066614, 33.8143074485464], 
            [-84.3890262069655, 33.8141764478838], 
            [-84.3888322069521, 33.8140974478284], 
            [-84.3886632063012, 33.8140374486522], 
            [-84.388473206473, 33.8139514482722], 
            [-84.3883822067443, 33.8139034478505], 
            [-84.3882942062552, 33.8138514481426], 
            [-84.3882122060442, 33.8137924481102], 
            [-84.3881362061114, 33.8137284478459], 
            [-84.3880672065031, 33.8136594482491], 
            [-84.3880042062737, 33.8135864484667], 
            [-84.3877842059368, 33.813200447679], 
            [-84.3877412057344, 33.813095448212], 
            [-84.3877192065074, 33.8130074477331], 
            [-84.3876062057418, 33.8126594478026], 
            [-84.3875362060872, 33.8125924482985], 
            [-84.3874402061269, 33.8125514482012], 
            [-84.3873382058887, 33.8125224477608], 
            [-84.3872322063649, 33.8125054478764], 
            [-84.3870162062339, 33.8125014476992], 
            [-84.3869082057192, 33.8125064479349], 
            [-84.3868012061504, 33.8125164484021], 
            [-84.386695205729, 33.812532448248], 
            [-84.386595205587, 33.8125664480283], 
            [-84.386503205817, 33.8126144475575], 
            [-84.3860952057857, 33.8129094477499], 
            [-84.3859282052356, 33.8129994483285], 
            [-84.385741205556, 33.8130894480084], 
            [-84.3856392053209, 33.8131184484564], 
            [-84.385533205799, 33.813136448395], 
            [-84.3848882055485, 33.8131854479911], 
            [-84.3846772056518, 33.8132214478682], 
            [-84.3843672047606, 33.8133004479425], 
            [-84.3841632051899, 33.8133604480318], 
            [-84.3834992049665, 33.813585448588], 
            [-84.3833962046849, 33.8136114479977], 
            [-84.383290205163, 33.8136304479826], 
            [-84.3831832046949, 33.8136414484962], 
            [-84.3830762051253, 33.8136374483148], 
            [-84.3829702047021, 33.8136174482916], 
            [-84.3828672044177, 33.8135914479901], 
            [-84.3826582046079, 33.8135184482132], 
            [-84.3825842047706, 33.8135054485129], 
            [-84.3825152042666, 33.8135044484692], 
            [-84.3824592043662, 33.8135104487493], 
            [-84.3823792042523, 33.8135324479728], 
            [-84.3822892045747, 33.8135724480307], 
            [-84.38205320442, 33.8136614485655], 
            [-84.3818592044151, 33.8137414486817], 
            [-84.3817642045055, 33.8137844479795], 
            [-84.3816642043635, 33.813818448659], 
            [-84.3815612040821, 33.8138464481614], 
            [-84.3814562046067, 33.813867448239], 
            [-84.3813502041852, 33.8138814488915], 
            [-84.3811422044283, 33.813929448425], 
            [-84.3807412038138, 33.8140634483528], 
            [-84.3805472038088, 33.8141424484227], 
            [-84.3804542039923, 33.8141884487587], 
            [-84.3802522045146, 33.8142514489869], 
            [-84.3800462039515, 33.8143064488447], 
            [-84.3799422036233, 33.8143294490148], 
            [-84.3797242043024, 33.8143924483444], 
            [-84.3789342036321, 33.814693448829], 
            [-84.3788292032584, 33.8147344489337], 
            [-84.3783752037834, 33.8148984484547], 
            [-84.3782332034923, 33.8149554484027], 
            [-84.3778742030288, 33.8151004488386], 
            [-84.377178203124, 33.8154174491616], 
            [-84.3767472029181, 33.8155894490524], 
            [-84.3764342027888, 33.8157024489033], 
            [-84.3759902028773, 33.8158434491569], 
            [-84.375790202592, 33.8158854493115], 
            [-84.3756462031062, 33.8159214491861], 
            [-84.375442202634, 33.8159404491745], 
            [-84.3749512023329, 33.8159454494245], 
            [-84.3747112028862, 33.8159284495451], 
            [-84.3743392027081, 33.8158744488559], 
            [-84.3741792024772, 33.8158594490662], 
            [-84.3739232022872, 33.8158274493918], 
            [-84.3739592021563, 33.8157744487337], 
            [-84.3740022023495, 33.8157084492717], 
            [-84.3740462025892, 33.8156434489566], 
            [-84.3742002025286, 33.8154134490871], 
            [-84.3745682024861, 33.8148134491549], 
            [-84.3749022026714, 33.8143404488126], 
            [-84.3752572029329, 33.8138884485431], 
            [-84.3754922030336, 33.8136554485316], 
            [-84.3756752025215, 33.8134524490125], 
            [-84.3758612030472, 33.8132354488447], 
            [-84.3760492027661, 33.8130144484915], 
            [-84.3764342026171, 33.8124864482972], 
            [-84.3766662025733, 33.8121554482421], 
            [-84.3769772025916, 33.8117004478352], 
            [-84.3770702032931, 33.8113864476736], 
            [-84.3770192027179, 33.81125044767], 
            [-84.376976202515, 33.8111344476934], 
            [-84.3771142026112, 33.8109034477781], 
            [-84.3772302025887, 33.8107274477138], 
            [-84.3773662025918, 33.8104904475206], 
            [-84.3774722030021, 33.8102674479771], 
            [-84.3775792034554, 33.8099784480739], 
            [-84.3776192034986, 33.8097114473937], 
            [-84.3776582034949, 33.8094334480026], 
            [-84.3776732032673, 33.8089774475604], 
            [-84.3776762034024, 33.8089004475902], 
            [-84.3776602026518, 33.8087474476971], 
            [-84.3779322026745, 33.8085854473762], 
            [-84.3779442032302, 33.8085634472559], 
            [-84.3799232032561, 33.807119446833], 
            [-84.3813182040837, 33.8061014463829], 
            [-84.383667204171, 33.804265446671], 
            [-84.3837332045338, 33.8042294458999], 
            [-84.3837432040976, 33.8042124460113], 
            [-84.3842842048991, 33.8038094462063], 
            [-84.3845622043141, 33.8038934464903], 
            [-84.3846232044444, 33.8038494462482], 
            [-84.3846842045747, 33.8038054460061], 
            [-84.386028204837, 33.8028364460294], 
            [-84.3866092056971, 33.8024564454899], 
            [-84.3871482055096, 33.8021124457204], 
            [-84.3873202053914, 33.8020024460138], 
            [-84.388249205305, 33.8014714456602], 
            [-84.388347205353, 33.8014154457601], 
            [-84.3892212063166, 33.8009774452205], 
            [-84.3902972058541, 33.8003904449651], 
            [-84.3913262068092, 33.7998284449701], 
            [-84.3919502069655, 33.7994244451158], 
            [-84.3921102062907, 33.7993214448346], 
            [-84.3922362067518, 33.7995104445928], 
            [-84.3922892065177, 33.7995944448852], 
            [-84.3921572066935, 33.7997044445904], 
            [-84.3922482064263, 33.7998274448896], 
            [-84.3922902065808, 33.799907444997], 
            [-84.3924262066104, 33.8001674453464], 
            [-84.3925202064881, 33.8003994452993], 
            [-84.3926082069908, 33.8007054450836], 
            [-84.3926692071373, 33.8009644453894], 
            [-84.3926982067006, 33.8012694451295], 
            [-84.3926992067595, 33.8015024451323], 
            [-84.3927002068328, 33.8020084451924], 
            [-84.3927312073836, 33.8022244453058], 
            [-84.3927782068781, 33.8024404454186], 
            [-84.3928432072103, 33.8027004457705], 
            [-84.3928622071968, 33.8027774457399], 
            [-84.3929122068317, 33.8030144459261], 
            [-84.3930152071322, 33.8033424458297], 
            [-84.3932232069232, 33.8039344462691], 
            [-84.3935452075227, 33.8048064461866], 
            [-84.3936582073694, 33.8047864461551], 
            [-84.3936592074159, 33.8047874462014], 
            [-84.3936932072006, 33.8048934457151], 
            [-84.3938622078726, 33.8053474460578], 
            [-84.3939502074753, 33.8056434462781], 
            [-84.3939992079642, 33.805901446538], 
            [-84.3940042073096, 33.8061374466796], 
            [-84.3939902075726, 33.8063894466638], 
            [-84.3939242072258, 33.8067234468517], 
            [-84.3938302073576, 33.8066704461984], 
            [-84.393763207872, 33.8071604464191], 
            [-84.3936522072525, 33.8078134469985], 
            [-84.3934982073293, 33.8083454464702], 
            [-84.3932142076769, 33.8090294466936], 
            [-84.3929382074955, 33.809698447121], 
            [-84.3928402074573, 33.8099364473591], 
            [-84.3924262071861, 33.810955447819], 
            [-84.3922682070711, 33.811372447359], 
            [-84.3922092070413, 33.8115594479308], 
            [-84.3921902070645, 33.8116644474001], 
            [-84.3921702070494, 33.81192044757], 
            [-84.3921692070162, 33.8121674473221], 
            [-84.3921972074243, 33.8123204481141], 
            [-84.3923312073471, 33.8123174479701], 
            [-84.3924922076501, 33.812813447561], 
            [-84.3925132077314, 33.8129294475385], 
            [-84.392523207302, 33.813040448184], 
            [-84.3925122076982, 33.8131764481898], 
            [-84.3924762078352, 33.8133434478342], 
            [-84.3923292073285, 33.8137074476163], 
            [-84.3918672075299, 33.8147624479473], 
            [-84.3916612069832, 33.8151254485846], 
            [-84.3915692072184, 33.8152704481112], 
            [-84.3914132071824, 33.8154294482887], 
            [-84.3911812072195, 33.8156344488015], 
            [-84.3906672067694, 33.8159954484583], 
            [-84.3904052072158, 33.8162524486834], 
            [-84.3900922070994, 33.816607448954], 
            [-84.389538206605, 33.8172154492637], 
            [-84.3894362072737, 33.8173284491068], 
            [-84.3892302067229, 33.817612448782], 
            [-84.3891592070307, 33.817709448782], 
            [-84.3890592068845, 33.8176654485459]
          ]
        ]
      }, 
      "properties" : null
    }, 
    {
      "type" : "Feature", 
      "geometry" : 
      {
        "type" : "Polygon", 
        "coordinates" : 
        [
          [
            [-84.3821222014705, 33.7488224348716], 
            [-84.3825142016781, 33.7488924345028], 
            [-84.3827312009554, 33.7488834340778], 
            [-84.3831572018394, 33.7489134345526], 
            [-84.383317201171, 33.7489294343886], 
            [-84.383179201068, 33.7490334347153], 
            [-84.3830002017621, 33.7491684346812], 
            [-84.3829492011962, 33.7492074346913], 
            [-84.3826242014148, 33.7494234348179], 
            [-84.3821262008101, 33.749825434575], 
            [-84.3810952006794, 33.7507264349871], 
            [-84.3798762008268, 33.7517924349567], 
            [-84.3795332002145, 33.752091435332], 
            [-84.3792502005915, 33.7524574352119], 
            [-84.3790752005789, 33.7527254350441], 
            [-84.3788322001133, 33.7530774351732], 
            [-84.3786402002167, 33.7534484352814], 
            [-84.3784532005559, 33.7538924360735], 
            [-84.3783362005488, 33.7543864355821], 
            [-84.3786772001848, 33.7543854355232], 
            [-84.3786252004839, 33.7546524362038], 
            [-84.378604200425, 33.7549594360386], 
            [-84.3785902006869, 33.7551894359029], 
            [-84.3785642003979, 33.7555304364137], 
            [-84.3782072000192, 33.7555274362879], 
            [-84.3783512004951, 33.7572004364498], 
            [-84.3783492004055, 33.757261436578], 
            [-84.3783952007657, 33.7577164369717], 
            [-84.378421200187, 33.7579684369545], 
            [-84.378437200938, 33.7581284362727], 
            [-84.3786132010489, 33.7588384367844], 
            [-84.3786822006628, 33.7590134367955], 
            [-84.3787662009746, 33.7592224365827], 
            [-84.3788642010392, 33.7594784367482], 
            [-84.3788962007293, 33.7595504364854], 
            [-84.3790802011904, 33.7598634365905], 
            [-84.3792632007061, 33.7601824369736], 
            [-84.3793432008284, 33.7603194370225], 
            [-84.3797862007272, 33.7608124373633], 
            [-84.3802002010732, 33.7611974371983], 
            [-84.3807102013765, 33.761564437095], 
            [-84.3813022018892, 33.7619634375721], 
            [-84.3816562021419, 33.7622154375427], 
            [-84.3821042022474, 33.7622324374144], 
            [-84.3821022021771, 33.7626554372266], 
            [-84.3820972019476, 33.7627024376056], 
            [-84.3821032022346, 33.7628644379162], 
            [-84.382094201831, 33.7631284375569], 
            [-84.382088201561, 33.7632874377289], 
            [-84.3820732018134, 33.7642104382232], 
            [-84.3820532018563, 33.765557437677], 
            [-84.3820472015993, 33.765959438315], 
            [-84.3820402021975, 33.7664064383401], 
            [-84.3820362020257, 33.766664438602], 
            [-84.382023202367, 33.7675154384585], 
            [-84.3820162020618, 33.7678844384671], 
            [-84.3819942019815, 33.7686594384002], 
            [-84.3819422023311, 33.7698744389342], 
            [-84.3819342019685, 33.7700364392452], 
            [-84.3818992021837, 33.7708014396148], 
            [-84.3818972021167, 33.7712864396015], 
            [-84.3812822023561, 33.7712784392537], 
            [-84.3810232020285, 33.7712764391706], 
            [-84.3804992019941, 33.7712704398115], 
            [-84.3803742015894, 33.7712694397697], 
            [-84.3795742013378, 33.7712594393361], 
            [-84.3794822015653, 33.7712584392933], 
            [-84.3791632011513, 33.7712554391661], 
            [-84.3783562014742, 33.7712454396321], 
            [-84.3777392007215, 33.771239439377], 
            [-84.3777202008039, 33.7724544399098], 
            [-84.3777062010592, 33.7725604394252], 
            [-84.3773982011552, 33.7725484397801], 
            [-84.3771042010007, 33.7725194393467], 
            [-84.3761142009168, 33.7723454394161], 
            [-84.3758752006167, 33.7723194400191], 
            [-84.3756112000572, 33.7723194400289], 
            [-84.3753502005378, 33.7723484395835], 
            [-84.3751152004276, 33.772402439396], 
            [-84.3748102006688, 33.7725034395899], 
            [-84.3735032002969, 33.7729484395705], 
            [-84.3731872000275, 33.7730454404789], 
            [-84.372805199394, 33.7731524400544], 
            [-84.3709081995267, 33.7736724399343], 
            [-84.3703611993325, 33.7738214405624], 
            [-84.3703441994436, 33.7738334402196], 
            [-84.3700321993564, 33.7738654399151], 
            [-84.3698821986908, 33.773862440681], 
            [-84.369737199156, 33.7738474399915], 
            [-84.3691471987525, 33.773759440433], 
            [-84.3684421984069, 33.7736394402956], 
            [-84.36765019852, 33.7735084405512], 
            [-84.3673661979302, 33.7734794401175], 
            [-84.3669381978531, 33.7734564399671], 
            [-84.3661621978141, 33.7734134407017], 
            [-84.3650671973593, 33.7733324405869], 
            [-84.3648631977854, 33.7733304405018], 
            [-84.364682197481, 33.7733474403968], 
            [-84.3646151970706, 33.7733604401023], 
            [-84.3641941972342, 33.7717584396429], 
            [-84.3639921968277, 33.7712664402387], 
            [-84.363927197402, 33.7711394397533], 
            [-84.3634781972049, 33.7702744401647], 
            [-84.3630381965417, 33.769702439761], 
            [-84.3626801969935, 33.769276439823], 
            [-84.3624571965238, 33.7690114392453], 
            [-84.3622581962724, 33.7688184393043], 
            [-84.3613691963418, 33.7679514396393], 
            [-84.3608821961993, 33.7674494388832], 
            [-84.3604541960999, 33.7670074391059], 
            [-84.3600161955239, 33.7663274390946], 
            [-84.3598041955528, 33.7658404390231], 
            [-84.359753195876, 33.7656874391312], 
            [-84.3596491955149, 33.7650914385024], 
            [-84.3596001950137, 33.7646004391389], 
            [-84.3595911954905, 33.7645094385206], 
            [-84.3595871953028, 33.7644704385126], 
            [-84.3596111955086, 33.7643084391002], 
            [-84.3596381958528, 33.7641334381862], 
            [-84.3598281956509, 33.7636534384241], 
            [-84.3600141952608, 33.7631274383297], 
            [-84.3600371954256, 33.7630654381544], 
            [-84.3600671959151, 33.7630044380252], 
            [-84.3602341955568, 33.7627434385176], 
            [-84.3604031952928, 33.7625104385084], 
            [-84.3606551952784, 33.7621884379702], 
            [-84.3611411953249, 33.761759437862], 
            [-84.3617381960267, 33.7613484376842], 
            [-84.3626021965181, 33.7607544380116], 
            [-84.3628961957593, 33.7605204379515], 
            [-84.3635131964858, 33.7600334378493], 
            [-84.3640031967134, 33.7595184373539], 
            [-84.3640771965454, 33.7594324378635], 
            [-84.364168196266, 33.7593274374922], 
            [-84.364512196909, 33.7587344369858], 
            [-84.364625196744, 33.7584944375537], 
            [-84.3647241968302, 33.7582834367678], 
            [-84.3649111964764, 33.7575654367713], 
            [-84.3649741966892, 33.7573284365808], 
            [-84.3654381965103, 33.7549434366848], 
            [-84.3656031969391, 33.7543184365012], 
            [-84.3656211968714, 33.7542484359554], 
            [-84.365795196831, 33.7538574358206], 
            [-84.3662721964524, 33.7532864363286], 
            [-84.3663271972025, 33.7532214360131], 
            [-84.3666041965544, 33.7529904360926], 
            [-84.3668461969801, 33.7527604362198], 
            [-84.3669391967944, 33.7526724357366], 
            [-84.3669841970819, 33.7526354358194], 
            [-84.3670901965992, 33.7525294363005], 
            [-84.367252196914, 33.7523764355014], 
            [-84.3683661973313, 33.7520844354217], 
            [-84.3691371971231, 33.7518424358727], 
            [-84.3698751980825, 33.7516184353601], 
            [-84.3704951980653, 33.7514404351844], 
            [-84.3709801980802, 33.7512904354116], 
            [-84.3721741986085, 33.7509224354052], 
            [-84.3733521983936, 33.7505394356039], 
            [-84.3741321986009, 33.7502594351932], 
            [-84.3750971992968, 33.7499324352963], 
            [-84.3762981992508, 33.7495704346683], 
            [-84.3766401998271, 33.7494674352797], 
            [-84.3769491997721, 33.7493784347422], 
            [-84.3776841996949, 33.7491924350908], 
            [-84.3784082000088, 33.7490464345952], 
            [-84.3788392002198, 33.7489704346555], 
            [-84.3790512001634, 33.7489414342034], 
            [-84.3795452006017, 33.7488984348909], 
            [-84.3795482007324, 33.748739434719], 
            [-84.3801472006471, 33.7486934343643], 
            [-84.3804802008111, 33.7486924343056], 
            [-84.3807022003209, 33.7486924342974], 
            [-84.3807662005929, 33.748692434295], 
            [-84.3807882007145, 33.7486934343405], 
            [-84.3812022010409, 33.7487104342135], 
            [-84.3816442008689, 33.7487454349193], 
            [-84.3820432014011, 33.7488084342259], 
            [-84.3821222014705, 33.7488224348716]
          ]
        ]
      }, 
      "properties" : null
    }, 
    {
      "type" : "Feature", 
      "geometry" : 
      {
        "type" : "Polygon", 
        "coordinates" : 
        [
          [
            [-84.3503211922365, 33.7595124375833], 
            [-84.3516871926222, 33.7585764373358], 
            [-84.3522301926188, 33.7582014379286], 
            [-84.3526291931318, 33.7579044376439], 
            [-84.3527911934477, 33.757773437864], 
            [-84.3529041932906, 33.7576834372875], 
            [-84.3531091929014, 33.7575044370808], 
            [-84.3536621933531, 33.7569624371308], 
            [-84.3538631936783, 33.7567954374802], 
            [-84.3547521935276, 33.7561344374006], 
            [-84.3552091940331, 33.7558184371327], 
            [-84.3556801942906, 33.7555344365482], 
            [-84.3561911937073, 33.7552694368425], 
            [-84.3567231941002, 33.7550354367736], 
            [-84.3572721943843, 33.7548324363417], 
            [-84.3578081940673, 33.7546704369103], 
            [-84.3582991943623, 33.7545504367285], 
            [-84.3590791945763, 33.7543934366204], 
            [-84.3601031953188, 33.7541944363562], 
            [-84.3611891953418, 33.7540104367846], 
            [-84.3621621955184, 33.7538494364841], 
            [-84.3626841954542, 33.7537474362357], 
            [-84.3638731957568, 33.7534974363004], 
            [-84.3638591960047, 33.7534654366171], 
            [-84.3638441962062, 33.7534314359418], 
            [-84.3656181966663, 33.7530084360638], 
            [-84.3669841970819, 33.7526354358194], 
            [-84.3669391967944, 33.7526724357366], 
            [-84.3668461969801, 33.7527604362198], 
            [-84.3666041965544, 33.7529904360926], 
            [-84.3663271972025, 33.7532214360131], 
            [-84.3662721964524, 33.7532864363286], 
            [-84.365795196831, 33.7538574358206], 
            [-84.3656211968714, 33.7542484359554], 
            [-84.3656031969391, 33.7543184365012], 
            [-84.3654381965103, 33.7549434366848], 
            [-84.3649741966892, 33.7573284365808], 
            [-84.3649111964764, 33.7575654367713], 
            [-84.3647241968302, 33.7582834367678], 
            [-84.364625196744, 33.7584944375537], 
            [-84.364512196909, 33.7587344369858], 
            [-84.364168196266, 33.7593274374922], 
            [-84.3640771965454, 33.7594324378635], 
            [-84.3640031967134, 33.7595184373539], 
            [-84.3635131964858, 33.7600334378493], 
            [-84.3628961957593, 33.7605204379515], 
            [-84.3626021965181, 33.7607544380116], 
            [-84.3617381960267, 33.7613484376842], 
            [-84.3611411953249, 33.761759437862], 
            [-84.3606551952784, 33.7621884379702], 
            [-84.3604031952928, 33.7625104385084], 
            [-84.3602341955568, 33.7627434385176], 
            [-84.3600671959151, 33.7630044380252], 
            [-84.3600371954256, 33.7630654381544], 
            [-84.3600141952608, 33.7631274383297], 
            [-84.3598281956509, 33.7636534384241], 
            [-84.3596381958528, 33.7641334381862], 
            [-84.3596111955086, 33.7643084391002], 
            [-84.3595871953028, 33.7644704385126], 
            [-84.3595911954905, 33.7645094385206], 
            [-84.3596001950137, 33.7646004391389], 
            [-84.3596491955149, 33.7650914385024], 
            [-84.359753195876, 33.7656874391312], 
            [-84.3598041955528, 33.7658404390231], 
            [-84.3600161955239, 33.7663274390946], 
            [-84.3604541960999, 33.7670074391059], 
            [-84.3608821961993, 33.7674494388832], 
            [-84.3613691963418, 33.7679514396393], 
            [-84.3622581962724, 33.7688184393043], 
            [-84.3624571965238, 33.7690114392453], 
            [-84.3626801969935, 33.769276439823], 
            [-84.3630381965417, 33.769702439761], 
            [-84.3634781972049, 33.7702744401647], 
            [-84.363927197402, 33.7711394397533], 
            [-84.3639921968277, 33.7712664402387], 
            [-84.3641941972342, 33.7717584396429], 
            [-84.3646151970706, 33.7733604401023], 
            [-84.3645051973631, 33.7733804401336], 
            [-84.364029196865, 33.7735044405002], 
            [-84.3637121974487, 33.7736034406019], 
            [-84.3633141969734, 33.7737374405296], 
            [-84.3630861971878, 33.7737874401565], 
            [-84.3629851969981, 33.7737974406236], 
            [-84.3628731971973, 33.7738074401917], 
            [-84.3623671970993, 33.7738094403031], 
            [-84.3609891961072, 33.7738134405396], 
            [-84.3604491962293, 33.7738004408566], 
            [-84.3600641963496, 33.773791440454], 
            [-84.3598781958126, 33.7737954406462], 
            [-84.358730195602, 33.7738204409477], 
            [-84.357331195434, 33.7738254412312], 
            [-84.3556021952412, 33.7738304406278], 
            [-84.3535001939274, 33.7738364409837], 
            [-84.3525131939921, 33.7738394411593], 
            [-84.3507531932601, 33.7738454406032], 
            [-84.3489661930737, 33.7738504409012], 
            [-84.34897719261, 33.7724434404667], 
            [-84.348978192649, 33.7723044403222], 
            [-84.3489821928019, 33.7716884405615], 
            [-84.3489861929555, 33.7710874405964], 
            [-84.3489901931064, 33.7704344400209], 
            [-84.3490021927411, 33.770004439884], 
            [-84.3490011926808, 33.7697444404289], 
            [-84.3489991925638, 33.7692894400335], 
            [-84.3489991925504, 33.7690374400497], 
            [-84.3490011926225, 33.768648440014], 
            [-84.3490031926959, 33.7682824401446], 
            [-84.3490161923758, 33.7678304398876], 
            [-84.3490281929098, 33.7674004397506], 
            [-84.3490481928707, 33.766125439136], 
            [-84.3490731922107, 33.7657204392575], 
            [-84.3491561924514, 33.765466439178], 
            [-84.3491921923174, 33.76535543943], 
            [-84.3492071920962, 33.765018439105], 
            [-84.3492101922325, 33.7649634392547], 
            [-84.3492231926893, 33.762207438375], 
            [-84.3492231926868, 33.7621614389419], 
            [-84.3492031926424, 33.7618664387653], 
            [-84.349208191974, 33.7618444386451], 
            [-84.3491891919078, 33.7602674384296], 
            [-84.3491971922751, 33.7601934385982], 
            [-84.3492471918958, 33.7601644381522], 
            [-84.3493481920829, 33.7601074382056], 
            [-84.3494441920376, 33.760040437796], 
            [-84.3495181918707, 33.7599744383328], 
            [-84.3499251927591, 33.7597564381105], 
            [-84.3503211922365, 33.7595124375833]
          ]
        ]
      }, 
      "properties" : null
    }, 
    {
      "type" : "Feature", 
      "geometry" : 
      {
        "type" : "Polygon", 
        "coordinates" : 
        [
          [
            [-84.3668612002078, 33.8171814494315], 
            [-84.3668892006157, 33.8173294499919], 
            [-84.3667272002953, 33.8173754494311], 
            [-84.3665472000403, 33.8174484501218], 
            [-84.3663732000653, 33.8175494494116], 
            [-84.366199200089, 33.8176264493881], 
            [-84.3660031999906, 33.8176954498942], 
            [-84.3657691999278, 33.8177674496413], 
            [-84.365527200392, 33.817820450307], 
            [-84.3652482000387, 33.8178764502139], 
            [-84.3650071996483, 33.8178984503428], 
            [-84.3646321993351, 33.8179214496237], 
            [-84.3642711996697, 33.8179094499804], 
            [-84.3642381999372, 33.8179124501207], 
            [-84.363850199924, 33.8180094501324], 
            [-84.3633171994779, 33.8181164497135], 
            [-84.3632921992175, 33.8181224499924], 
            [-84.3629411991221, 33.8182104504851], 
            [-84.3628031990134, 33.8182074503513], 
            [-84.3626461989235, 33.8182244502454], 
            [-84.3623751989426, 33.8183024502718], 
            [-84.3623801991724, 33.8182614501708], 
            [-84.3622521995297, 33.8182944499058], 
            [-84.3622241991327, 33.8183514498496], 
            [-84.3619521991297, 33.8188824501788], 
            [-84.3612101989494, 33.8203324508336], 
            [-84.3610241984293, 33.82065445047], 
            [-84.3608391988522, 33.8209254504415], 
            [-84.3606321991531, 33.8211864508499], 
            [-84.3603941989146, 33.8214464512131], 
            [-84.3602031990545, 33.8216314507979], 
            [-84.3599301989891, 33.8218654508572], 
            [-84.3597131988208, 33.822030451315], 
            [-84.3594081981683, 33.8222354509313], 
            [-84.3591781982945, 33.8223714509453], 
            [-84.3589221981134, 33.8225084510066], 
            [-84.3586671979781, 33.822629451226], 
            [-84.3584041983701, 33.8227384508898], 
            [-84.3582001979009, 33.822814450821], 
            [-84.3577681976466, 33.8229494516956], 
            [-84.3573221976404, 33.8230554512271], 
            [-84.3571881977188, 33.8230794514447], 
            [-84.3570421981397, 33.8231054517554], 
            [-84.3568101981675, 33.8231374514479], 
            [-84.3558731978611, 33.8232654511176], 
            [-84.3551401971248, 33.8233244511803], 
            [-84.354862196817, 33.8233624511525], 
            [-84.3542471970612, 33.8234464514697], 
            [-84.3540291968392, 33.8234764519684], 
            [-84.3539441973921, 33.8234884516281], 
            [-84.3538581969992, 33.8234994512417], 
            [-84.353417197223, 33.8235664516641], 
            [-84.3530941966262, 33.8236154512483], 
            [-84.352260196609, 33.8238604518381], 
            [-84.352075196121, 33.8239144516487], 
            [-84.3513721958861, 33.8241334519284], 
            [-84.3508901960099, 33.8242764513768], 
            [-84.3504921964357, 33.8244414518414], 
            [-84.3497661960398, 33.8247904518494], 
            [-84.3496411956384, 33.8248504519358], 
            [-84.3491501953491, 33.8250774516789], 
            [-84.3485031959197, 33.8254004522781], 
            [-84.3484871951777, 33.8254094517963], 
            [-84.3485101953304, 33.8251234520352], 
            [-84.3485271952101, 33.8249384524569], 
            [-84.3485281952533, 33.8248774523287], 
            [-84.3485291952748, 33.8244134515164], 
            [-84.3485131954132, 33.8240664516287], 
            [-84.3483401952832, 33.82039645068], 
            [-84.3483291947576, 33.8201104509201], 
            [-84.348419195192, 33.8174004503708], 
            [-84.3484291947413, 33.8171104504248], 
            [-84.3483251951891, 33.8148224496484], 
            [-84.3483211949988, 33.8147354501146], 
            [-84.3483041950874, 33.8143264500523], 
            [-84.348240194733, 33.8127804494763], 
            [-84.3482361945422, 33.8126824494329], 
            [-84.3482291951075, 33.8125104495585], 
            [-84.3484291944585, 33.8118104494962], 
            [-84.3483291942678, 33.8109324492925], 
            [-84.3483371946336, 33.8108294490169], 
            [-84.3483771946657, 33.8103534485465], 
            [-84.348414194561, 33.8099224492617], 
            [-84.3484301943928, 33.8097094483862], 
            [-84.3482291949208, 33.8090104483852], 
            [-84.3485091944314, 33.809145448334], 
            [-84.3497091952876, 33.8097044490063], 
            [-84.3498881955045, 33.8097874483484], 
            [-84.3500131950128, 33.8098454483329], 
            [-84.3507991955248, 33.8100544489932], 
            [-84.3516231959995, 33.810225448791], 
            [-84.3517051953088, 33.8102394485372], 
            [-84.3538821965259, 33.8106144487426], 
            [-84.3539351962879, 33.8106234491575], 
            [-84.3540251959685, 33.8106394489961], 
            [-84.3548231961341, 33.8107764490184], 
            [-84.3570341971251, 33.8110514490862], 
            [-84.3573881973676, 33.8111104491084], 
            [-84.3577591974997, 33.8111724483698], 
            [-84.3581441973844, 33.811276448677], 
            [-84.3587801981319, 33.8115154489342], 
            [-84.3592201978757, 33.8117094489124], 
            [-84.3596631977617, 33.8119594487871], 
            [-84.3613521988667, 33.8132724492998], 
            [-84.3615241987605, 33.8133884492716], 
            [-84.3618901986699, 33.8136234493535], 
            [-84.3622401987342, 33.8138234487137], 
            [-84.3628531993125, 33.8140384487592], 
            [-84.3632761991597, 33.8141004489178], 
            [-84.3646021995444, 33.8142264493101], 
            [-84.3648581997345, 33.8142594490308], 
            [-84.3642481993329, 33.8147464491326], 
            [-84.3642761997335, 33.8147574496413], 
            [-84.3643241992652, 33.8147994488874], 
            [-84.36436319928, 33.8148684493846], 
            [-84.364379199127, 33.8149404491224], 
            [-84.3643751998447, 33.815015449], 
            [-84.3643661994299, 33.8150694497034], 
            [-84.3643221991919, 33.8151664497023], 
            [-84.3642501994554, 33.8153014496642], 
            [-84.3642071992668, 33.8154554496059], 
            [-84.3649501995364, 33.814808449281], 
            [-84.3653112000855, 33.8145274488396], 
            [-84.3653312001134, 33.8145114489969], 
            [-84.3655501994754, 33.8143494495774], 
            [-84.3659671999235, 33.8140374494964], 
            [-84.3663962000328, 33.8137944490143], 
            [-84.3666532002605, 33.8136634492309], 
            [-84.3666071999687, 33.8144904488759], 
            [-84.3665821997298, 33.8148994489396], 
            [-84.3665812006007, 33.8152364492641], 
            [-84.3665972004617, 33.8155714494952], 
            [-84.3666302002123, 33.8159074497721], 
            [-84.3666872001787, 33.8162684494077], 
            [-84.3668422002201, 33.8170804492496], 
            [-84.3668612002078, 33.8171814494315]
          ]
        ]
      }, 
      "properties" : null
    }, 
    {
      "type" : "Feature", 
      "geometry" : 
      {
        "type" : "Polygon", 
        "coordinates" : 
        [
          [
            [-84.3591781982945, 33.8223714509453], 
            [-84.3591301987825, 33.8226984508082], 
            [-84.3591331980335, 33.8229074514976], 
            [-84.3591291987615, 33.8231744512771], 
            [-84.3591851986837, 33.8235784511062], 
            [-84.3593161984938, 33.8240724515048], 
            [-84.3596531989047, 33.8252164514327], 
            [-84.3599211987543, 33.8252874520141], 
            [-84.360004199027, 33.8256334518531], 
            [-84.3601981990745, 33.8263504517888], 
            [-84.3603191993223, 33.8268894515747], 
            [-84.3603851988092, 33.8272924522563], 
            [-84.3604441988742, 33.8277644525377], 
            [-84.3604921993302, 33.828273452735], 
            [-84.3604941994325, 33.8284514519883], 
            [-84.3604951994813, 33.8284964522745], 
            [-84.3605051990629, 33.8288124525249], 
            [-84.3604771996021, 33.8295574528668], 
            [-84.3604371995711, 33.8300554525577], 
            [-84.3604281991599, 33.830176452768], 
            [-84.3603891991663, 33.8305034526305], 
            [-84.360378199559, 33.8305744532223], 
            [-84.3602691990366, 33.8313054529187], 
            [-84.3602491990137, 33.8314154526197], 
            [-84.3601321990081, 33.8319344532864], 
            [-84.359875198832, 33.8330314537568], 
            [-84.3598181988996, 33.8333054538626], 
            [-84.3597001988561, 33.8339834538017], 
            [-84.3596451990277, 33.8344674537439], 
            [-84.3593781992283, 33.8344694538465], 
            [-84.3593261995422, 33.8350104537314], 
            [-84.3593081987197, 33.8352494540129], 
            [-84.3592951990262, 33.8354444540543], 
            [-84.3592961990783, 33.8355504535692], 
            [-84.3593001992847, 33.8359394536046], 
            [-84.3593011993342, 33.83599845364], 
            [-84.3593121989634, 33.8363364540103], 
            [-84.3593291988804, 33.8368484543477], 
            [-84.3593571993256, 33.8376944539708], 
            [-84.3593741992413, 33.8381844541883], 
            [-84.3593941992935, 33.8386224546946], 
            [-84.359404199768, 33.8388184547815], 
            [-84.3594541994115, 33.8392174543791], 
            [-84.3595251991305, 33.8396204550606], 
            [-84.3595371996899, 33.8396674545397], 
            [-84.3596061993087, 33.8399334551694], 
            [-84.3598591993941, 33.8406124551411], 
            [-84.3600272000151, 33.8409804550967], 
            [-84.3602291995153, 33.8413374554409], 
            [-84.3603782001477, 33.8415884553727], 
            [-84.3606631999044, 33.8419874549616], 
            [-84.3607711995272, 33.842119455677], 
            [-84.3608951998935, 33.8422714555199], 
            [-84.3609701997806, 33.8423474554407], 
            [-84.3613522004406, 33.8427354554157], 
            [-84.3613252000897, 33.8427834549425], 
            [-84.3613052000636, 33.8428364556001], 
            [-84.3611392004614, 33.8429654552874], 
            [-84.3603021994412, 33.8438754552098], 
            [-84.3583041994259, 33.8451864557669], 
            [-84.3582701996439, 33.845131455918], 
            [-84.3581971989459, 33.8449744558416], 
            [-84.3580401988582, 33.8450334558829], 
            [-84.3570581991757, 33.8454264561403], 
            [-84.3566451989068, 33.845619456104], 
            [-84.3529851982592, 33.8478504570774], 
            [-84.3524711978098, 33.8482234572902], 
            [-84.3521991977896, 33.8484364572758], 
            [-84.3520521981697, 33.8485644569161], 
            [-84.3521671981116, 33.8485914572634], 
            [-84.3519761973517, 33.8487654572379], 
            [-84.3516661973744, 33.8491184574157], 
            [-84.3512701979139, 33.8496754571554], 
            [-84.3510681975519, 33.8500204569585], 
            [-84.3507911973189, 33.850590457296], 
            [-84.3504201972384, 33.851493457776], 
            [-84.3500661970376, 33.8522144579175], 
            [-84.3497571971131, 33.8526854581661], 
            [-84.3494521973693, 33.8530664578424], 
            [-84.3493371974359, 33.8531994577131], 
            [-84.3490061973825, 33.8535344579573], 
            [-84.3486821967507, 33.8537984585089], 
            [-84.348229197329, 33.8540914586104], 
            [-84.3482281972783, 33.8540094584087], 
            [-84.348229197314, 33.8538094581361], 
            [-84.3482991969163, 33.8528994582423], 
            [-84.3483181968855, 33.8526534576366], 
            [-84.3483251972055, 33.8525634579633], 
            [-84.3483291964889, 33.8525094581594], 
            [-84.3483291963819, 33.850508457186], 
            [-84.34832919636, 33.8501004571696], 
            [-84.3483291963187, 33.8493274573302], 
            [-84.3483291962987, 33.8489534570903], 
            [-84.348329196246, 33.8479684573217], 
            [-84.3483291962257, 33.8475884568038], 
            [-84.3483291961794, 33.8467224571524], 
            [-84.3483291961412, 33.8460094564955], 
            [-84.3483401966463, 33.8459094563588], 
            [-84.3483621967576, 33.8457164564097], 
            [-84.3483681961336, 33.8456584564204], 
            [-84.3483711962711, 33.8456274567827], 
            [-84.3483761965006, 33.8455804564037], 
            [-84.3483761965006, 33.845578456311], 
            [-84.3483771965468, 33.8455764562184], 
            [-84.3483771965467, 33.8455744561257], 
            [-84.3483781965926, 33.845565456608], 
            [-84.3483781965925, 33.845562456469], 
            [-84.3483801966846, 33.845549456766], 
            [-84.3483801966844, 33.8455454565807], 
            [-84.3483971965659, 33.8453954568253], 
            [-84.3483971965658, 33.8453934567326], 
            [-84.3484061960798, 33.8453134566232], 
            [-84.3484091962176, 33.8452864562716], 
            [-84.3484291962369, 33.8451094561645], 
            [-84.34852919637, 33.8449094558882], 
            [-84.3486291964924, 33.8445094562387], 
            [-84.3485641961377, 33.843827456121], 
            [-84.3484991966816, 33.8431344554937], 
            [-84.348497196588, 33.8431184556519], 
            [-84.3484671960778, 33.8427934558846], 
            [-84.3484631967897, 33.8427594561082], 
            [-84.3484631967896, 33.8427574560155], 
            [-84.3484221966671, 33.8424104561287], 
            [-84.3484001965384, 33.8422774553637], 
            [-84.3483831966435, 33.8421774561274], 
            [-84.3483311960148, 33.8419094554043], 
            [-84.348329195906, 33.8416094558948], 
            [-84.3483281958303, 33.841062455734], 
            [-84.3483281958217, 33.8409004554232], 
            [-84.3483291958083, 33.8397814548424], 
            [-84.3483291956602, 33.8370104550678], 
            [-84.3483271964568, 33.8368264546373], 
            [-84.348328195594, 33.8366414541603], 
            [-84.3483291956322, 33.8364884542665], 
            [-84.3483301956725, 33.8363734543345], 
            [-84.3483301956679, 33.8362864548005], 
            [-84.3483301956666, 33.8362634546342], 
            [-84.3483331957754, 33.835693454307], 
            [-84.3483541956454, 33.8318544536156], 
            [-84.348356195722, 33.8315504530214], 
            [-84.3483501954254, 33.8312084533648], 
            [-84.348355195645, 33.8309774534545], 
            [-84.3483551956427, 33.830934453261], 
            [-84.3482731953646, 33.829618453449], 
            [-84.3482731953644, 33.82961545331], 
            [-84.3482731953641, 33.8296104530783], 
            [-84.3482721953168, 33.8295924531437], 
            [-84.3482701952224, 33.8295624526533], 
            [-84.3482501951768, 33.8292494525422], 
            [-84.3482291959776, 33.828810452889], 
            [-84.3482861959095, 33.8285264532192], 
            [-84.3483021957482, 33.8284434529706], 
            [-84.3483201956793, 33.8283534523976], 
            [-84.3483281951493, 33.8283164524818], 
            [-84.3483291951954, 33.8283104531031], 
            [-84.3483291951594, 33.8276364524543], 
            [-84.3483291951552, 33.8275584524379], 
            [-84.3483291951326, 33.8271364526721], 
            [-84.3483291950992, 33.8265104524484], 
            [-84.3484291952217, 33.8261104518996], 
            [-84.3484541954664, 33.8258094523427], 
            [-84.3484581956497, 33.8257664521491], 
            [-84.3484731954365, 33.8255784524319], 
            [-84.3484841950405, 33.8254474517583], 
            [-84.3484861951324, 33.8254284517773], 
            [-84.3484871951777, 33.8254094517963], 
            [-84.3485031959197, 33.8254004522781], 
            [-84.3491501953491, 33.8250774516789], 
            [-84.3496411956384, 33.8248504519358], 
            [-84.3497661960398, 33.8247904518494], 
            [-84.3504921964357, 33.8244414518414], 
            [-84.3508901960099, 33.8242764513768], 
            [-84.3513721958861, 33.8241334519284], 
            [-84.352075196121, 33.8239144516487], 
            [-84.352260196609, 33.8238604518381], 
            [-84.3530941966262, 33.8236154512483], 
            [-84.353417197223, 33.8235664516641], 
            [-84.3538581969992, 33.8234994512417], 
            [-84.3539441973921, 33.8234884516281], 
            [-84.3540291968392, 33.8234764519684], 
            [-84.3542471970612, 33.8234464514697], 
            [-84.354862196817, 33.8233624511525], 
            [-84.3551401971248, 33.8233244511803], 
            [-84.3558731978611, 33.8232654511176], 
            [-84.3568101981675, 33.8231374514479], 
            [-84.3570421981397, 33.8231054517554], 
            [-84.3571881977188, 33.8230794514447], 
            [-84.3573221976404, 33.8230554512271], 
            [-84.3577681976466, 33.8229494516956], 
            [-84.3582001979009, 33.822814450821], 
            [-84.3584041983701, 33.8227384508898], 
            [-84.3586671979781, 33.822629451226], 
            [-84.3589221981134, 33.8225084510066], 
            [-84.3591781982945, 33.8223714509453]
          ]
        ]
      }, 
      "properties" : null
    }, 
    {
      "type" : "Feature", 
      "geometry" : 
      {
        "type" : "Polygon", 
        "coordinates" : 
        [
          [
            [-84.380514207371, 33.8757194620589], 
            [-84.379947207201, 33.8768534615569], 
            [-84.3798982076308, 33.8769594619729], 
            [-84.3798492071635, 33.8771054624435], 
            [-84.3798102071616, 33.8772794624123], 
            [-84.3797912071885, 33.8774504622413], 
            [-84.3797912072263, 33.8781554625275], 
            [-84.3781932068168, 33.8781554625871], 
            [-84.3771782064813, 33.8781564626713], 
            [-84.3770062065935, 33.8781524624924], 
            [-84.3767522064971, 33.8781364626599], 
            [-84.3762802061764, 33.8781054621407], 
            [-84.3759672060406, 33.8780974626811], 
            [-84.3756412062015, 33.8781014619792], 
            [-84.3740842058953, 33.8780914624733], 
            [-84.3736422051701, 33.8780974627678], 
            [-84.3735322054638, 33.8781394629191], 
            [-84.3726382053445, 33.8780884623883], 
            [-84.3703762046926, 33.8779604628378], 
            [-84.3703112043741, 33.877956462655], 
            [-84.3701862048687, 33.8779534625207], 
            [-84.3683972036878, 33.8779164626719], 
            [-84.3681322039811, 33.8779134625428], 
            [-84.3677612038524, 33.8779164626956], 
            [-84.3677672041372, 33.8780364628589], 
            [-84.367763203969, 33.8783624626738], 
            [-84.3677622039302, 33.8785024628646], 
            [-84.3677562036802, 33.87903446323], 
            [-84.3677552036376, 33.8791044628758], 
            [-84.3677552036382, 33.879115462486], 
            [-84.3677132034879, 33.8791154624876], 
            [-84.3676902042193, 33.8791164625348], 
            [-84.3676452039298, 33.8791174625828], 
            [-84.3675372043146, 33.8791274630501], 
            [-84.3674292038006, 33.8791464630351], 
            [-84.3673342038912, 33.8791914633248], 
            [-84.3672572039189, 33.8792584628344], 
            [-84.3672072034018, 33.8793414630843], 
            [-84.3671532035982, 33.8794214631953], 
            [-84.3670632039213, 33.8794754630024], 
            [-84.3668512039786, 33.8795204632965], 
            [-84.3667642035417, 33.8795764631962], 
            [-84.3666542038418, 33.8797364634183], 
            [-84.3666052033711, 33.8798194627689], 
            [-84.3665442032425, 33.8798974627875], 
            [-84.3664762036883, 33.8799704634741], 
            [-84.3664032039017, 33.8800384630298], 
            [-84.366271203178, 33.8801464635416], 
            [-84.3661812034983, 33.880146463545], 
            [-84.3651092032157, 33.8801474636313], 
            [-84.3648652035834, 33.8801324629455], 
            [-84.3647512027896, 33.8801254635248], 
            [-84.3642742031373, 33.8801154630793], 
            [-84.3642252026622, 33.8801174631737], 
            [-84.3641202031857, 33.8801174631777], 
            [-84.3628162028531, 33.8786994631825], 
            [-84.3630822025886, 33.8783724633116], 
            [-84.363047202761, 33.8783334633048], 
            [-84.3629302027225, 33.8782384625052], 
            [-84.362933202858, 33.8781684628594], 
            [-84.3628732027674, 33.8780874627063], 
            [-84.3627052021608, 33.8779884626226], 
            [-84.3626992027759, 33.8778824631079], 
            [-84.3626472021571, 33.8777994628618], 
            [-84.3625752024087, 33.8777144625238], 
            [-84.3625062018976, 33.8775804626136], 
            [-84.3624342021423, 33.8773644625018], 
            [-84.3623882027041, 33.877336463005], 
            [-84.3617582022272, 33.8769524623254], 
            [-84.3613852020065, 33.8769714623202], 
            [-84.3607852020444, 33.8769994627404], 
            [-84.3600952015035, 33.8770314624501], 
            [-84.3598482017334, 33.8770424629689], 
            [-84.3598362012069, 33.8776084631111], 
            [-84.3598362012305, 33.8780484628114], 
            [-84.3579242006375, 33.8780184632915], 
            [-84.3579042006068, 33.877982463423], 
            [-84.3578242013772, 33.8777234631181], 
            [-84.357802201249, 33.8776004628164], 
            [-84.3577772009806, 33.8774594625801], 
            [-84.3577652013145, 33.8772994632619], 
            [-84.3577652013064, 33.8771484625615], 
            [-84.3578212011448, 33.8759854626383], 
            [-84.357836200916, 33.875509462169], 
            [-84.3578642012677, 33.8746074626475], 
            [-84.3578772009499, 33.8742034619166], 
            [-84.3578972009582, 33.8738204621583], 
            [-84.3579362009481, 33.8734244617971], 
            [-84.358087200709, 33.8724624621893], 
            [-84.3582702010561, 33.8715114612912], 
            [-84.3583032007797, 33.871341461508], 
            [-84.358633200729, 33.8699304608769], 
            [-84.3586502006109, 33.8697874614458], 
            [-84.3586392009926, 33.8696534615334], 
            [-84.3586022010673, 33.869523460908], 
            [-84.3584622008484, 33.8691944609595], 
            [-84.3580202009661, 33.8681494611257], 
            [-84.3579492003601, 33.8679764612074], 
            [-84.3579182007136, 33.867853460906], 
            [-84.3579102003372, 33.867756460909], 
            [-84.3579122004137, 33.8674524612141], 
            [-84.3579231999402, 33.8658724608592], 
            [-84.3579292001824, 33.8651964601177], 
            [-84.3579382005397, 33.8640704601117], 
            [-84.3579472000039, 33.8630584599913], 
            [-84.3579572004149, 33.8620684599908], 
            [-84.3579602005382, 33.8617714597208], 
            [-84.3579692000153, 33.8610014591208], 
            [-84.3579881999062, 33.8592924590844], 
            [-84.3580002003999, 33.8581144584678], 
            [-84.3580031996206, 33.8577554589228], 
            [-84.3580041996639, 33.8576964588873], 
            [-84.3580061997517, 33.8576044591216], 
            [-84.3580311998914, 33.8553414585997], 
            [-84.3580372001371, 33.8547304581715], 
            [-84.3580291997396, 33.8542404579537], 
            [-84.3580531999451, 33.8540734583098], 
            [-84.358076200107, 33.8539594575241], 
            [-84.3584761997799, 33.8539034576127], 
            [-84.3588251997836, 33.8538374581393], 
            [-84.3591632001748, 33.8537444574154], 
            [-84.3593871997735, 33.8536694575297], 
            [-84.359511200129, 33.8536194579066], 
            [-84.3596762005863, 33.8535284581811], 
            [-84.3598692005425, 33.8534064579177], 
            [-84.3599602002645, 33.853328457898], 
            [-84.3600852006608, 33.8531734579069], 
            [-84.3602182005262, 33.8529654572587], 
            [-84.3603852001651, 33.8526524571407], 
            [-84.3606552000741, 33.8520994575912], 
            [-84.3608632007117, 33.8517024571773], 
            [-84.3610282002623, 33.8514744574], 
            [-84.3612652004522, 33.851173456936], 
            [-84.3615272009037, 33.8508894572586], 
            [-84.3618862004554, 33.8505104567737], 
            [-84.3619002011059, 33.8505264566152], 
            [-84.3620222004762, 33.850604456627], 
            [-84.3621732011788, 33.850433456793], 
            [-84.3624022010002, 33.8501854569861], 
            [-84.3628782005799, 33.8497054572136], 
            [-84.3629942005627, 33.8496284563398], 
            [-84.3631222011027, 33.849557456643], 
            [-84.3633722010066, 33.8494464568872], 
            [-84.364032201042, 33.8491764569442], 
            [-84.3642492012146, 33.8490914565955], 
            [-84.3645112016763, 33.8489964566811], 
            [-84.3646192012913, 33.8489834569741], 
            [-84.3647772014285, 33.8489814568756], 
            [-84.3653582014106, 33.8489984567422], 
            [-84.3655542015126, 33.8489974566886], 
            [-84.3657002019908, 33.8489694562853], 
            [-84.3658602013193, 33.8489254569388], 
            [-84.3662062020779, 33.8487634566152], 
            [-84.3663912016655, 33.848688456731], 
            [-84.3666172022521, 33.8485354568288], 
            [-84.3672352021203, 33.847950456683], 
            [-84.3674512022401, 33.8477464562171], 
            [-84.3675612019432, 33.8476434559377], 
            [-84.3677372020065, 33.8474574563072], 
            [-84.367648202367, 33.847343456425], 
            [-84.3678112018257, 33.8471314564897], 
            [-84.3681232018888, 33.8466484556849], 
            [-84.3682512024172, 33.8463604558273], 
            [-84.368343202173, 33.8460464556657], 
            [-84.3683942027302, 33.8458464553912], 
            [-84.3684552019558, 33.8457004558195], 
            [-84.3685162020821, 33.8455804556537], 
            [-84.3685882027194, 33.8454714559971], 
            [-84.3687202025408, 33.8453104557278], 
            [-84.3689222020115, 33.845114455633], 
            [-84.3690262023359, 33.8450214558172], 
            [-84.3691812023277, 33.8449044557868], 
            [-84.3696892025041, 33.8446304556643], 
            [-84.3703452032471, 33.8442484550294], 
            [-84.3713432027622, 33.8436584555372], 
            [-84.3713962034295, 33.8437804548921], 
            [-84.3720912033725, 33.8450444558693], 
            [-84.3722802031689, 33.8454054554999], 
            [-84.3724942032301, 33.8458404558599], 
            [-84.372587203959, 33.8460364559437], 
            [-84.3732422038509, 33.8474224562792], 
            [-84.3735262035691, 33.8479674563369], 
            [-84.3736302039064, 33.8481164560415], 
            [-84.3737602036509, 33.8482494559031], 
            [-84.3739322044445, 33.8483754563382], 
            [-84.3741112037628, 33.8484714562826], 
            [-84.3742002042981, 33.848519455805], 
            [-84.3755662047615, 33.8490404565091], 
            [-84.3762672049314, 33.8493414560388], 
            [-84.3778772050396, 33.8501104565322], 
            [-84.3781382054673, 33.8502504567132], 
            [-84.3783882053854, 33.8504034565977], 
            [-84.3787032056255, 33.8506274561717], 
            [-84.3789922055596, 33.8508714566733], 
            [-84.3793052057108, 33.8511684569315], 
            [-84.3793662058466, 33.8512254568721], 
            [-84.3800082059931, 33.8518344562841], 
            [-84.3804092057357, 33.852214456787], 
            [-84.38075820666, 33.8525444567741], 
            [-84.381148206791, 33.8529154568604], 
            [-84.381317206548, 33.8530754570721], 
            [-84.3815802061751, 33.8533244569071], 
            [-84.3820452070923, 33.8537654566363], 
            [-84.3824412066026, 33.8541394568614], 
            [-84.3824862068936, 33.8541674572576], 
            [-84.382539206656, 33.854184457144], 
            [-84.3826732065791, 33.8541884573243], 
            [-84.3826722065459, 33.8544354570763], 
            [-84.3826652071837, 33.8556164569323], 
            [-84.3826532066373, 33.85581245702], 
            [-84.3826212069609, 33.8559974574982], 
            [-84.3826082072609, 33.8560704572833], 
            [-84.3825692072574, 33.8562124575683], 
            [-84.3825132073651, 33.8563694576494], 
            [-84.3825102072274, 33.8563964571017], 
            [-84.3823692069939, 33.8566624577393], 
            [-84.3822262066649, 33.8568794579054], 
            [-84.3813572068677, 33.8579724582132], 
            [-84.3812912065075, 33.8580554575644], 
            [-84.3811052068833, 33.8583124577866], 
            [-84.3809492068532, 33.8585814576644], 
            [-84.3808222063707, 33.8588604580044], 
            [-84.380726206428, 33.8591484578608], 
            [-84.3806562067946, 33.8594774578171], 
            [-84.3804172065886, 33.8612084588809], 
            [-84.3803782065924, 33.8614874583183], 
            [-84.3802792065335, 33.8622054592105], 
            [-84.3802552063352, 33.8625064587672], 
            [-84.3802542062994, 33.8627034589008], 
            [-84.3802652068207, 33.8629054592656], 
            [-84.3803002066606, 33.8631764592289], 
            [-84.3803562065758, 33.8634454590988], 
            [-84.3806092066704, 33.8642954588986], 
            [-84.3806912068945, 33.8645984594434], 
            [-84.3807382072868, 33.8647844590656], 
            [-84.3808242068018, 33.8651734590978], 
            [-84.3808432067886, 33.8652564593451], 
            [-84.3809262070667, 33.8657014592739], 
            [-84.3809712073728, 33.8660104591987], 
            [-84.3809872072216, 33.8661154595661], 
            [-84.3809952066974, 33.8661894593968], 
            [-84.3810472073361, 33.8666424596974], 
            [-84.3810672073857, 33.8670314597321], 
            [-84.381096206959, 33.8675214599491], 
            [-84.38109020764, 33.8686434597695], 
            [-84.3810732069386, 33.8702734606423], 
            [-84.3810532069936, 33.8718364611093], 
            [-84.3810492077289, 33.8722394608941], 
            [-84.3810402073519, 33.8729964608918], 
            [-84.3810022074194, 33.8735974608578], 
            [-84.380911207739, 33.8744514617551], 
            [-84.3808912077161, 33.8745614614561], 
            [-84.3808662074629, 33.8747024616941], 
            [-84.3808152078058, 33.8749164617179], 
            [-84.3807352077048, 33.8751804613611], 
            [-84.3807042071704, 33.8752694618883], 
            [-84.3806852071897, 33.8752994614802], 
            [-84.380680207859, 33.8753374614422], 
            [-84.3806392077606, 33.875440461719], 
            [-84.380514207371, 33.8757194620589]
          ]
        ]
      }, 
      "properties" : null
    }, 
    {
      "type" : "Feature", 
      "geometry" : 
      {
        "type" : "Polygon", 
        "coordinates" : 
        [
          [
            [-84.3677372020065, 33.8474574563072], 
            [-84.3675612019432, 33.8476434559377], 
            [-84.3674512022401, 33.8477464562171], 
            [-84.3672352021203, 33.847950456683], 
            [-84.3666172022521, 33.8485354568288], 
            [-84.3663912016655, 33.848688456731], 
            [-84.3662062020779, 33.8487634566152], 
            [-84.3658602013193, 33.8489254569388], 
            [-84.3657002019908, 33.8489694562853], 
            [-84.3655542015126, 33.8489974566886], 
            [-84.3653582014106, 33.8489984567422], 
            [-84.3647772014285, 33.8489814568756], 
            [-84.3646192012913, 33.8489834569741], 
            [-84.3645112016763, 33.8489964566811], 
            [-84.3642492012146, 33.8490914565955], 
            [-84.364032201042, 33.8491764569442], 
            [-84.3633722010066, 33.8494464568872], 
            [-84.3631222011027, 33.849557456643], 
            [-84.3629942005627, 33.8496284563398], 
            [-84.3628782005799, 33.8497054572136], 
            [-84.3624022010002, 33.8501854569861], 
            [-84.3621732011788, 33.850433456793], 
            [-84.3620222004762, 33.850604456627], 
            [-84.3619002011059, 33.8505264566152], 
            [-84.3618862004554, 33.8505104567737], 
            [-84.3615272009037, 33.8508894572586], 
            [-84.3612652004522, 33.851173456936], 
            [-84.3610282002623, 33.8514744574], 
            [-84.3608632007117, 33.8517024571773], 
            [-84.3606552000741, 33.8520994575912], 
            [-84.3603852001651, 33.8526524571407], 
            [-84.3602182005262, 33.8529654572587], 
            [-84.3600852006608, 33.8531734579069], 
            [-84.3599602002645, 33.853328457898], 
            [-84.3598692005425, 33.8534064579177], 
            [-84.3596762005863, 33.8535284581811], 
            [-84.359511200129, 33.8536194579066], 
            [-84.3593871997735, 33.8536694575297], 
            [-84.3591632001748, 33.8537444574154], 
            [-84.3588251997836, 33.8538374581393], 
            [-84.3584761997799, 33.8539034576127], 
            [-84.358076200107, 33.8539594575241], 
            [-84.3576641998753, 33.8539814576593], 
            [-84.3563731993255, 33.8540324582715], 
            [-84.356145199538, 33.854048458122], 
            [-84.3559101994269, 33.8540854580463], 
            [-84.3550491990575, 33.8543574580893], 
            [-84.3545121984297, 33.8545354582619], 
            [-84.3542531990058, 33.8546154583806], 
            [-84.3539511984865, 33.8547084582039], 
            [-84.3535671986609, 33.854842458131], 
            [-84.3527741987503, 33.8551364582914], 
            [-84.3524531982495, 33.8552464580036], 
            [-84.3514141977187, 33.8556024583475], 
            [-84.3510181982358, 33.8557414585068], 
            [-84.350665198051, 33.855892458321], 
            [-84.3504271978057, 33.8560244590494], 
            [-84.3499551975052, 33.856373459048], 
            [-84.3496251974946, 33.8566404588395], 
            [-84.3493581977073, 33.8568664585279], 
            [-84.3490941971576, 33.8570504589684], 
            [-84.3488421971639, 33.8572194587135], 
            [-84.3485971974937, 33.8573614590061], 
            [-84.3484371972677, 33.8574374589358], 
            [-84.3483021973013, 33.8574924587909], 
            [-84.3481361967965, 33.8575634593884], 
            [-84.3481291973628, 33.8574104585957], 
            [-84.3482251971585, 33.8543734581854], 
            [-84.3482271972462, 33.8542784582808], 
            [-84.3482291973354, 33.8542094586812], 
            [-84.3482291973335, 33.854174457959], 
            [-84.3482291973322, 33.8541494585995], 
            [-84.348229197329, 33.8540914586104], 
            [-84.3486821967507, 33.8537984585089], 
            [-84.3490061973825, 33.8535344579573], 
            [-84.3493371974359, 33.8531994577131], 
            [-84.3494521973693, 33.8530664578424], 
            [-84.3497571971131, 33.8526854581661], 
            [-84.3500661970376, 33.8522144579175], 
            [-84.3504201972384, 33.851493457776], 
            [-84.3507911973189, 33.850590457296], 
            [-84.3510681975519, 33.8500204569585], 
            [-84.3512701979139, 33.8496754571554], 
            [-84.3516661973744, 33.8491184574157], 
            [-84.3519761973517, 33.8487654572379], 
            [-84.3521671981116, 33.8485914572634], 
            [-84.3520521981697, 33.8485644569161], 
            [-84.3521991977896, 33.8484364572758], 
            [-84.3524711978098, 33.8482234572902], 
            [-84.3529851982592, 33.8478504570774], 
            [-84.3566451989068, 33.845619456104], 
            [-84.3570581991757, 33.8454264561403], 
            [-84.3580401988582, 33.8450334558829], 
            [-84.3581971989459, 33.8449744558416], 
            [-84.3582701996439, 33.845131455918], 
            [-84.3583041994259, 33.8451864557669], 
            [-84.3603021994412, 33.8438754552098], 
            [-84.3611392004614, 33.8429654552874], 
            [-84.3613052000636, 33.8428364556001], 
            [-84.3613252000897, 33.8427834549425], 
            [-84.3613522004406, 33.8427354554157], 
            [-84.3614022000565, 33.8426164552966], 
            [-84.3614751998355, 33.842405455411], 
            [-84.3616372001671, 33.8425694549091], 
            [-84.3621962000522, 33.8430444553108], 
            [-84.3620502004722, 33.8430534557332], 
            [-84.3617422005709, 33.8430924557528], 
            [-84.3618702002211, 33.8431994553094], 
            [-84.362275200145, 33.8434974556104], 
            [-84.3625892003368, 33.843684455269], 
            [-84.3633492005539, 33.8441234557941], 
            [-84.3640592011479, 33.8445454555333], 
            [-84.364742201387, 33.8449434559604], 
            [-84.365083201034, 33.8451494555989], 
            [-84.3655492010923, 33.845477455489], 
            [-84.3658822012718, 33.8457654562288], 
            [-84.3661372014282, 33.8460374562303], 
            [-84.3667192014957, 33.8467844557427], 
            [-84.3673532021822, 33.8476154564469], 
            [-84.3675122023578, 33.8474644557405], 
            [-84.367648202367, 33.847343456425], 
            [-84.3677372020065, 33.8474574563072]
          ]
        ]
      }, 
      "properties" : null
    }, 
    {
      "type" : "Feature", 
      "geometry" : 
      {
        "type" : "Polygon", 
        "coordinates" : 
        [
          [
            [-84.3578772009499, 33.8742034619166], 
            [-84.3578642012677, 33.8746074626475], 
            [-84.357836200916, 33.875509462169], 
            [-84.3578212011448, 33.8759854626383], 
            [-84.3577652013064, 33.8771484625615], 
            [-84.3577652013145, 33.8772994632619], 
            [-84.3577772009806, 33.8774594625801], 
            [-84.357802201249, 33.8776004628164], 
            [-84.3578242013772, 33.8777234631181], 
            [-84.3579042006068, 33.877982463423], 
            [-84.3579242006375, 33.8780184632915], 
            [-84.3576872013307, 33.8780164632077], 
            [-84.3552862005288, 33.8779794633816], 
            [-84.3558302006297, 33.8786894629799], 
            [-84.3560092008562, 33.8789504633738], 
            [-84.3553342001099, 33.8789434630748], 
            [-84.3553232005709, 33.8802904634268], 
            [-84.3553212004883, 33.8804804632361], 
            [-84.3546661998034, 33.8810814641245], 
            [-84.354047199888, 33.8816514635754], 
            [-84.3539002002781, 33.8819674638316], 
            [-84.3517841992151, 33.881997464401], 
            [-84.3504941987096, 33.8820144643375], 
            [-84.3503561995006, 33.8820164644352], 
            [-84.3498781989016, 33.8819894641015], 
            [-84.3492251991745, 33.8819504641177], 
            [-84.3487371990191, 33.8820774646237], 
            [-84.348499198779, 33.88230646445], 
            [-84.3484291982268, 33.8822714646298], 
            [-84.3484291982265, 33.8822674644444], 
            [-84.3484291982073, 33.8819084640002], 
            [-84.3482261985817, 33.880080463855], 
            [-84.3481481985218, 33.8793774636644], 
            [-84.3481421982405, 33.8793224638144], 
            [-84.3481291985305, 33.8792094639757], 
            [-84.3481291985243, 33.8790954631908], 
            [-84.348129198459, 33.8778774634196], 
            [-84.3481291984589, 33.877875463327], 
            [-84.3481291984589, 33.8778734632343], 
            [-84.3481291984588, 33.877872463188], 
            [-84.3481291984554, 33.8778094629672], 
            [-84.3481611980568, 33.8762254633256], 
            [-84.3481811980325, 33.8752354624254], 
            [-84.34819119847, 33.8747404628747], 
            [-84.3482171978169, 33.8736024623122], 
            [-84.3483011978914, 33.8693814619079], 
            [-84.3477941977458, 33.8693614618995], 
            [-84.3478211971704, 33.8688084614597], 
            [-84.3483171976912, 33.8685714612531], 
            [-84.3483221979106, 33.8683354611111], 
            [-84.3483291973133, 33.8679094611598], 
            [-84.3483281972524, 33.8676394612416], 
            [-84.3483291972752, 33.867199460642], 
            [-84.3483281972068, 33.8667874613397], 
            [-84.348329197249, 33.8667084612769], 
            [-84.3483281972022, 33.8667024609989], 
            [-84.3483041978814, 33.8665954605392], 
            [-84.3482281979339, 33.8662574610708], 
            [-84.3481531971334, 33.8659194607028], 
            [-84.348141197473, 33.8658644608532], 
            [-84.3481291978125, 33.8658094610036], 
            [-84.3481301978265, 33.8652054608998], 
            [-84.3481291977643, 33.8649094606764], 
            [-84.3484571975648, 33.8624514601023], 
            [-84.3484871971462, 33.8622244603764], 
            [-84.3485291972796, 33.8619094601704], 
            [-84.3484171974304, 33.8610154601254], 
            [-84.3484161973837, 33.8610104598937], 
            [-84.3484111971493, 33.8609654596077], 
            [-84.3482751970753, 33.859877459569], 
            [-84.3482611973192, 33.8597684599156], 
            [-84.3482601972722, 33.8597574594061], 
            [-84.3482291976189, 33.8595084595625], 
            [-84.3481421970822, 33.8576984593474], 
            [-84.3481361967965, 33.8575634593884], 
            [-84.3483021973013, 33.8574924587909], 
            [-84.3484371972677, 33.8574374589358], 
            [-84.3485971974937, 33.8573614590061], 
            [-84.3488421971639, 33.8572194587135], 
            [-84.3490941971576, 33.8570504589684], 
            [-84.3493581977073, 33.8568664585279], 
            [-84.3496251974946, 33.8566404588395], 
            [-84.3499551975052, 33.856373459048], 
            [-84.3504271978057, 33.8560244590494], 
            [-84.350665198051, 33.855892458321], 
            [-84.3510181982358, 33.8557414585068], 
            [-84.3514141977187, 33.8556024583475], 
            [-84.3524531982495, 33.8552464580036], 
            [-84.3527741987503, 33.8551364582914], 
            [-84.3535671986609, 33.854842458131], 
            [-84.3539511984865, 33.8547084582039], 
            [-84.3542531990058, 33.8546154583806], 
            [-84.3545121984297, 33.8545354582619], 
            [-84.3550491990575, 33.8543574580893], 
            [-84.3559101994269, 33.8540854580463], 
            [-84.356145199538, 33.854048458122], 
            [-84.3563731993255, 33.8540324582715], 
            [-84.3576641998753, 33.8539814576593], 
            [-84.358076200107, 33.8539594575241], 
            [-84.3580531999451, 33.8540734583098], 
            [-84.3580291997396, 33.8542404579537], 
            [-84.3580372001371, 33.8547304581715], 
            [-84.3580311998914, 33.8553414585997], 
            [-84.3580061997517, 33.8576044591216], 
            [-84.3580041996639, 33.8576964588873], 
            [-84.3580031996206, 33.8577554589228], 
            [-84.3580002003999, 33.8581144584678], 
            [-84.3579881999062, 33.8592924590844], 
            [-84.3579692000153, 33.8610014591208], 
            [-84.3579602005382, 33.8617714597208], 
            [-84.3579572004149, 33.8620684599908], 
            [-84.3579472000039, 33.8630584599913], 
            [-84.3579382005397, 33.8640704601117], 
            [-84.3579292001824, 33.8651964601177], 
            [-84.3579231999402, 33.8658724608592], 
            [-84.3579122004137, 33.8674524612141], 
            [-84.3579102003372, 33.867756460909], 
            [-84.3579182007136, 33.867853460906], 
            [-84.3579492003601, 33.8679764612074], 
            [-84.3580202009661, 33.8681494611257], 
            [-84.3584622008484, 33.8691944609595], 
            [-84.3586022010673, 33.869523460908], 
            [-84.3586392009926, 33.8696534615334], 
            [-84.3586502006109, 33.8697874614458], 
            [-84.358633200729, 33.8699304608769], 
            [-84.3583032007797, 33.871341461508], 
            [-84.3582702010561, 33.8715114612912], 
            [-84.358087200709, 33.8724624621893], 
            [-84.3579362009481, 33.8734244617971], 
            [-84.3578972009582, 33.8738204621583], 
            [-84.3578772009499, 33.8742034619166]
          ]
        ]
      }, 
      "properties" : null
    }, 
    {
      "type" : "Feature", 
      "geometry" : 
      {
        "type" : "Polygon", 
        "coordinates" : 
        [
          [
            [-84.3112381804151, 33.7510774376495], 
            [-84.3112311810233, 33.7517124373913], 
            [-84.3112231806901, 33.7524314383269], 
            [-84.3097641804338, 33.7523984377514], 
            [-84.3082161796465, 33.752399437855], 
            [-84.3066801794168, 33.7524124385142], 
            [-84.3052191790684, 33.7523944377343], 
            [-84.3046751790051, 33.7523874383295], 
            [-84.3045311786276, 33.7525664385339], 
            [-84.3040151790174, 33.7535584386464], 
            [-84.3025221780708, 33.7533044386252], 
            [-84.302477178758, 33.754762438726], 
            [-84.301405178471, 33.754680438564], 
            [-84.3003221776735, 33.754597438356], 
            [-84.2986851772467, 33.7544824384847], 
            [-84.2981441773192, 33.7544114388126], 
            [-84.2975191770931, 33.7543784391055], 
            [-84.2972711772757, 33.7543724388367], 
            [-84.2971191765163, 33.7543494386761], 
            [-84.2967921766234, 33.754214438729], 
            [-84.2963291767073, 33.7539384385497], 
            [-84.2959961765276, 33.753644438431], 
            [-84.2958661767883, 33.753606438474], 
            [-84.2956381760988, 33.7535714386595], 
            [-84.2945381763126, 33.7535174388964], 
            [-84.2943951759719, 33.7535144387627], 
            [-84.2935961757645, 33.7534674384134], 
            [-84.2932341760524, 33.7534484384459], 
            [-84.2919371752161, 33.7533524385429], 
            [-84.2908171753945, 33.7531734383853], 
            [-84.2907011745073, 33.7531564385014], 
            [-84.2907061747147, 33.7526904384953], 
            [-84.290643174432, 33.7516134380635], 
            [-84.2906271745675, 33.7512114383255], 
            [-84.2908421746195, 33.7506004378892], 
            [-84.2908381743776, 33.7495394381964], 
            [-84.2908351751061, 33.7489434375639], 
            [-84.2902271746722, 33.7470754373778], 
            [-84.2893931745097, 33.7445814369761], 
            [-84.2894541737459, 33.7446354367777], 
            [-84.2895641743578, 33.744710436651], 
            [-84.2896751741145, 33.7447434372765], 
            [-84.289762174555, 33.7447564369763], 
            [-84.2898941743857, 33.7447664374347], 
            [-84.2901891745854, 33.7447724368024], 
            [-84.2907741747524, 33.7447754369197], 
            [-84.2909781743257, 33.7447644373019], 
            [-84.2905081740508, 33.7438464370569], 
            [-84.2900901743947, 33.7430124371045], 
            [-84.2897021743311, 33.7421584362243], 
            [-84.2899381744869, 33.7420884365697], 
            [-84.2902581739713, 33.7406464363006], 
            [-84.2901461741572, 33.7404054359311], 
            [-84.2904901738515, 33.7388784362197], 
            [-84.2911431744769, 33.7388984353235], 
            [-84.2926361745142, 33.738964435628], 
            [-84.2932001746061, 33.7389694358389], 
            [-84.2934371748132, 33.73899143595], 
            [-84.2938281749727, 33.7390274358048], 
            [-84.2943701749486, 33.7391354353924], 
            [-84.29493117581, 33.7393174357097], 
            [-84.2949351750499, 33.7384424356407], 
            [-84.2961071754695, 33.7383134350168], 
            [-84.2978141764467, 33.7384304349783], 
            [-84.2993561769561, 33.7384384352918], 
            [-84.3005001769841, 33.73846843574], 
            [-84.3004691773735, 33.7390204352348], 
            [-84.3015221776764, 33.7390714357599], 
            [-84.3023121774657, 33.7391114357853], 
            [-84.3022701773558, 33.739873435117], 
            [-84.3007841767456, 33.7398374353028], 
            [-84.300422177034, 33.7398284357985], 
            [-84.2993891767618, 33.7398164352808], 
            [-84.2977731764142, 33.7397774353323], 
            [-84.2966471763212, 33.7397304358945], 
            [-84.2961611762485, 33.7396674356917], 
            [-84.2956151760857, 33.7395344358453], 
            [-84.2953531756263, 33.7396724359533], 
            [-84.2953171758146, 33.7408074363779], 
            [-84.2952661753311, 33.7424004364383], 
            [-84.2951841761565, 33.7449264365577], 
            [-84.2963001757837, 33.7449414372114], 
            [-84.2977021760934, 33.744981437214], 
            [-84.2992711769584, 33.7450284366355], 
            [-84.3007651770396, 33.7450484366074], 
            [-84.3026811778185, 33.7450854364521], 
            [-84.3036731779869, 33.745100436211], 
            [-84.3051301790488, 33.745115436852], 
            [-84.3084401797667, 33.7452014362172], 
            [-84.3097361796551, 33.745261436251], 
            [-84.309659179433, 33.7406174351385], 
            [-84.305045178473, 33.7408024357863], 
            [-84.3050811782993, 33.7399414354654], 
            [-84.3037871776058, 33.7399094358294], 
            [-84.3037451783158, 33.7391734350074], 
            [-84.3051111787696, 33.7395164355593], 
            [-84.3057151789181, 33.7395044349811], 
            [-84.3065981785234, 33.7394884351065], 
            [-84.3080781788556, 33.7395334353379], 
            [-84.3096761792485, 33.7392214352131], 
            [-84.3113851803106, 33.7391894354659], 
            [-84.3124211807224, 33.7392084354085], 
            [-84.3136031807147, 33.7392304345854], 
            [-84.3182461821353, 33.739317434847], 
            [-84.3205661827785, 33.7394064343878], 
            [-84.320565182763, 33.7399914345109], 
            [-84.3201761827066, 33.7401474345581], 
            [-84.3199151822901, 33.7402194352055], 
            [-84.3196471824476, 33.7402814353899], 
            [-84.3193921823075, 33.7403164352223], 
            [-84.3191071825732, 33.74033643526], 
            [-84.3182391818633, 33.7403134351259], 
            [-84.3163271812682, 33.7402414354582], 
            [-84.3162881813634, 33.7422464357201], 
            [-84.3162481813854, 33.743746435968], 
            [-84.3168781818281, 33.7434874356365], 
            [-84.3175771818775, 33.7432694354033], 
            [-84.3181691824154, 33.7441424362568], 
            [-84.3161471821259, 33.7443374363728], 
            [-84.3157131817711, 33.7443284359718], 
            [-84.3157121817293, 33.744414436359], 
            [-84.3155531816492, 33.7463674360147], 
            [-84.3159201815926, 33.7463714361864], 
            [-84.3168021820532, 33.7464024366907], 
            [-84.3185861830036, 33.7464674360387], 
            [-84.3185931824444, 33.7467564368372], 
            [-84.3185971826339, 33.7468304366681], 
            [-84.3185961825911, 33.746897436175], 
            [-84.3186081822715, 33.7473294364037], 
            [-84.3159241818284, 33.7473174368465], 
            [-84.3153861820439, 33.7473154367737], 
            [-84.3145141811499, 33.7473224371303], 
            [-84.3141381816881, 33.7473174369126], 
            [-84.313466181082, 33.7473284365478], 
            [-84.312896180712, 33.7473294366152], 
            [-84.3118151809105, 33.7473184370449], 
            [-84.3111751808888, 33.7473064365127], 
            [-84.311208180671, 33.7482404366157], 
            [-84.3112111808401, 33.7488034375181], 
            [-84.3112301808272, 33.7488934371904], 
            [-84.3112431805369, 33.7490014367975], 
            [-84.3112271807313, 33.7497084371774], 
            [-84.3112381804151, 33.7510774376495]
          ]
        ]
      }, 
      "properties" : null
    }, 
    {
      "type" : "Feature", 
      "geometry" : 
      {
        "type" : "Polygon", 
        "coordinates" : 
        [
          [
            [-84.3484311910277, 33.7455954350036], 
            [-84.3492221917574, 33.7455374349852], 
            [-84.3492131913418, 33.7455754349475], 
            [-84.3492121913034, 33.7457264347485], 
            [-84.3492101912297, 33.7460864352394], 
            [-84.3492101912328, 33.7461464353213], 
            [-84.349210191235, 33.7461864353758], 
            [-84.3492091911969, 33.746343435455], 
            [-84.3492081911622, 33.7465634348556], 
            [-84.3492081911646, 33.7466094351881], 
            [-84.3492071911277, 33.7467884353872], 
            [-84.3492061910821, 33.7468024351365], 
            [-84.3492011917932, 33.7476274355869], 
            [-84.3491971916332, 33.7481104354811], 
            [-84.3491961915947, 33.7482594351896], 
            [-84.3491881912826, 33.7493744355858], 
            [-84.3491961916966, 33.7501774359158], 
            [-84.3492121915919, 33.7511594364445], 
            [-84.3491921916284, 33.7523894367731], 
            [-84.3491921916303, 33.752424436596], 
            [-84.3491881914651, 33.7528104364928], 
            [-84.3491791919866, 33.7535584369733], 
            [-84.3491761918572, 33.7537424365047], 
            [-84.3491731917312, 33.753992436396], 
            [-84.3491671914859, 33.7546164365275], 
            [-84.3491581920107, 33.755428437275], 
            [-84.3491491916358, 33.756232437652], 
            [-84.3491481916138, 33.7566904372871], 
            [-84.3491581921172, 33.7574324374888], 
            [-84.3491611922705, 33.7576964380285], 
            [-84.3491671916745, 33.75816643732], 
            [-84.3491711918751, 33.7584474377479], 
            [-84.3491641924556, 33.7585604375874], 
            [-84.3491731919763, 33.7586054378733], 
            [-84.3491791922866, 33.7592044377453], 
            [-84.3491831924936, 33.7596074384294], 
            [-84.3491841925443, 33.7596884376855], 
            [-84.3491841925473, 33.7597454376283], 
            [-84.3491841925489, 33.7597754381189], 
            [-84.3491851925975, 33.7598164382196], 
            [-84.3491861926497, 33.7599254378736], 
            [-84.3491861926519, 33.7599674380208], 
            [-84.3490871925568, 33.760010438218], 
            [-84.3483511916945, 33.7603164380329], 
            [-84.3479381914233, 33.7604644386096], 
            [-84.3475261920964, 33.7605874380282], 
            [-84.3465271916171, 33.7608344387167], 
            [-84.3458091915809, 33.7609674386099], 
            [-84.3451081914333, 33.7610814385215], 
            [-84.3449501912974, 33.7611074388326], 
            [-84.3439421903958, 33.7612654389954], 
            [-84.3434421905804, 33.7613474383163], 
            [-84.342592190716, 33.7615144388903], 
            [-84.3418481903724, 33.7616444386454], 
            [-84.3414221903933, 33.7617194385386], 
            [-84.3404511894097, 33.7618714384221], 
            [-84.3386371888851, 33.762164438574], 
            [-84.3386051891925, 33.7620474385506], 
            [-84.3374881886301, 33.7622284388837], 
            [-84.3368121887424, 33.7623284390451], 
            [-84.3365431888519, 33.7623594386926], 
            [-84.3362241884393, 33.7623824388707], 
            [-84.3359721884371, 33.7623904392507], 
            [-84.3357041885914, 33.7623934393996], 
            [-84.3353491883053, 33.7623864390885], 
            [-84.334928188553, 33.7623634389378], 
            [-84.3346121882764, 33.7623244389413], 
            [-84.3340561876523, 33.7622414396132], 
            [-84.3338121880181, 33.7621904390581], 
            [-84.3333011876806, 33.7620514389325], 
            [-84.3328791878763, 33.7619234393133], 
            [-84.3319001873928, 33.7615484390631], 
            [-84.3312221873921, 33.7612684387066], 
            [-84.3311051873562, 33.7612204391851], 
            [-84.3302451870013, 33.7608924393094], 
            [-84.3295911863168, 33.7606324389792], 
            [-84.3292831864075, 33.7605204391977], 
            [-84.3291001860063, 33.7604614391689], 
            [-84.3291131866046, 33.7603674393101], 
            [-84.3291191859811, 33.7603194388848], 
            [-84.3291241862111, 33.7602804388764], 
            [-84.3291361867634, 33.7601954385352], 
            [-84.3291551867382, 33.760052439104], 
            [-84.3291641862031, 33.7590474384081], 
            [-84.329204186045, 33.7549864382213], 
            [-84.3296371863643, 33.7552004382272], 
            [-84.3303221866929, 33.755540437766], 
            [-84.3305451862528, 33.7556084382102], 
            [-84.3308781864256, 33.7557704376093], 
            [-84.3312621871633, 33.7558774380557], 
            [-84.3314721870179, 33.7559204382414], 
            [-84.3315781865417, 33.7559374381258], 
            [-84.3317921865808, 33.7559594382378], 
            [-84.332008186712, 33.7559664376548], 
            [-84.332223186796, 33.7559594382218], 
            [-84.3324371868328, 33.7559384381403], 
            [-84.332649186776, 33.7559024382632], 
            [-84.3327971873468, 33.7558684375819], 
            [-84.333000186871, 33.7558064373999], 
            [-84.3331971870155, 33.7557334376078], 
            [-84.333390186974, 33.7556524374453], 
            [-84.3336511873873, 33.7555204376154], 
            [-84.3339751871091, 33.755055437644], 
            [-84.3340561872653, 33.7549574375973], 
            [-84.3342701872819, 33.7545534377581], 
            [-84.3343831880088, 33.7541754373285], 
            [-84.3346701877948, 33.7533804373582], 
            [-84.3359481877451, 33.7534004373381], 
            [-84.3375741885559, 33.7534254375368], 
            [-84.3386471888852, 33.753432436922], 
            [-84.3390331888109, 33.7534354370467], 
            [-84.3396561889427, 33.7534404372553], 
            [-84.339615188695, 33.7507334368489], 
            [-84.3396061891378, 33.7499994361184], 
            [-84.3394661889389, 33.7500464365024], 
            [-84.3393261887204, 33.749721436739], 
            [-84.3391131887107, 33.7493804362371], 
            [-84.3389221888282, 33.7491444361023], 
            [-84.3382931883828, 33.7484764357545], 
            [-84.338053188037, 33.7484634360604], 
            [-84.3371921885064, 33.7475944363016], 
            [-84.3371211879057, 33.7475194355274], 
            [-84.3385831883004, 33.7475394355006], 
            [-84.3397001888729, 33.7475454357372], 
            [-84.3418771891712, 33.7475564361661], 
            [-84.3419201892944, 33.7461714358502], 
            [-84.3417021890708, 33.7461694357657], 
            [-84.3412021892518, 33.7461824354871], 
            [-84.3411021891079, 33.7461804353982], 
            [-84.3410381888351, 33.7461644355586], 
            [-84.3410071891943, 33.7461484357178], 
            [-84.3409551894768, 33.7461004352945], 
            [-84.3409481891504, 33.7460704357036], 
            [-84.3409481891452, 33.7459744357525], 
            [-84.3409611888453, 33.7459004350217], 
            [-84.3409441889422, 33.7456454357988], 
            [-84.3409521893071, 33.7455274357276], 
            [-84.3416991888978, 33.7455334350786], 
            [-84.3419001892319, 33.7455344351175], 
            [-84.3421271889739, 33.7455364352017], 
            [-84.3431531898206, 33.7455524350056], 
            [-84.3432861896972, 33.7455544350934], 
            [-84.3443851903343, 33.7455714349409], 
            [-84.3447221897849, 33.7455764351601], 
            [-84.346546190792, 33.7456304348963], 
            [-84.3484311910277, 33.7455954350036]
          ]
        ]
      }, 
      "properties" : null
    }, 
    {
      "type" : "Feature", 
      "geometry" : 
      {
        "type" : "Polygon", 
        "coordinates" : 
        [
          [
            [-84.3491971922751, 33.7601934385982], 
            [-84.3491891919078, 33.7602674384296], 
            [-84.349208191974, 33.7618444386451], 
            [-84.3492031926424, 33.7618664387653], 
            [-84.3492231926868, 33.7621614389419], 
            [-84.3492231926893, 33.762207438375], 
            [-84.3492101922325, 33.7649634392547], 
            [-84.3492071920962, 33.765018439105], 
            [-84.3491921923174, 33.76535543943], 
            [-84.3491561924514, 33.765466439178], 
            [-84.3490731922107, 33.7657204392575], 
            [-84.3490481928707, 33.766125439136], 
            [-84.3490281929098, 33.7674004397506], 
            [-84.3490161923758, 33.7678304398876], 
            [-84.3490031926959, 33.7682824401446], 
            [-84.3490011926225, 33.768648440014], 
            [-84.3489991925504, 33.7690374400497], 
            [-84.3489991925638, 33.7692894400335], 
            [-84.3490011926808, 33.7697444404289], 
            [-84.3490021927411, 33.770004439884], 
            [-84.3489901931064, 33.7704344400209], 
            [-84.3489861929555, 33.7710874405964], 
            [-84.3489821928019, 33.7716884405615], 
            [-84.348978192649, 33.7723044403222], 
            [-84.34897719261, 33.7724434404667], 
            [-84.3489661930737, 33.7738504409012], 
            [-84.3489611928729, 33.7744364410707], 
            [-84.3489611928739, 33.7744554410516], 
            [-84.3489241929855, 33.7750174410097], 
            [-84.3489121933297, 33.7750494415934], 
            [-84.3487411926023, 33.7752964413518], 
            [-84.3486971932618, 33.7753594415743], 
            [-84.3484291925375, 33.7757514417588], 
            [-84.3483681924088, 33.7758274416848], 
            [-84.3483111924656, 33.7758994414254], 
            [-84.347985192648, 33.7763074414541], 
            [-84.3473171922708, 33.7771314418826], 
            [-84.3470581928576, 33.7774114422739], 
            [-84.3467731922393, 33.7777204422111], 
            [-84.3465771921468, 33.7778974423248], 
            [-84.345877192073, 33.7785294419531], 
            [-84.3456061920995, 33.7787444420315], 
            [-84.3455861920719, 33.7787684422447], 
            [-84.345368191859, 33.7789664424328], 
            [-84.3451781920477, 33.7791984423964], 
            [-84.3451011920771, 33.7792964424429], 
            [-84.3448861919938, 33.7793154424318], 
            [-84.3421521910205, 33.7791404425195], 
            [-84.3418341906516, 33.7791114420871], 
            [-84.339409190537, 33.7791184425014], 
            [-84.3384281899807, 33.7791214426767], 
            [-84.33777119003, 33.7783664427961], 
            [-84.3375081895288, 33.7785904423918], 
            [-84.3377601895484, 33.7789094427723], 
            [-84.3371721901432, 33.7789364422464], 
            [-84.3339241887192, 33.7791134424733], 
            [-84.3339821887089, 33.7790434428253], 
            [-84.3341411888807, 33.7788184422878], 
            [-84.334408188657, 33.7783844428555], 
            [-84.3345531890738, 33.7780724427845], 
            [-84.3338341889783, 33.7779634422579], 
            [-84.3334511882896, 33.7779074423757], 
            [-84.3334121882937, 33.7781934430368], 
            [-84.3334011886893, 33.7783204426257], 
            [-84.3333951884149, 33.7783964425497], 
            [-84.333330189003, 33.778530442465], 
            [-84.3330451883892, 33.7789214426038], 
            [-84.3327831888368, 33.7792034430879], 
            [-84.3327491881642, 33.7793124427431], 
            [-84.3328161885865, 33.7795224425773], 
            [-84.3320021885838, 33.7795004433868], 
            [-84.3298481875467, 33.7793534429515], 
            [-84.3299711876237, 33.7749374416037], 
            [-84.3298941875703, 33.773480441554], 
            [-84.329977186872, 33.77247944194], 
            [-84.3300581870356, 33.7725194410922], 
            [-84.3303761874141, 33.77272844177], 
            [-84.3306341877048, 33.7729084420058], 
            [-84.3311571877119, 33.7732734418095], 
            [-84.3313901877383, 33.7733874416864], 
            [-84.331687188008, 33.7729644418632], 
            [-84.3318841881422, 33.7726974411772], 
            [-84.3320361879928, 33.7725424411851], 
            [-84.3322311880397, 33.7723794417201], 
            [-84.332557187866, 33.7721344411492], 
            [-84.3327201882277, 33.7719914417126], 
            [-84.332861188469, 33.7718694414511], 
            [-84.3329951883844, 33.7717294412553], 
            [-84.3330341883905, 33.7716344413491], 
            [-84.3330381885177, 33.7705344407488], 
            [-84.3330261878805, 33.7690244409391], 
            [-84.3329911879734, 33.7674884399257], 
            [-84.333004187564, 33.7653574401229], 
            [-84.3330011873986, 33.7648644397657], 
            [-84.3329531877246, 33.7621434396104], 
            [-84.3322111874553, 33.7619244393843], 
            [-84.331428187082, 33.7617044391135], 
            [-84.3310481874273, 33.7615614387976], 
            [-84.3310921867572, 33.7613004392946], 
            [-84.3311051873562, 33.7612204391851], 
            [-84.3312221873921, 33.7612684387066], 
            [-84.3319001873928, 33.7615484390631], 
            [-84.3328791878763, 33.7619234393133], 
            [-84.3333011876806, 33.7620514389325], 
            [-84.3338121880181, 33.7621904390581], 
            [-84.3340561876523, 33.7622414396132], 
            [-84.3346121882764, 33.7623244389413], 
            [-84.334928188553, 33.7623634389378], 
            [-84.3353491883053, 33.7623864390885], 
            [-84.3357041885914, 33.7623934393996], 
            [-84.3359721884371, 33.7623904392507], 
            [-84.3362241884393, 33.7623824388707], 
            [-84.3365431888519, 33.7623594386926], 
            [-84.3368121887424, 33.7623284390451], 
            [-84.3374881886301, 33.7622284388837], 
            [-84.3386051891925, 33.7620474385506], 
            [-84.3386371888851, 33.762164438574], 
            [-84.3404511894097, 33.7618714384221], 
            [-84.3414221903933, 33.7617194385386], 
            [-84.3418481903724, 33.7616444386454], 
            [-84.342592190716, 33.7615144388903], 
            [-84.3434421905804, 33.7613474383163], 
            [-84.3439421903958, 33.7612654389954], 
            [-84.3449501912974, 33.7611074388326], 
            [-84.3451081914333, 33.7610814385215], 
            [-84.3458091915809, 33.7609674386099], 
            [-84.3465271916171, 33.7608344387167], 
            [-84.3475261920964, 33.7605874380282], 
            [-84.3479381914233, 33.7604644386096], 
            [-84.3483511916945, 33.7603164380329], 
            [-84.3490871925568, 33.760010438218], 
            [-84.3491861926519, 33.7599674380208], 
            [-84.3491871918032, 33.7600474381298], 
            [-84.3491971922751, 33.7601934385982]
          ]
        ]
      }, 
      "properties" : null
    }, 
    {
      "type" : "Feature", 
      "geometry" : 
      {
        "type" : "Polygon", 
        "coordinates" : 
        [
          [
            [-84.3122271813764, 33.7517114373081], 
            [-84.3112311810233, 33.7517124373913], 
            [-84.3112381804151, 33.7510774376495], 
            [-84.3112271807313, 33.7497084371774], 
            [-84.3112431805369, 33.7490014367975], 
            [-84.3112301808272, 33.7488934371904], 
            [-84.3112111808401, 33.7488034375181], 
            [-84.311208180671, 33.7482404366157], 
            [-84.3111751808888, 33.7473064365127], 
            [-84.3118151809105, 33.7473184370449], 
            [-84.312896180712, 33.7473294366152], 
            [-84.313466181082, 33.7473284365478], 
            [-84.3141381816881, 33.7473174369126], 
            [-84.3145141811499, 33.7473224371303], 
            [-84.3153861820439, 33.7473154367737], 
            [-84.3159241818284, 33.7473174368465], 
            [-84.3186081822715, 33.7473294364037], 
            [-84.3195931830138, 33.7473344365989], 
            [-84.3204511832588, 33.7473414368914], 
            [-84.3208521829813, 33.7473454361626], 
            [-84.3217781836838, 33.7473504363599], 
            [-84.3228691839491, 33.7473564365975], 
            [-84.3233061844429, 33.7473634360063], 
            [-84.3243201847325, 33.7473714363394], 
            [-84.3252541849071, 33.7473804367218], 
            [-84.3263001848834, 33.747399436664], 
            [-84.3272571852263, 33.7474154364705], 
            [-84.3285741851871, 33.7474234358931], 
            [-84.3286971854124, 33.7457934359146], 
            [-84.3287201855667, 33.7455354356519], 
            [-84.3287501851265, 33.7449004359092], 
            [-84.3287481859249, 33.7447484360618], 
            [-84.3287431856907, 33.7447064359148], 
            [-84.3287281858912, 33.7446554353512], 
            [-84.328337185676, 33.743569435414], 
            [-84.3280021853486, 33.7422414350548], 
            [-84.3279161849379, 33.7419164352894], 
            [-84.3278091853503, 33.7415704345518], 
            [-84.3273391850783, 33.7407084351027], 
            [-84.3271961847231, 33.7404324349117], 
            [-84.3271341845358, 33.7402764348811], 
            [-84.3271161845956, 33.740197434819], 
            [-84.32710818512, 33.7401274342742], 
            [-84.3271081851037, 33.7398204344403], 
            [-84.327659184589, 33.7397624344307], 
            [-84.3281811854286, 33.7397444344768], 
            [-84.32959618552, 33.7412534350877], 
            [-84.3301181854892, 33.7417784351097], 
            [-84.3308151863908, 33.742421435196], 
            [-84.3314381865537, 33.743013434721], 
            [-84.331688186474, 33.7432114348917], 
            [-84.3319121860879, 33.7434234348128], 
            [-84.3320691861844, 33.7435294352212], 
            [-84.3324071865944, 33.7437904356095], 
            [-84.3330031863922, 33.7441654349745], 
            [-84.333347187077, 33.7443564357168], 
            [-84.3338571873731, 33.7445904357472], 
            [-84.3342641873816, 33.7447364353016], 
            [-84.3348721868284, 33.7449514353474], 
            [-84.3358671871494, 33.7452204351826], 
            [-84.3364321872948, 33.7453604353526], 
            [-84.3369171882207, 33.7454274357408], 
            [-84.3381831885173, 33.7455184354132], 
            [-84.338370188202, 33.7455264357769], 
            [-84.3385171887285, 33.7455324351501], 
            [-84.3386291885299, 33.7455324351459], 
            [-84.3388441886142, 33.7455324351379], 
            [-84.3392361888173, 33.7455144351889], 
            [-84.3397251890261, 33.745518435356], 
            [-84.3398241891234, 33.7455184353524], 
            [-84.3409521893071, 33.7455274357276], 
            [-84.3409441889422, 33.7456454357988], 
            [-84.3409611888453, 33.7459004350217], 
            [-84.3409481891452, 33.7459744357525], 
            [-84.3409481891504, 33.7460704357036], 
            [-84.3409551894768, 33.7461004352945], 
            [-84.3410071891943, 33.7461484357178], 
            [-84.3410381888351, 33.7461644355586], 
            [-84.3411021891079, 33.7461804353982], 
            [-84.3412021892518, 33.7461824354871], 
            [-84.3417021890708, 33.7461694357657], 
            [-84.3419201892944, 33.7461714358502], 
            [-84.3418771891712, 33.7475564361661], 
            [-84.3397001888729, 33.7475454357372], 
            [-84.3385831883004, 33.7475394355006], 
            [-84.3371211879057, 33.7475194355274], 
            [-84.3371921885064, 33.7475944363016], 
            [-84.338053188037, 33.7484634360604], 
            [-84.3382931883828, 33.7484764357545], 
            [-84.3389221888282, 33.7491444361023], 
            [-84.3391131887107, 33.7493804362371], 
            [-84.3393261887204, 33.749721436739], 
            [-84.3394661889389, 33.7500464365024], 
            [-84.3396061891378, 33.7499994361184], 
            [-84.339615188695, 33.7507334368489], 
            [-84.3396561889427, 33.7534404372553], 
            [-84.3390331888109, 33.7534354370467], 
            [-84.3386471888852, 33.753432436922], 
            [-84.3375741885559, 33.7534254375368], 
            [-84.3359481877451, 33.7534004373381], 
            [-84.3346701877948, 33.7533804373582], 
            [-84.3343831880088, 33.7541754373285], 
            [-84.3342701872819, 33.7545534377581], 
            [-84.3340561872653, 33.7549574375973], 
            [-84.3339751871091, 33.755055437644], 
            [-84.3336511873873, 33.7555204376154], 
            [-84.333390186974, 33.7556524374453], 
            [-84.3331971870155, 33.7557334376078], 
            [-84.333000186871, 33.7558064373999], 
            [-84.3327971873468, 33.7558684375819], 
            [-84.332649186776, 33.7559024382632], 
            [-84.3324371868328, 33.7559384381403], 
            [-84.332223186796, 33.7559594382218], 
            [-84.332008186712, 33.7559664376548], 
            [-84.3317921865808, 33.7559594382378], 
            [-84.3315781865417, 33.7559374381258], 
            [-84.3314721870179, 33.7559204382414], 
            [-84.3312621871633, 33.7558774380557], 
            [-84.3308781864256, 33.7557704376093], 
            [-84.3305451862528, 33.7556084382102], 
            [-84.3303221866929, 33.755540437766], 
            [-84.3296371863643, 33.7552004382272], 
            [-84.329204186045, 33.7549864382213], 
            [-84.3291641862031, 33.7590474384081], 
            [-84.3291551867382, 33.760052439104], 
            [-84.3291361867634, 33.7601954385352], 
            [-84.3291241862111, 33.7602804388764], 
            [-84.3291191859811, 33.7603194388848], 
            [-84.3291131866046, 33.7603674393101], 
            [-84.3291001860063, 33.7604614391689], 
            [-84.3289141863651, 33.7604004390477], 
            [-84.328535185859, 33.7602864391761], 
            [-84.3281761862827, 33.7602054390341], 
            [-84.3278551857729, 33.7601444389178], 
            [-84.3274521859543, 33.7600804386656], 
            [-84.3271081861775, 33.7600504390872], 
            [-84.3267431854265, 33.7600264388881], 
            [-84.3266331857178, 33.7600234387532], 
            [-84.3265051860732, 33.7600214386653], 
            [-84.3263051857854, 33.7600164393403], 
            [-84.325911185489, 33.7600264389189], 
            [-84.3258251850959, 33.7600334392465], 
            [-84.3256141851982, 33.7600524392352], 
            [-84.324999185443, 33.760148439209], 
            [-84.3245471851581, 33.7602504394547], 
            [-84.3240551848183, 33.7604004392278], 
            [-84.3236011844437, 33.7605594394164], 
            [-84.3232891843615, 33.7606884391092], 
            [-84.3231301850807, 33.7607544394749], 
            [-84.322697184783, 33.7609484394856], 
            [-84.3222521848307, 33.7611954392543], 
            [-84.3196771841286, 33.76266944019], 
            [-84.3182561838823, 33.7634894404612], 
            [-84.3172241827901, 33.7640954397967], 
            [-84.3169751829363, 33.7642784401903], 
            [-84.3165931832114, 33.7645624398722], 
            [-84.3164101828201, 33.7646884403206], 
            [-84.3163301827082, 33.7647494404517], 
            [-84.3161781828562, 33.7648774400922], 
            [-84.3161071831624, 33.7649454405473], 
            [-84.316085183042, 33.7649684407143], 
            [-84.3157431824653, 33.7650624405853], 
            [-84.3154971827446, 33.7651294401012], 
            [-84.3146061827759, 33.7652934405377], 
            [-84.3137381820717, 33.7653784409105], 
            [-84.3126531820875, 33.7654224402913], 
            [-84.3126011814638, 33.7652484403258], 
            [-84.312569181772, 33.7651434408583], 
            [-84.3125611822977, 33.7650984405725], 
            [-84.312557182111, 33.7650784405453], 
            [-84.3125301817495, 33.7649294408379], 
            [-84.3123961817686, 33.7638374406131], 
            [-84.3124261812173, 33.761111439324], 
            [-84.3123331811742, 33.7568904389239], 
            [-84.3119731814624, 33.7551314383828], 
            [-84.3117391814193, 33.75557743837], 
            [-84.3115971811237, 33.7555484388303], 
            [-84.3104471808062, 33.7553104386384], 
            [-84.3104471808059, 33.7553064384531], 
            [-84.3103891807962, 33.7550004386676], 
            [-84.3103421804065, 33.7548604384784], 
            [-84.3102591810436, 33.7547124388193], 
            [-84.3100041808825, 33.754349438199], 
            [-84.309832180085, 33.7541514380253], 
            [-84.309794180118, 33.7541084387326], 
            [-84.3097751801328, 33.7540544380301], 
            [-84.309774180084, 33.7540094386433], 
            [-84.3112471809244, 33.7528064377131], 
            [-84.3122271813764, 33.7517114373081]
          ]
        ]
      }, 
      "properties" : null
    }, 
    {
      "type" : "Feature", 
      "geometry" : 
      {
        "type" : "Polygon", 
        "coordinates" : 
        [
          [
            [-84.3169751829363, 33.7642784401903], 
            [-84.3172241827901, 33.7640954397967], 
            [-84.3182561838823, 33.7634894404612], 
            [-84.3196771841286, 33.76266944019], 
            [-84.3222521848307, 33.7611954392543], 
            [-84.322697184783, 33.7609484394856], 
            [-84.3231301850807, 33.7607544394749], 
            [-84.3232891843615, 33.7606884391092], 
            [-84.3236011844437, 33.7605594394164], 
            [-84.3240551848183, 33.7604004392278], 
            [-84.3245471851581, 33.7602504394547], 
            [-84.324999185443, 33.760148439209], 
            [-84.3256141851982, 33.7600524392352], 
            [-84.3258251850959, 33.7600334392465], 
            [-84.325911185489, 33.7600264389189], 
            [-84.3263051857854, 33.7600164393403], 
            [-84.3265051860732, 33.7600214386653], 
            [-84.3266331857178, 33.7600234387532], 
            [-84.3267431854265, 33.7600264388881], 
            [-84.3271081861775, 33.7600504390872], 
            [-84.3274521859543, 33.7600804386656], 
            [-84.3278551857729, 33.7601444389178], 
            [-84.3281761862827, 33.7602054390341], 
            [-84.328535185859, 33.7602864391761], 
            [-84.3289141863651, 33.7604004390477], 
            [-84.3291001860063, 33.7604614391689], 
            [-84.3292831864075, 33.7605204391977], 
            [-84.3295911863168, 33.7606324389792], 
            [-84.3302451870013, 33.7608924393094], 
            [-84.3311051873562, 33.7612204391851], 
            [-84.3310921867572, 33.7613004392946], 
            [-84.3310481874273, 33.7615614387976], 
            [-84.331428187082, 33.7617044391135], 
            [-84.3322111874553, 33.7619244393843], 
            [-84.3329531877246, 33.7621434396104], 
            [-84.3330011873986, 33.7648644397657], 
            [-84.333004187564, 33.7653574401229], 
            [-84.3329911879734, 33.7674884399257], 
            [-84.3330261878805, 33.7690244409391], 
            [-84.3330381885177, 33.7705344407488], 
            [-84.3330341883905, 33.7716344413491], 
            [-84.3329951883844, 33.7717294412553], 
            [-84.332861188469, 33.7718694414511], 
            [-84.3327201882277, 33.7719914417126], 
            [-84.332557187866, 33.7721344411492], 
            [-84.3322311880397, 33.7723794417201], 
            [-84.3320361879928, 33.7725424411851], 
            [-84.3318841881422, 33.7726974411772], 
            [-84.331687188008, 33.7729644418632], 
            [-84.3313901877383, 33.7733874416864], 
            [-84.3311571877119, 33.7732734418095], 
            [-84.3306341877048, 33.7729084420058], 
            [-84.3314661875873, 33.7718744417345], 
            [-84.3305281872295, 33.7719114416848], 
            [-84.3291981866648, 33.7718924417532], 
            [-84.3291371874061, 33.7714154412402], 
            [-84.3286161866299, 33.7717554417229], 
            [-84.3283761869747, 33.7678154408574], 
            [-84.3269241861311, 33.7675414408075], 
            [-84.3269331866367, 33.7691964410398], 
            [-84.3255381857558, 33.7692184412114], 
            [-84.3246191853725, 33.7691054414062], 
            [-84.3229441849872, 33.769108440708], 
            [-84.3229141853105, 33.7675414409561], 
            [-84.3207091846102, 33.767497440798], 
            [-84.3200151838823, 33.7675044411481], 
            [-84.3200151838624, 33.7671294408616], 
            [-84.3194421842517, 33.7671144410873], 
            [-84.319112184196, 33.7665364404015], 
            [-84.3190231836311, 33.7659304402081], 
            [-84.3169991832376, 33.7659154404876], 
            [-84.3170001832687, 33.7656264405882], 
            [-84.316987183513, 33.76465244043], 
            [-84.3163841834227, 33.7648854404552], 
            [-84.316085183042, 33.7649684407143], 
            [-84.3161071831624, 33.7649454405473], 
            [-84.3161781828562, 33.7648774400922], 
            [-84.3163301827082, 33.7647494404517], 
            [-84.3164101828201, 33.7646884403206], 
            [-84.3165931832114, 33.7645624398722], 
            [-84.3169751829363, 33.7642784401903]
          ]
        ]
      }, 
      "properties" : null
    }, 
    {
      "type" : "Feature", 
      "geometry" : 
      {
        "type" : "Polygon", 
        "coordinates" : 
        [
          [
            [-84.3641961941584, 33.7120734272989], 
            [-84.3631681940854, 33.7114364275027], 
            [-84.3614941927921, 33.7103944269534], 
            [-84.3606401927009, 33.7097844266029], 
            [-84.3620261931114, 33.7087704263383], 
            [-84.3646171936466, 33.7071104266771], 
            [-84.3669191942215, 33.7047074258787], 
            [-84.3672851941526, 33.7053564253561], 
            [-84.3676601945097, 33.7061634258579], 
            [-84.3678531944919, 33.7065294257203], 
            [-84.3680361949049, 33.7068114261879], 
            [-84.3682281948352, 33.7070764258677], 
            [-84.3686301946269, 33.707511426221], 
            [-84.3686501946561, 33.7075184265446], 
            [-84.3689311951197, 33.707793425785], 
            [-84.3693301956643, 33.7080924261329], 
            [-84.3694681948781, 33.7081794265612], 
            [-84.3699901957385, 33.708554425929], 
            [-84.3701781954739, 33.7086434264481], 
            [-84.3710001958642, 33.708976426557], 
            [-84.371434196226, 33.7091184268244], 
            [-84.3717581959788, 33.7092394261231], 
            [-84.3719571962236, 33.7093074265681], 
            [-84.3737851965483, 33.7099564268907], 
            [-84.374537197284, 33.710222426596], 
            [-84.3750361970685, 33.7104344265069], 
            [-84.3753701972896, 33.7106364268599], 
            [-84.3758511971457, 33.7109894270085], 
            [-84.3762261974782, 33.7113334267442], 
            [-84.3764301970648, 33.7115724270175], 
            [-84.3766111973812, 33.7117844269402], 
            [-84.3768251974398, 33.7121734269679], 
            [-84.3771431978415, 33.7128224273464], 
            [-84.3772321974845, 33.7130034267355], 
            [-84.3776931982434, 33.7139674273133], 
            [-84.3781281977914, 33.714848427644], 
            [-84.3783981986561, 33.7153524276016], 
            [-84.3785431982035, 33.7156064276728], 
            [-84.3786321987437, 33.7157474279067], 
            [-84.3790721985081, 33.7163324280134], 
            [-84.3792121987189, 33.7165124273544], 
            [-84.3794621986449, 33.7168174279858], 
            [-84.3798841984718, 33.7173744276953], 
            [-84.3801931993424, 33.7177814276542], 
            [-84.3809301994149, 33.7186674282053], 
            [-84.3814801997889, 33.7192864280845], 
            [-84.3816521996854, 33.7194534286206], 
            [-84.3817811993826, 33.7195724278338], 
            [-84.3822221991797, 33.7198984285317], 
            [-84.3824301998459, 33.7200384287149], 
            [-84.3824821995627, 33.7200724284895], 
            [-84.3828992000395, 33.7202984281527], 
            [-84.3830531999944, 33.7203614283677], 
            [-84.3833351995966, 33.7204764282892], 
            [-84.384822200275, 33.720929428537], 
            [-84.3880662015702, 33.7218354281232], 
            [-84.387920201091, 33.7218454285919], 
            [-84.3878062011984, 33.721874428141], 
            [-84.3868692009081, 33.7223044283123], 
            [-84.3850572005093, 33.7232154292167], 
            [-84.3837872000617, 33.7237744290815], 
            [-84.3836512000486, 33.7238234286587], 
            [-84.3835832004915, 33.7238434286885], 
            [-84.3829511999525, 33.724031429328], 
            [-84.3826991999534, 33.7240984288441], 
            [-84.3824671999824, 33.7241534296021], 
            [-84.3822641995578, 33.7241934296642], 
            [-84.3821441993858, 33.7242054293253], 
            [-84.3820181998351, 33.7242244293109], 
            [-84.3815171999715, 33.7242694296156], 
            [-84.3809501997421, 33.7242944289962], 
            [-84.3797701989444, 33.7242894297075], 
            [-84.3789211991173, 33.7242854295537], 
            [-84.3785891989998, 33.7242874296586], 
            [-84.3779171983933, 33.7242914289695], 
            [-84.3767681981344, 33.7242784293091], 
            [-84.3765891979222, 33.7242814294547], 
            [-84.37637919807, 33.7242844296015], 
            [-84.3757201980662, 33.7242754292089], 
            [-84.3754241978205, 33.7242774293125], 
            [-84.3753281978624, 33.7242774293161], 
            [-84.3751791981432, 33.7242854296923], 
            [-84.3750521976467, 33.7243014295389], 
            [-84.3748441978881, 33.7243204295276], 
            [-84.3744871975126, 33.7243734292983], 
            [-84.3739561971594, 33.7244824298712], 
            [-84.3734131971516, 33.7246434292565], 
            [-84.3721251967613, 33.7250754295334], 
            [-84.3713651965811, 33.725326429499], 
            [-84.3707591963498, 33.7255264297942], 
            [-84.369486196654, 33.7259264303866], 
            [-84.368425196, 33.7262534302871], 
            [-84.3684311962548, 33.7258104304474], 
            [-84.3684481960838, 33.7246674296529], 
            [-84.3684651959068, 33.7234124299647], 
            [-84.3684751954294, 33.7226174291053], 
            [-84.3684841958093, 33.7219054293934], 
            [-84.368511196062, 33.7200024284616], 
            [-84.3685341952405, 33.718302428841], 
            [-84.3685511959665, 33.717116427853], 
            [-84.3685621955358, 33.7163274281708], 
            [-84.3685681957906, 33.715881428192], 
            [-84.3685791953597, 33.7150884274252], 
            [-84.3685851956146, 33.7146434274928], 
            [-84.3685951951399, 33.7139004272439], 
            [-84.3686131950718, 33.7138234272731], 
            [-84.36848119524, 33.7137914275941], 
            [-84.3667251946642, 33.7132394272662], 
            [-84.3660071946086, 33.7130044271972], 
            [-84.3653821943706, 33.7127444277652], 
            [-84.3648371942465, 33.7124634273573], 
            [-84.3641961941584, 33.7120734272989]
          ]
        ]
      }, 
      "properties" : null
    }, 
    {
      "type" : "Feature", 
      "geometry" : 
      {
        "type" : "Polygon", 
        "coordinates" : 
        [
          [
            [-84.3620261931114, 33.7087704263383], 
            [-84.3606401927009, 33.7097844266029], 
            [-84.3595951927316, 33.7090204272187], 
            [-84.3595111924277, 33.7089594270937], 
            [-84.3591311927659, 33.7086814268186], 
            [-84.3587671920472, 33.70839042684], 
            [-84.3583051921704, 33.7079774266088], 
            [-84.3569061919259, 33.7065344263568], 
            [-84.3565971910614, 33.7062424263299], 
            [-84.3563451910477, 33.7060334265489], 
            [-84.3560791912844, 33.7058374264713], 
            [-84.3553161909257, 33.7053484263275], 
            [-84.355036191441, 33.705700426458], 
            [-84.354889190922, 33.7058354264227], 
            [-84.3547741909854, 33.7059094262581], 
            [-84.3546481905377, 33.7059704263909], 
            [-84.3545131905707, 33.706015426682], 
            [-84.3543901911597, 33.7060424261388], 
            [-84.3541911909194, 33.7060584259881], 
            [-84.3540101906134, 33.7060454262919], 
            [-84.3530451907886, 33.7058384266299], 
            [-84.3528261905172, 33.7058094261937], 
            [-84.3526171907107, 33.7057984265911], 
            [-84.3523701900411, 33.7058064260716], 
            [-84.3521081904755, 33.7058384266645], 
            [-84.3513431900596, 33.7060214261778], 
            [-84.3512201897481, 33.7060264264141], 
            [-84.3510991895283, 33.7060104265766], 
            [-84.3510031895685, 33.7059814261359], 
            [-84.350914189933, 33.7059394268914], 
            [-84.3508361899079, 33.7058844261447], 
            [-84.3507701895397, 33.705819426733], 
            [-84.3507181898208, 33.7057454260045], 
            [-84.350683189991, 33.7056654267961], 
            [-84.3506631899541, 33.7055124260036], 
            [-84.3506871901622, 33.7053944259318], 
            [-84.3507441901036, 33.7052854262757], 
            [-84.3510121899353, 33.7050194265327], 
            [-84.351122189635, 33.7048544260788], 
            [-84.3511801896181, 33.7046584259893], 
            [-84.3511821896978, 33.7044094261443], 
            [-84.3498371893376, 33.7044114262867], 
            [-84.3498301890158, 33.7044674261835], 
            [-84.3497421894323, 33.7045344265928], 
            [-84.3496781891629, 33.7045814260747], 
            [-84.3496291895901, 33.7046384260194], 
            [-84.349504189189, 33.7047034263375], 
            [-84.3495041891735, 33.7044124263454], 
            [-84.3495041891584, 33.7041264265849], 
            [-84.3495061892168, 33.703475426102], 
            [-84.3494811888397, 33.7012774258938], 
            [-84.3494841889565, 33.7008544251821], 
            [-84.3494911892692, 33.7006254253642], 
            [-84.3494881891281, 33.7005894254951], 
            [-84.3494931893198, 33.6998274252654], 
            [-84.3495121892603, 33.6990364254902], 
            [-84.3495201887159, 33.6987274246639], 
            [-84.3495271890296, 33.6985164247806], 
            [-84.349550189179, 33.6981654247059], 
            [-84.3496141894, 33.6972034251005], 
            [-84.3495851888645, 33.6955194244242], 
            [-84.3495821887144, 33.6953134238737], 
            [-84.3494171890068, 33.6925764238801], 
            [-84.3497251889183, 33.6927304238089], 
            [-84.3505431891283, 33.6931654241469], 
            [-84.3526091897222, 33.6941334239515], 
            [-84.3547051899121, 33.6951504242265], 
            [-84.3557211903186, 33.6956164241948], 
            [-84.3563871906629, 33.6959224239579], 
            [-84.3567961907667, 33.6961174239839], 
            [-84.3571681909526, 33.6963194243354], 
            [-84.358184191361, 33.6968224242193], 
            [-84.3585161914871, 33.6969824244252], 
            [-84.3587231912055, 33.6970824245539], 
            [-84.3591251918846, 33.6972924243757], 
            [-84.3591281920239, 33.6972934244219], 
            [-84.3594271915185, 33.697463424193], 
            [-84.3597561915094, 33.6976974242301], 
            [-84.3598541915648, 33.6977814245209], 
            [-84.3602731921415, 33.6981444242358], 
            [-84.3604201917764, 33.6982954249309], 
            [-84.361303192327, 33.6991524250326], 
            [-84.3618891925737, 33.6997864247062], 
            [-84.3620931930579, 33.6999944244427], 
            [-84.3626401932904, 33.7005714250743], 
            [-84.3634481930537, 33.7013324252276], 
            [-84.3635641930466, 33.701446425109], 
            [-84.3636491933988, 33.7015434251032], 
            [-84.3637381930391, 33.7016734248275], 
            [-84.3638481936541, 33.7018084247827], 
            [-84.3638541930336, 33.701816425153], 
            [-84.3645861937562, 33.7023794251292], 
            [-84.3650291936458, 33.7026994255491], 
            [-84.3654791938597, 33.7030114255981], 
            [-84.3658101939464, 33.7033034256243], 
            [-84.3660841940847, 33.7035694253473], 
            [-84.3665271939847, 33.7040864259009], 
            [-84.3668671945015, 33.7046144251693], 
            [-84.3669191942215, 33.7047074258787], 
            [-84.3646171936466, 33.7071104266771], 
            [-84.3620261931114, 33.7087704263383]
          ]
        ]
      }, 
      "properties" : null
    }, 
    {
      "type" : "Feature", 
      "geometry" : 
      {
        "type" : "Polygon", 
        "coordinates" : 
        [
          [
            [-84.3667251946642, 33.7132394272662], 
            [-84.36848119524, 33.7137914275941], 
            [-84.3686131950718, 33.7138234272731], 
            [-84.3685951951399, 33.7139004272439], 
            [-84.3685851956146, 33.7146434274928], 
            [-84.3685791953597, 33.7150884274252], 
            [-84.3685681957906, 33.715881428192], 
            [-84.3685621955358, 33.7163274281708], 
            [-84.3685511959665, 33.717116427853], 
            [-84.3685341952405, 33.718302428841], 
            [-84.368511196062, 33.7200024284616], 
            [-84.3684841958093, 33.7219054293934], 
            [-84.3684751954294, 33.7226174291053], 
            [-84.3684651959068, 33.7234124299647], 
            [-84.3684481960838, 33.7246674296529], 
            [-84.3684311962548, 33.7258104304474], 
            [-84.368425196, 33.7262534302871], 
            [-84.368226195762, 33.7263144304226], 
            [-84.367923196095, 33.7263944305429], 
            [-84.3678331955176, 33.7264274302765], 
            [-84.3671861960812, 33.7266174301098], 
            [-84.3667591951599, 33.7267574303165], 
            [-84.3663631956771, 33.7268994306147], 
            [-84.3662441955532, 33.7269424308126], 
            [-84.3657241948168, 33.7271564308538], 
            [-84.3655841955183, 33.7272214302731], 
            [-84.3653591949755, 33.7273254306031], 
            [-84.3652941955577, 33.7273484307718], 
            [-84.3647881945738, 33.727602430867], 
            [-84.3646261951555, 33.7277024310093], 
            [-84.3640131946113, 33.7281274309369], 
            [-84.3638041948143, 33.7282954306341], 
            [-84.3633561946708, 33.7275624308655], 
            [-84.3632991947207, 33.7275034308321], 
            [-84.3632211946964, 33.7274644308268], 
            [-84.3624571943113, 33.7273534302091], 
            [-84.3620221939073, 33.7272904309038], 
            [-84.3611211943587, 33.7271664305882], 
            [-84.3607511933744, 33.7271154309371], 
            [-84.3606781935836, 33.7271054304765], 
            [-84.3595411938737, 33.7269474303931], 
            [-84.3583941928005, 33.7267874311167], 
            [-84.357901193302, 33.7267184306362], 
            [-84.3572301927368, 33.7266244308027], 
            [-84.3569641929818, 33.726587430897], 
            [-84.3561491920287, 33.7264744310879], 
            [-84.3558571919664, 33.7264334309978], 
            [-84.3541011914067, 33.726188430504], 
            [-84.3539751918534, 33.7261564308247], 
            [-84.3538791918928, 33.7261114305421], 
            [-84.3537961916354, 33.7260514304634], 
            [-84.3530321912168, 33.7253084302431], 
            [-84.3527121916399, 33.7250054306063], 
            [-84.3525901913703, 33.7249244304554], 
            [-84.3524551913975, 33.7248594301469], 
            [-84.3521271914598, 33.7247524305978], 
            [-84.3508651904358, 33.7244014305706], 
            [-84.3494381907456, 33.7239984308384], 
            [-84.3494301903646, 33.7238154304543], 
            [-84.3494291903166, 33.7237854299638], 
            [-84.3494311904008, 33.7236224305059], 
            [-84.3494531904434, 33.7221314297764], 
            [-84.3494541904856, 33.7220534297599], 
            [-84.349454190484, 33.722021430076], 
            [-84.3494541904825, 33.7219944297244], 
            [-84.3494551905264, 33.7219464301985], 
            [-84.3494561905708, 33.7219084302366], 
            [-84.3494571906121, 33.7218134303319], 
            [-84.3494601898278, 33.7213554297973], 
            [-84.3494631899335, 33.7207234292952], 
            [-84.3494701901896, 33.7194264294602], 
            [-84.3494801896976, 33.71835642935], 
            [-84.3494841898461, 33.7176564292948], 
            [-84.3494991895627, 33.7161434284455], 
            [-84.3495001896035, 33.7160364288841], 
            [-84.3495011896451, 33.715947428358], 
            [-84.3495021896882, 33.7158834289902], 
            [-84.3495041897707, 33.7156894289954], 
            [-84.3495051898097, 33.7155494288045], 
            [-84.3495051898093, 33.7155414284339], 
            [-84.3495051898092, 33.7155394283412], 
            [-84.3495121900622, 33.714184428517], 
            [-84.3495151899413, 33.7092724275754], 
            [-84.3495171899843, 33.7083334272393], 
            [-84.349504189189, 33.7047034263375], 
            [-84.3496291895901, 33.7046384260194], 
            [-84.3496781891629, 33.7045814260747], 
            [-84.3497421894323, 33.7045344265928], 
            [-84.3498301890158, 33.7044674261835], 
            [-84.3498371893376, 33.7044114262867], 
            [-84.3511821896978, 33.7044094261443], 
            [-84.3511801896181, 33.7046584259893], 
            [-84.351122189635, 33.7048544260788], 
            [-84.3510121899353, 33.7050194265327], 
            [-84.3507441901036, 33.7052854262757], 
            [-84.3506871901622, 33.7053944259318], 
            [-84.3506631899541, 33.7055124260036], 
            [-84.350683189991, 33.7056654267961], 
            [-84.3507181898208, 33.7057454260045], 
            [-84.3507701895397, 33.705819426733], 
            [-84.3508361899079, 33.7058844261447], 
            [-84.350914189933, 33.7059394268914], 
            [-84.3510031895685, 33.7059814261359], 
            [-84.3510991895283, 33.7060104265766], 
            [-84.3512201897481, 33.7060264264141], 
            [-84.3513431900596, 33.7060214261778], 
            [-84.3521081904755, 33.7058384266645], 
            [-84.3523701900411, 33.7058064260716], 
            [-84.3526171907107, 33.7057984265911], 
            [-84.3528261905172, 33.7058094261937], 
            [-84.3530451907886, 33.7058384266299], 
            [-84.3540101906134, 33.7060454262919], 
            [-84.3541911909194, 33.7060584259881], 
            [-84.3543901911597, 33.7060424261388], 
            [-84.3545131905707, 33.706015426682], 
            [-84.3546481905377, 33.7059704263909], 
            [-84.3547741909854, 33.7059094262581], 
            [-84.354889190922, 33.7058354264227], 
            [-84.355036191441, 33.705700426458], 
            [-84.3553161909257, 33.7053484263275], 
            [-84.3560791912844, 33.7058374264713], 
            [-84.3563451910477, 33.7060334265489], 
            [-84.3565971910614, 33.7062424263299], 
            [-84.3569061919259, 33.7065344263568], 
            [-84.3583051921704, 33.7079774266088], 
            [-84.3587671920472, 33.70839042684], 
            [-84.3591311927659, 33.7086814268186], 
            [-84.3595111924277, 33.7089594270937], 
            [-84.3595951927316, 33.7090204272187], 
            [-84.3606401927009, 33.7097844266029], 
            [-84.3614941927921, 33.7103944269534], 
            [-84.3631681940854, 33.7114364275027], 
            [-84.3641961941584, 33.7120734272989], 
            [-84.3648371942465, 33.7124634273573], 
            [-84.3653821943706, 33.7127444277652], 
            [-84.3660071946086, 33.7130044271972], 
            [-84.3667251946642, 33.7132394272662]
          ]
        ]
      }, 
      "properties" : null
    }, 
    {
      "type" : "Feature", 
      "geometry" : 
      {
        "type" : "Polygon", 
        "coordinates" : 
        [
          [
            [-84.3806992010134, 33.7474194346755], 
            [-84.3814962011259, 33.7474314343026], 
            [-84.3821872008161, 33.7474424338873], 
            [-84.3822792014886, 33.7474544344398], 
            [-84.3835972015142, 33.7478104337971], 
            [-84.3838242012584, 33.7478544340285], 
            [-84.3840012013794, 33.7478814343735], 
            [-84.38431420152, 33.7479804344518], 
            [-84.3849452020333, 33.7481794346548], 
            [-84.3849942016097, 33.7481914343096], 
            [-84.3853762022556, 33.7483154346443], 
            [-84.3847372022928, 33.7485374341613], 
            [-84.3846762021615, 33.7485634344688], 
            [-84.3841062018045, 33.7488084341494], 
            [-84.3838782020224, 33.7489244341361], 
            [-84.383750201483, 33.7490064343426], 
            [-84.3834972014308, 33.7489474343165], 
            [-84.383317201171, 33.7489294343886], 
            [-84.3831572018394, 33.7489134345526], 
            [-84.3827312009554, 33.7488834340778], 
            [-84.3825142016781, 33.7488924345028], 
            [-84.3821222014705, 33.7488224348716], 
            [-84.3820432014011, 33.7488084342259], 
            [-84.3816442008689, 33.7487454349193], 
            [-84.3812022010409, 33.7487104342135], 
            [-84.3807882007145, 33.7486934343405], 
            [-84.3807662005929, 33.748692434295], 
            [-84.3807022003209, 33.7486924342974], 
            [-84.3804802008111, 33.7486924343056], 
            [-84.3801472006471, 33.7486934343643], 
            [-84.3795482007324, 33.748739434719], 
            [-84.3795452006017, 33.7488984348909], 
            [-84.3790512001634, 33.7489414342034], 
            [-84.3788392002198, 33.7489704346555], 
            [-84.3784082000088, 33.7490464345952], 
            [-84.3776841996949, 33.7491924350908], 
            [-84.3769491997721, 33.7493784347422], 
            [-84.3766401998271, 33.7494674352797], 
            [-84.3762981992508, 33.7495704346683], 
            [-84.3750971992968, 33.7499324352963], 
            [-84.3741321986009, 33.7502594351932], 
            [-84.3733521983936, 33.7505394356039], 
            [-84.3721741986085, 33.7509224354052], 
            [-84.3709801980802, 33.7512904354116], 
            [-84.3709411980645, 33.751204435026], 
            [-84.3708901983898, 33.7510894350959], 
            [-84.3701391976491, 33.7498574356027], 
            [-84.3698601972703, 33.7494314347624], 
            [-84.3697871974741, 33.7493204350185], 
            [-84.3696041979669, 33.7491614348536], 
            [-84.3687941972145, 33.748459434736], 
            [-84.3686691968044, 33.7483554353183], 
            [-84.3681691969653, 33.7479894345681], 
            [-84.3681051966886, 33.7478984348511], 
            [-84.3680811973684, 33.7478014348546], 
            [-84.3681091968112, 33.7467114347167], 
            [-84.3674281966864, 33.7467144348809], 
            [-84.3667201962075, 33.7467054344902], 
            [-84.3657051958714, 33.7466924348248], 
            [-84.3652241960337, 33.7466864345647], 
            [-84.3646781958777, 33.7466794342606], 
            [-84.3637541952679, 33.7466684346846], 
            [-84.3637661957905, 33.7460244345256], 
            [-84.3637771953706, 33.7454404344486], 
            [-84.3637871958028, 33.7448404345296], 
            [-84.3637981953828, 33.7442544343598], 
            [-84.3652571956378, 33.7442644338697], 
            [-84.3667281964495, 33.7442744342785], 
            [-84.3667341967098, 33.7439324337221], 
            [-84.3667581960194, 33.7438284342989], 
            [-84.3666131964852, 33.7438264342116], 
            [-84.3652551964178, 33.7437674342265], 
            [-84.3646571956457, 33.7437264341477], 
            [-84.3643701958139, 33.7436564345126], 
            [-84.3628901954839, 33.7436504342895], 
            [-84.3625981954237, 33.7436494342539], 
            [-84.3600631946995, 33.743617434664], 
            [-84.3588901942223, 33.7435324343668], 
            [-84.3583861942205, 33.7435984338459], 
            [-84.3582211937595, 33.7436204339719], 
            [-84.3582261939839, 33.7434764344949], 
            [-84.3582081940472, 33.7434624338469], 
            [-84.3582001936479, 33.7429344345663], 
            [-84.3582011936538, 33.7421704342442], 
            [-84.3582041936929, 33.7402844332018], 
            [-84.3582051937119, 33.7397684335775], 
            [-84.3582741933165, 33.7397694336213], 
            [-84.3583141933591, 33.7394874331454], 
            [-84.358654193787, 33.7383364328676], 
            [-84.3589491939373, 33.7374114331695], 
            [-84.3589921941267, 33.737274433116], 
            [-84.3592791939138, 33.7365014323663], 
            [-84.3597701941458, 33.7351934320039], 
            [-84.3598661940904, 33.7349374327305], 
            [-84.3602641936069, 33.7336834321752], 
            [-84.3605511942882, 33.7328124322812], 
            [-84.3606391938646, 33.7326124320053], 
            [-84.3608701937644, 33.7320924312878], 
            [-84.3609761941739, 33.731852431856], 
            [-84.3611001945186, 33.7315974317285], 
            [-84.3612681942025, 33.7312574312588], 
            [-84.3615511938172, 33.7307314311608], 
            [-84.3617121940807, 33.7304864314953], 
            [-84.3619581946857, 33.7301384315513], 
            [-84.3624371943988, 33.7295464310862], 
            [-84.3628691946359, 33.7290864313425], 
            [-84.3631561944494, 33.7288114311817], 
            [-84.3632461950235, 33.72871743132], 
            [-84.3636391943593, 33.7284284305068], 
            [-84.3638041948143, 33.7282954306341], 
            [-84.3640131946113, 33.7281274309369], 
            [-84.3646261951555, 33.7277024310093], 
            [-84.3647881945738, 33.727602430867], 
            [-84.3652941955577, 33.7273484307718], 
            [-84.3653591949755, 33.7273254306031], 
            [-84.3655841955183, 33.7272214302731], 
            [-84.3657241948168, 33.7271564308538], 
            [-84.3662441955532, 33.7269424308126], 
            [-84.3663631956771, 33.7268994306147], 
            [-84.3667591951599, 33.7267574303165], 
            [-84.3671861960812, 33.7266174301098], 
            [-84.3678331955176, 33.7264274302765], 
            [-84.367923196095, 33.7263944305429], 
            [-84.368226195762, 33.7263144304226], 
            [-84.368425196, 33.7262534302871], 
            [-84.369486196654, 33.7259264303866], 
            [-84.3707591963498, 33.7255264297942], 
            [-84.3713651965811, 33.725326429499], 
            [-84.3721251967613, 33.7250754295334], 
            [-84.3734131971516, 33.7246434292565], 
            [-84.3739561971594, 33.7244824298712], 
            [-84.3744871975126, 33.7243734292983], 
            [-84.3748441978881, 33.7243204295276], 
            [-84.3750521976467, 33.7243014295389], 
            [-84.3751791981432, 33.7242854296923], 
            [-84.3753281978624, 33.7242774293161], 
            [-84.3754241978205, 33.7242774293125], 
            [-84.3757201980662, 33.7242754292089], 
            [-84.37637919807, 33.7242844296015], 
            [-84.3765891979222, 33.7242814294547], 
            [-84.3767681981344, 33.7242784293091], 
            [-84.3779171983933, 33.7242914289695], 
            [-84.3785891989998, 33.7242874296586], 
            [-84.3785581985795, 33.7265304301546], 
            [-84.3785471990154, 33.7274164298341], 
            [-84.3785341993651, 33.7284274299088], 
            [-84.3785271990766, 33.7291124301685], 
            [-84.37851619953, 33.7303294307938], 
            [-84.3785061991289, 33.7315144308359], 
            [-84.3799291995131, 33.7315484305597], 
            [-84.3799081994806, 33.7323504308444], 
            [-84.3798961998641, 33.7331254316765], 
            [-84.3798792000388, 33.7343354310785], 
            [-84.3798622002121, 33.7355194319738], 
            [-84.3798681996562, 33.7367434320234], 
            [-84.3798602002414, 33.7378184323651], 
            [-84.3798491997327, 33.7378514320957], 
            [-84.3798222002794, 33.737871432124], 
            [-84.3809191999238, 33.7378794324539], 
            [-84.3815302003979, 33.7378834326166], 
            [-84.3815342006671, 33.7394584327401], 
            [-84.3815352007418, 33.7399914322526], 
            [-84.3815372008798, 33.740842433008], 
            [-84.3815412002037, 33.7415504325341], 
            [-84.3815392010146, 33.7416324327359], 
            [-84.381541200251, 33.7424414333441], 
            [-84.3813442010035, 33.7424704328963], 
            [-84.3804802004874, 33.7425994335088], 
            [-84.3804782004292, 33.743249433046], 
            [-84.3804772003927, 33.7434364336157], 
            [-84.3804772003941, 33.7434624330217], 
            [-84.3804772004055, 33.7436774330899], 
            [-84.3804772004231, 33.7440104332291], 
            [-84.3804642008048, 33.7456214341217], 
            [-84.3804522003147, 33.7468764338096], 
            [-84.3807172009207, 33.7468794339387], 
            [-84.3806992010134, 33.7474194346755]
          ]
        ]
      }, 
      "properties" : null
    }, 
    {
      "type" : "Feature", 
      "geometry" : 
      {
        "type" : "Polygon", 
        "coordinates" : 
        [
          [
            [-84.3611001945186, 33.7315974317285], 
            [-84.3609761941739, 33.731852431856], 
            [-84.3608701937644, 33.7320924312878], 
            [-84.3606391938646, 33.7326124320053], 
            [-84.3605511942882, 33.7328124322812], 
            [-84.3602641936069, 33.7336834321752], 
            [-84.3598661940904, 33.7349374327305], 
            [-84.3597701941458, 33.7351934320039], 
            [-84.3592791939138, 33.7365014323663], 
            [-84.3589921941267, 33.737274433116], 
            [-84.3589491939373, 33.7374114331695], 
            [-84.358654193787, 33.7383364328676], 
            [-84.3583141933591, 33.7394874331454], 
            [-84.3582741933165, 33.7397694336213], 
            [-84.3582051937119, 33.7397684335775], 
            [-84.3582041936929, 33.7402844332018], 
            [-84.3582011936538, 33.7421704342442], 
            [-84.3582001936479, 33.7429344345663], 
            [-84.3582081940472, 33.7434624338469], 
            [-84.3582261939839, 33.7434764344949], 
            [-84.3582211937595, 33.7436204339719], 
            [-84.3582031938237, 33.7436234341116], 
            [-84.3580051936292, 33.7436284343506], 
            [-84.3573961941516, 33.7437064343895], 
            [-84.3569011936685, 33.743780434239], 
            [-84.3563341934432, 33.7438834345353], 
            [-84.3556861930596, 33.74404543487], 
            [-84.3556541933736, 33.7440524342962], 
            [-84.3550401927673, 33.7441824349459], 
            [-84.3543721932555, 33.7443674345483], 
            [-84.3542161932133, 33.7444104347476], 
            [-84.3539551927976, 33.7444954341987], 
            [-84.3534961921875, 33.7445904350197], 
            [-84.3522611924528, 33.744925434398], 
            [-84.3522001923214, 33.7449484345665], 
            [-84.3513891924697, 33.7451474348229], 
            [-84.3504411916561, 33.7453374346674], 
            [-84.349929191284, 33.7454214349807], 
            [-84.3492221917574, 33.7455374349852], 
            [-84.3492141913753, 33.7453344345739], 
            [-84.3492161914456, 33.7449084346225], 
            [-84.3492171914865, 33.7448064352928], 
            [-84.3492181915129, 33.7444284348674], 
            [-84.3492181915071, 33.7443194352134], 
            [-84.3492181915021, 33.7442244344095], 
            [-84.3492191915366, 33.7440014348698], 
            [-84.3492201915649, 33.7436594343136], 
            [-84.3492201915611, 33.7435884346215], 
            [-84.3492201915538, 33.7434504345233], 
            [-84.3492201915466, 33.7433154345641], 
            [-84.3492211915642, 33.7427724345882], 
            [-84.3492231916209, 33.7420924345604], 
            [-84.3492311910542, 33.7413634340609], 
            [-84.3492451907513, 33.7403624335501], 
            [-84.3492461907935, 33.740281434294], 
            [-84.3492531911134, 33.7401894336287], 
            [-84.3492511910077, 33.7399454340156], 
            [-84.349256191211, 33.7394044341322], 
            [-84.3492571912425, 33.7391234337041], 
            [-84.34925619116, 33.7384424336301], 
            [-84.3492581912307, 33.7380274332891], 
            [-84.3492591912627, 33.7377564333243], 
            [-84.3492601912964, 33.737516432997], 
            [-84.3492621913603, 33.7369714329284], 
            [-84.3492711908765, 33.7369314328736], 
            [-84.3492641914383, 33.7366914334459], 
            [-84.3492691907352, 33.7360164327503], 
            [-84.349273190911, 33.7358314331725], 
            [-84.3492771910846, 33.7356064326407], 
            [-84.3492881906658, 33.7350424325909], 
            [-84.3493061905525, 33.7341124326713], 
            [-84.3493161909584, 33.7330174323022], 
            [-84.3493191910881, 33.7328374320567], 
            [-84.3493261904631, 33.7318854320176], 
            [-84.3493401910174, 33.730086431408], 
            [-84.3493501905293, 33.7290914311752], 
            [-84.3493641901996, 33.7275804313181], 
            [-84.3493801908781, 33.7263754312484], 
            [-84.3494001908508, 33.7253184308409], 
            [-84.3494381907456, 33.7239984308384], 
            [-84.3508651904358, 33.7244014305706], 
            [-84.3521271914598, 33.7247524305978], 
            [-84.3524551913975, 33.7248594301469], 
            [-84.3525901913703, 33.7249244304554], 
            [-84.3527121916399, 33.7250054306063], 
            [-84.3530321912168, 33.7253084302431], 
            [-84.3537961916354, 33.7260514304634], 
            [-84.3538791918928, 33.7261114305421], 
            [-84.3539751918534, 33.7261564308247], 
            [-84.3541011914067, 33.726188430504], 
            [-84.3558571919664, 33.7264334309978], 
            [-84.3561491920287, 33.7264744310879], 
            [-84.3569641929818, 33.726587430897], 
            [-84.3572301927368, 33.7266244308027], 
            [-84.357901193302, 33.7267184306362], 
            [-84.3583941928005, 33.7267874311167], 
            [-84.3595411938737, 33.7269474303931], 
            [-84.3606781935836, 33.7271054304765], 
            [-84.3607511933744, 33.7271154309371], 
            [-84.3611211943587, 33.7271664305882], 
            [-84.3620221939073, 33.7272904309038], 
            [-84.3624571943113, 33.7273534302091], 
            [-84.3632211946964, 33.7274644308268], 
            [-84.3632991947207, 33.7275034308321], 
            [-84.3633561946708, 33.7275624308655], 
            [-84.3638041948143, 33.7282954306341], 
            [-84.3636391943593, 33.7284284305068], 
            [-84.3632461950235, 33.72871743132], 
            [-84.3631561944494, 33.7288114311817], 
            [-84.3628691946359, 33.7290864313425], 
            [-84.3624371943988, 33.7295464310862], 
            [-84.3619581946857, 33.7301384315513], 
            [-84.3617121940807, 33.7304864314953], 
            [-84.3615511938172, 33.7307314311608], 
            [-84.3612681942025, 33.7312574312588], 
            [-84.3611001945186, 33.7315974317285]
          ]
        ]
      }, 
      "properties" : null
    }, 
    {
      "type" : "Feature", 
      "geometry" : 
      {
        "type" : "Polygon", 
        "coordinates" : 
        [
          [
            [-84.3491971916332, 33.7481104354811], 
            [-84.3492011917932, 33.7476274355869], 
            [-84.3492061910821, 33.7468024351365], 
            [-84.3492071911277, 33.7467884353872], 
            [-84.3492081911646, 33.7466094351881], 
            [-84.3492081911622, 33.7465634348556], 
            [-84.3492091911969, 33.746343435455], 
            [-84.349210191235, 33.7461864353758], 
            [-84.3492101912328, 33.7461464353213], 
            [-84.3492101912297, 33.7460864352394], 
            [-84.3492121913034, 33.7457264347485], 
            [-84.3492131913418, 33.7455754349475], 
            [-84.3492221917574, 33.7455374349852], 
            [-84.349929191284, 33.7454214349807], 
            [-84.3504411916561, 33.7453374346674], 
            [-84.3513891924697, 33.7451474348229], 
            [-84.3522001923214, 33.7449484345665], 
            [-84.3522611924528, 33.744925434398], 
            [-84.3534961921875, 33.7445904350197], 
            [-84.3539551927976, 33.7444954341987], 
            [-84.3542161932133, 33.7444104347476], 
            [-84.3543721932555, 33.7443674345483], 
            [-84.3550401927673, 33.7441824349459], 
            [-84.3556541933736, 33.7440524342962], 
            [-84.3556861930596, 33.74404543487], 
            [-84.3563341934432, 33.7438834345353], 
            [-84.3569011936685, 33.743780434239], 
            [-84.3573961941516, 33.7437064343895], 
            [-84.3580051936292, 33.7436284343506], 
            [-84.3582031938237, 33.7436234341116], 
            [-84.3582211937595, 33.7436204339719], 
            [-84.3583861942205, 33.7435984338459], 
            [-84.3588901942223, 33.7435324343668], 
            [-84.3600631946995, 33.743617434664], 
            [-84.3625981954237, 33.7436494342539], 
            [-84.3628901954839, 33.7436504342895], 
            [-84.3643701958139, 33.7436564345126], 
            [-84.3646571956457, 33.7437264341477], 
            [-84.3652551964178, 33.7437674342265], 
            [-84.3666131964852, 33.7438264342116], 
            [-84.3667581960194, 33.7438284342989], 
            [-84.3667341967098, 33.7439324337221], 
            [-84.3667281964495, 33.7442744342785], 
            [-84.3652571956378, 33.7442644338697], 
            [-84.3637981953828, 33.7442544343598], 
            [-84.3637871958028, 33.7448404345296], 
            [-84.3637771953706, 33.7454404344486], 
            [-84.3637661957905, 33.7460244345256], 
            [-84.3637541952679, 33.7466684346846], 
            [-84.3646781958777, 33.7466794342606], 
            [-84.3652241960337, 33.7466864345647], 
            [-84.3657051958714, 33.7466924348248], 
            [-84.3667201962075, 33.7467054344902], 
            [-84.3674281966864, 33.7467144348809], 
            [-84.3681091968112, 33.7467114347167], 
            [-84.3680811973684, 33.7478014348546], 
            [-84.3681051966886, 33.7478984348511], 
            [-84.3681691969653, 33.7479894345681], 
            [-84.3686691968044, 33.7483554353183], 
            [-84.3687941972145, 33.748459434736], 
            [-84.3696041979669, 33.7491614348536], 
            [-84.3697871974741, 33.7493204350185], 
            [-84.3698601972703, 33.7494314347624], 
            [-84.3701391976491, 33.7498574356027], 
            [-84.3708901983898, 33.7510894350959], 
            [-84.3709411980645, 33.751204435026], 
            [-84.3709801980802, 33.7512904354116], 
            [-84.3704951980653, 33.7514404351844], 
            [-84.3698751980825, 33.7516184353601], 
            [-84.3691371971231, 33.7518424358727], 
            [-84.3683661973313, 33.7520844354217], 
            [-84.367252196914, 33.7523764355014], 
            [-84.3670901965992, 33.7525294363005], 
            [-84.3669841970819, 33.7526354358194], 
            [-84.3656181966663, 33.7530084360638], 
            [-84.3638441962062, 33.7534314359418], 
            [-84.3638591960047, 33.7534654366171], 
            [-84.3638731957568, 33.7534974363004], 
            [-84.3626841954542, 33.7537474362357], 
            [-84.3621621955184, 33.7538494364841], 
            [-84.3611891953418, 33.7540104367846], 
            [-84.3601031953188, 33.7541944363562], 
            [-84.3590791945763, 33.7543934366204], 
            [-84.3582991943623, 33.7545504367285], 
            [-84.3578081940673, 33.7546704369103], 
            [-84.3572721943843, 33.7548324363417], 
            [-84.3567231941002, 33.7550354367736], 
            [-84.3561911937073, 33.7552694368425], 
            [-84.3556801942906, 33.7555344365482], 
            [-84.3552091940331, 33.7558184371327], 
            [-84.3547521935276, 33.7561344374006], 
            [-84.3538631936783, 33.7567954374802], 
            [-84.3536621933531, 33.7569624371308], 
            [-84.3531091929014, 33.7575044370808], 
            [-84.3529041932906, 33.7576834372875], 
            [-84.3527911934477, 33.757773437864], 
            [-84.3526291931318, 33.7579044376439], 
            [-84.3522301926188, 33.7582014379286], 
            [-84.3516871926222, 33.7585764373358], 
            [-84.3503211922365, 33.7595124375833], 
            [-84.3499251927591, 33.7597564381105], 
            [-84.3495181918707, 33.7599744383328], 
            [-84.3494441920376, 33.760040437796], 
            [-84.3493481920829, 33.7601074382056], 
            [-84.3492471918958, 33.7601644381522], 
            [-84.3491971922751, 33.7601934385982], 
            [-84.3491871918032, 33.7600474381298], 
            [-84.3491861926519, 33.7599674380208], 
            [-84.3491861926497, 33.7599254378736], 
            [-84.3491851925975, 33.7598164382196], 
            [-84.3491841925489, 33.7597754381189], 
            [-84.3491841925473, 33.7597454376283], 
            [-84.3491841925443, 33.7596884376855], 
            [-84.3491831924936, 33.7596074384294], 
            [-84.3491791922866, 33.7592044377453], 
            [-84.3491731919763, 33.7586054378733], 
            [-84.3491641924556, 33.7585604375874], 
            [-84.3491711918751, 33.7584474377479], 
            [-84.3491671916745, 33.75816643732], 
            [-84.3491611922705, 33.7576964380285], 
            [-84.3491581921172, 33.7574324374888], 
            [-84.3491481916138, 33.7566904372871], 
            [-84.3491491916358, 33.756232437652], 
            [-84.3491581920107, 33.755428437275], 
            [-84.3491671914859, 33.7546164365275], 
            [-84.3491731917312, 33.753992436396], 
            [-84.3491761918572, 33.7537424365047], 
            [-84.3491791919866, 33.7535584369733], 
            [-84.3491881914651, 33.7528104364928], 
            [-84.3491921916303, 33.752424436596], 
            [-84.3491921916284, 33.7523894367731], 
            [-84.3492121915919, 33.7511594364445], 
            [-84.3491961916966, 33.7501774359158], 
            [-84.3491881912826, 33.7493744355858], 
            [-84.3491961915947, 33.7482594351896], 
            [-84.3491971916332, 33.7481104354811]
          ]
        ]
      }, 
      "properties" : null
    }
  ]
}